# This file is brought to you by Roblox Corporation
# Generated by Roblox Studio

mtllib memorandum.mtl

g Part1

v -160.8 0.0811027 -51.9085 
v -160.8 0.0811027 -51.5085 
v -160.8 1.30609e-05 -51.9085 
v -160.8 1.30609e-05 -51.5085 
v -189.4 0.0811027 -51.5085 
v -160.8 0.0811027 -51.5085 
v -189.4 0.0811027 -51.9085 
v -160.8 0.0811027 -51.9085 
v -160.8 0.0811027 -51.5085 
v -189.4 0.0811027 -51.5085 
v -160.8 1.30609e-05 -51.5085 
v -189.4 1.30609e-05 -51.5085 
v -189.4 0.0811027 -51.5085 
v -189.4 0.0811027 -51.9085 
v -189.4 1.30609e-05 -51.5085 
v -189.4 1.30609e-05 -51.9085 
v -189.4 1.30609e-05 -51.9085 
v -160.8 1.30609e-05 -51.9085 
v -189.4 1.30609e-05 -51.5085 
v -160.8 1.30609e-05 -51.5085 
v -189.4 0.0811027 -51.9085 
v -160.8 0.0811027 -51.9085 
v -189.4 1.30609e-05 -51.9085 
v -160.8 1.30609e-05 -51.9085 

vn 1 0 0 
vn 1 0 0 
vn 1 0 0 
vn 1 0 0 
vn 0 1 0 
vn 0 1 0 
vn 0 1 0 
vn 0 1 0 
vn 0 0 1 
vn 0 0 1 
vn 0 0 1 
vn 0 0 1 
vn -1 0 0 
vn -1 0 0 
vn -1 0 0 
vn -1 0 0 
vn 0 -1 0 
vn 0 -1 0 
vn 0 -1 0 
vn 0 -1 0 
vn 0 0 -1 
vn 0 0 -1 
vn 0 0 -1 
vn 0 0 -1 

vt 1.31187 0.903723 
vt 1.26187 0.903723 
vt 1.31187 0.893587 
vt 1.26187 0.893587 
vt 4.83686 0.903723 
vt 1.26187 0.903723 
vt 4.83686 0.853724 
vt 1.26187 0.853724 
vt 4.83686 0.903723 
vt 1.26187 0.903723 
vt 4.83686 0.893587 
vt 1.26187 0.893587 
vt 1.31187 0.903723 
vt 1.26187 0.903723 
vt 1.31187 0.893587 
vt 1.26187 0.893587 
vt 4.83686 0.903723 
vt 1.26187 0.903723 
vt 4.83686 0.853724 
vt 1.26187 0.853724 
vt 4.83686 0.903723 
vt 1.26187 0.903723 
vt 4.83686 0.893587 
vt 1.26187 0.893587 

usemtl Part1Mtl

f 1/1/1 2/2/2 3/3/3 
f 3/3/3 2/2/2 4/4/4 
f 5/5/5 6/6/6 7/7/7 
f 7/7/7 6/6/6 8/8/8 
f 9/9/9 10/10/10 11/11/11 
f 11/11/11 10/10/10 12/12/12 
f 13/13/13 14/14/14 15/15/15 
f 15/15/15 14/14/14 16/16/16 
f 17/17/17 18/18/18 19/19/19 
f 19/19/19 18/18/18 20/20/20 
f 21/21/21 22/22/22 23/23/23 
f 23/23/23 22/22/22 24/24/24 

g Part2

v -160.8 0.0811027 -77.3084 
v -160.4 0.0811027 -77.3084 
v -160.8 1.30609e-05 -77.3084 
v -160.4 1.30609e-05 -77.3084 
v -160.4 0.0811027 -51.5085 
v -160.4 0.0811027 -77.3084 
v -160.8 0.0811027 -51.5085 
v -160.8 0.0811027 -77.3084 
v -160.4 0.0811027 -77.3084 
v -160.4 0.0811027 -51.5085 
v -160.4 1.30609e-05 -77.3084 
v -160.4 1.30609e-05 -51.5085 
v -160.4 0.0811027 -51.5085 
v -160.8 0.0811027 -51.5085 
v -160.4 1.30609e-05 -51.5085 
v -160.8 1.30609e-05 -51.5085 
v -160.8 1.30609e-05 -51.5085 
v -160.8 1.30609e-05 -77.3084 
v -160.4 1.30609e-05 -51.5085 
v -160.4 1.30609e-05 -77.3084 
v -160.8 0.0811027 -51.5085 
v -160.8 0.0811027 -77.3084 
v -160.8 1.30609e-05 -51.5085 
v -160.8 1.30609e-05 -77.3084 

vn 0 0 -1 
vn 0 0 -1 
vn 0 0 -1 
vn 0 0 -1 
vn 0 1 0 
vn 0 1 0 
vn 0 1 0 
vn 0 1 0 
vn 1 0 0 
vn 1 0 0 
vn 1 0 0 
vn 1 0 0 
vn 0 0 1 
vn 0 0 1 
vn 0 0 1 
vn 0 0 1 
vn 0 -1 0 
vn 0 -1 0 
vn 0 -1 0 
vn 0 -1 0 
vn -1 0 0 
vn -1 0 0 
vn -1 0 0 
vn -1 0 0 

vt 1.68297 0.0391189 
vt 1.63297 0.0391189 
vt 1.68297 0.0289828 
vt 1.63297 0.0289828 
vt 4.85797 0.0391189 
vt 1.63297 0.0391189 
vt 4.85797 -0.0108809 
vt 1.63297 -0.0108809 
vt 4.85797 0.0391189 
vt 1.63297 0.0391189 
vt 4.85797 0.0289828 
vt 1.63297 0.0289828 
vt 1.68297 0.0391189 
vt 1.63297 0.0391189 
vt 1.68297 0.0289828 
vt 1.63297 0.0289828 
vt 4.85797 0.0391189 
vt 1.63297 0.0391189 
vt 4.85797 -0.0108809 
vt 1.63297 -0.0108809 
vt 4.85797 0.0391189 
vt 1.63297 0.0391189 
vt 4.85797 0.0289828 
vt 1.63297 0.0289828 

usemtl Part1Mtl

f 25/25/25 26/26/26 27/27/27 
f 27/27/27 26/26/26 28/28/28 
f 29/29/29 30/30/30 31/31/31 
f 31/31/31 30/30/30 32/32/32 
f 33/33/33 34/34/34 35/35/35 
f 35/35/35 34/34/34 36/36/36 
f 37/37/37 38/38/38 39/39/39 
f 39/39/39 38/38/38 40/40/40 
f 41/41/41 42/42/42 43/43/43 
f 43/43/43 42/42/42 44/44/44 
f 45/45/45 46/46/46 47/47/47 
f 47/47/47 46/46/46 48/48/48 

g Typewriterfix1

v -173.913 4.12711 -63.5591 
v -173.764 3.96983 -63.7071 
v -173.764 4.1764 -63.7071 
v -173.913 3.96983 -63.5591 
v -173.779 4.26449 -65.4881 
v -173.743 4.18282 -65.4151 
v -173.779 4.15554 -65.4421 
v -173.743 4.26449 -65.4491 
v -173.779 4.26449 -65.4881 
v -173.743 4.34615 -65.4151 
v -173.743 4.26449 -65.4491 
v -173.779 4.37344 -65.4421 
v -173.818 3.95173 -65.3791 
v -173.947 4.47327 -65.5081 
v -173.818 4.47327 -65.3791 
v -173.947 3.95173 -65.5081 
v -176.304 4.12711 -63.5591 
v -176.453 3.96983 -63.7071 
v -176.304 3.96983 -63.5591 
v -176.453 4.1764 -63.7071 
v -173.844 4.18904 -65.3901 
v -173.921 4.44862 -65.4671 
v -173.844 4.44862 -65.3901 
v -173.921 4.18904 -65.4671 
v -176.474 4.18282 -65.4151 
v -176.438 4.26449 -65.4881 
v -176.438 4.15554 -65.4421 
v -176.474 4.26449 -65.4491 
v -176.438 4.26449 -65.4881 
v -176.474 4.34615 -65.4151 
v -176.438 4.37344 -65.4421 
v -176.474 4.26449 -65.4491 
v -173.743 4.37998 -65.3341 
v -173.743 4.26449 -65.2181 
v -173.743 4.149 -65.3341 
v -173.743 4.34616 -65.2521 
v -173.743 4.18282 -65.2521 
v -173.743 4.34615 -65.4151 
v -173.743 4.26449 -65.4491 
v -173.743 4.18282 -65.4151 
v -173.764 3.96983 -64.6711 
v -173.764 4.1764 -63.7071 
v -173.764 3.96983 -63.7071 
v -173.764 4.49539 -64.6711 
v -173.764 3.96983 -64.8301 
v -173.764 4.49542 -64.8301 
v -176.271 3.95173 -65.5081 
v -176.4 4.47327 -65.3791 
v -176.271 4.47327 -65.5081 
v -176.4 3.95173 -65.3791 
v -173.782 3.95178 -63.7151 
v -173.764 3.96983 -63.7071 
v -173.913 3.96983 -63.5591 
v -173.782 3.95178 -63.7151 
v -173.913 3.96983 -63.5591 
v -173.921 3.95178 -63.5771 
v -176.296 4.18904 -65.4671 
v -176.373 4.44862 -65.3901 
v -176.296 4.44862 -65.4671 
v -176.373 4.18904 -65.3901 
v -173.818 4.47327 -65.1861 
v -173.818 3.95173 -64.7751 
v -173.818 3.95173 -65.1861 
v -173.818 4.47327 -64.7751 
v -173.818 4.47327 -65.3791 
v -173.818 3.95173 -65.3791 
v -173.868 4.31912 -64.2291 
v -173.906 4.28929 -64.1081 
v -173.868 4.28929 -64.2291 
v -173.906 4.31912 -64.1081 
v -176.297 3.95178 -63.5771 
v -176.304 3.96983 -63.5591 
v -176.453 3.96983 -63.7071 
v -173.779 4.1104 -65.3341 
v -173.743 4.18282 -65.4151 
v -173.743 4.149 -65.3341 
v -173.779 4.15554 -65.4421 
v -176.297 3.95178 -63.5771 
v -176.453 3.96983 -63.7071 
v -176.435 3.95178 -63.7151 
v -173.844 4.44862 -65.3901 
v -173.844 4.18904 -64.9561 
v -173.844 4.18904 -65.3901 
v -173.844 4.44862 -64.9561 
v -173.942 4.28929 -64.1601 
v -173.927 4.05829 -64.2091 
v -173.927 4.28929 -64.2091 
v -173.942 4.05829 -64.1601 
v -174.007 4.53677 -65.1131 
v -173.962 4.48548 -65.0231 
v -174.002 4.48548 -65.1181 
v -173.969 4.53677 -65.0231 
v -174.01 4.2458 -64.0091 
v -174.049 4.21597 -63.8881 
v -174.01 4.21597 -64.0091 
v -174.049 4.2458 -63.8881 
v -173.89 4.55996 -65.3021 
v -173.89 4.52975 -65.2711 
v -173.89 4.52975 -65.3021 
v -173.89 4.55996 -65.2711 
v -176.474 4.26449 -65.2181 
v -176.474 4.37998 -65.3341 
v -176.474 4.26449 -65.4491 
v -176.474 4.34615 -65.4151 
v -176.474 4.34615 -65.2521 
v -176.474 4.149 -65.3341 
v -176.474 4.18282 -65.2521 
v -176.474 4.18282 -65.4151 
v -173.782 3.95178 -64.8301 
v -173.764 3.96983 -64.6711 
v -173.782 3.95178 -64.6711 
v -173.764 3.96983 -64.8301 
v -173.782 3.95178 -63.7151 
v -173.764 3.96983 -63.7071 
v -176.453 4.1764 -63.7071 
v -176.453 3.96983 -64.6711 
v -176.453 3.96983 -63.7071 
v -176.453 4.49539 -64.6711 
v -176.453 3.96983 -64.8301 
v -176.453 4.49542 -64.8301 
v -173.919 4.3948 -65.2241 
v -173.919 4.58399 -65.2801 
v -173.919 4.42202 -65.1801 
v -173.919 4.55677 -65.3241 
v -176.438 4.1104 -65.3341 
v -176.474 4.18282 -65.4151 
v -176.438 4.15554 -65.4421 
v -176.474 4.149 -65.3341 
v -174.085 4.21597 -63.9401 
v -174.069 3.98497 -63.9891 
v -174.069 4.21597 -63.9891 
v -174.085 3.98497 -63.9401 
v -173.779 4.41857 -65.3341 
v -173.743 4.34615 -65.4151 
v -173.779 4.37344 -65.4421 
v -173.743 4.37998 -65.3341 
v -173.868 4.46574 -64.6691 
v -173.906 4.43591 -64.5481 
v -173.868 4.43591 -64.6691 
v -173.906 4.46574 -64.5481 
v -176.311 4.31912 -64.1081 
v -176.35 4.28929 -64.2291 
v -176.311 4.28929 -64.1081 
v -176.35 4.31912 -64.2291 
v -173.961 4.16115 -63.8011 
v -173.961 3.97406 -63.7131 
v -173.961 3.97406 -63.8011 
v -173.961 4.16115 -63.7131 
v -176.4 4.47327 -65.1861 
v -176.4 3.95173 -65.3791 
v -176.4 3.95173 -65.1861 
v -176.4 4.47327 -65.3791 
v -176.4 4.47327 -64.7751 
v -176.4 3.95173 -64.7751 
v -176.373 4.44862 -64.9561 
v -176.373 4.18904 -65.3901 
v -176.373 4.18904 -64.9561 
v -176.373 4.44862 -65.3901 
v -173.942 4.43591 -64.5991 
v -173.927 4.20492 -64.6491 
v -173.927 4.43591 -64.6491 
v -173.942 4.20492 -64.5991 
v -176.291 4.28929 -64.2091 
v -176.275 4.05829 -64.1601 
v -176.275 4.28929 -64.1601 
v -176.291 4.05829 -64.2091 
v -176.435 3.95178 -64.6711 
v -176.453 3.96983 -64.8301 
v -176.435 3.95178 -64.8301 
v -176.453 3.96983 -64.6711 
v -176.435 3.95178 -63.7151 
v -176.453 3.96983 -63.7071 
v -176.352 4.7463 -65.3721 
v -176.352 4.67791 -65.4411 
v -176.352 4.67791 -65.3721 
v -176.352 4.7463 -65.4411 
v -176.215 4.48548 -65.1181 
v -176.248 4.53677 -65.0231 
v -176.21 4.53677 -65.1131 
v -176.255 4.48548 -65.0231 
v -173.84 4.49524 -65.3701 
v -173.947 4.47327 -65.5081 
v -173.956 4.49524 -65.4861 
v -173.84 4.49524 -65.3701 
v -173.818 4.47327 -65.3791 
v -173.947 4.47327 -65.5081 
v -174.01 4.39243 -64.4491 
v -174.049 4.3626 -64.3281 
v -174.01 4.3626 -64.4491 
v -174.049 4.39243 -64.3281 
v -176.342 4.67791 -65.4301 
v -176.342 4.60088 -65.4061 
v -176.342 4.67791 -65.3821 
v -176.342 4.60088 -65.4541 
v -176.342 4.5775 -65.4061 
v -176.342 4.5775 -65.4541 
v -176.337 4.73394 -65.3721 
v -176.337 4.78796 -64.8211 
v -176.337 4.84975 -64.8251 
v -176.337 4.69027 -65.3721 
v -176.337 4.79057 -64.7811 
v -176.337 4.86887 -64.7861 
v -176.337 4.79317 -64.7411 
v -176.337 4.8774 -64.7461 
v -176.337 4.87408 -64.7061 
v -176.337 4.79577 -64.7001 
v -176.337 4.86017 -64.6641 
v -176.337 4.79838 -64.6601 
v -176.337 4.84128 -64.6391 
v -176.337 4.79977 -64.6361 
v -176.169 4.2458 -63.8881 
v -176.207 4.21597 -64.0091 
v -176.169 4.21597 -63.8881 
v -176.207 4.2458 -64.0091 
v -176.328 4.55996 -65.2711 
v -176.328 4.52975 -65.3021 
v -176.328 4.52975 -65.2711 
v -176.328 4.55996 -65.3021 
v -176.474 4.34615 -65.4151 
v -176.438 4.41857 -65.3341 
v -176.438 4.37344 -65.4421 
v -176.474 4.37998 -65.3341 
v -173.788 4.52012 -64.8061 
v -173.764 4.49539 -64.6711 
v -173.764 4.49542 -64.8301 
v -173.788 4.52012 -64.6711 
v -176.298 4.3948 -65.2241 
v -176.298 4.58399 -65.2801 
v -176.298 4.55677 -65.3241 
v -176.298 4.42202 -65.1801 
v -174.085 4.3626 -64.3801 
v -174.069 4.1316 -64.4291 
v -174.069 4.3626 -64.4291 
v -174.085 4.1316 -64.3801 
v -176.148 4.21597 -63.9891 
v -176.132 3.98497 -63.9401 
v -176.132 4.21597 -63.9401 
v -176.148 3.98497 -63.9891 
v -173.924 4.15948 -63.5821 
v -173.764 4.1764 -63.7071 
v -173.788 4.2042 -63.7171 
v -173.913 4.12711 -63.5591 
v -174.153 4.31912 -64.2291 
v -174.191 4.28929 -64.1081 
v -174.153 4.28929 -64.2291 
v -174.191 4.31912 -64.1081 
v -176.378 4.49524 -65.3701 
v -176.271 4.47327 -65.5081 
v -176.4 4.47327 -65.3791 
v -176.311 4.46574 -64.5481 
v -176.35 4.43591 -64.6691 
v -176.311 4.43591 -64.5481 
v -176.35 4.46574 -64.6691 
v -176.256 4.16115 -63.7131 
v -176.256 3.97406 -63.8011 
v -176.256 3.97406 -63.7131 
v -176.256 4.16115 -63.8011 
v -176.378 4.49524 -65.3701 
v -176.261 4.49524 -65.4861 
v -176.271 4.47327 -65.5081 
v -173.764 4.49539 -64.6711 
v -173.788 4.2042 -63.7171 
v -173.764 4.1764 -63.7071 
v -173.788 4.52012 -64.6711 
v -173.818 4.47327 -65.1861 
v -173.84 4.49524 -64.7751 
v -173.818 4.47327 -64.7751 
v -173.84 4.49524 -65.1861 
v -173.84 4.49524 -65.3701 
v -173.818 4.47327 -65.3791 
v -176.23 4.5637 -65.4541 
v -176.23 4.45065 -65.4571 
v -176.23 4.5637 -65.4061 
v -176.23 4.45065 -65.5041 
v -174.228 4.28929 -64.1601 
v -174.212 4.05829 -64.2091 
v -174.212 4.28929 -64.2091 
v -174.228 4.05829 -64.1601 
v -174.282 3.97406 -63.6681 
v -173.961 4.16115 -63.7131 
v -174.282 4.16115 -63.6681 
v -173.961 3.97406 -63.7131 
v -176.294 4.15948 -63.5821 
v -176.453 4.1764 -63.7071 
v -176.304 4.12711 -63.5591 
v -176.429 4.2042 -63.7171 
v -176.291 4.43591 -64.6491 
v -176.275 4.20492 -64.5991 
v -176.275 4.43591 -64.5991 
v -176.291 4.20492 -64.6491 
v -173.913 4.12711 -63.5591 
v -176.304 3.96983 -63.5591 
v -173.913 3.96983 -63.5591 
v -176.304 4.12711 -63.5591 
v -174.295 4.2458 -64.0091 
v -174.334 4.21597 -63.8881 
v -174.295 4.21597 -64.0091 
v -174.334 4.2458 -63.8881 
v -176.169 4.39243 -64.3281 
v -176.207 4.3626 -64.4491 
v -176.169 4.3626 -64.3281 
v -176.207 4.39243 -64.4491 
v -175.935 4.16115 -63.6681 
v -176.256 3.97406 -63.7131 
v -175.935 3.97406 -63.6681 
v -176.256 4.16115 -63.7131 
v -176.429 4.52012 -64.8061 
v -176.453 4.49539 -64.6711 
v -176.429 4.52012 -64.6711 
v -176.453 4.49542 -64.8301 
v -173.921 3.95178 -63.5771 
v -176.304 3.96983 -63.5591 
v -176.297 3.95178 -63.5771 
v -173.913 3.96983 -63.5591 
v -174.007 4.53677 -65.1131 
v -174.025 4.55767 -65.0951 
v -173.995 4.55767 -65.0231 
v -174.007 4.53677 -65.1131 
v -173.995 4.55767 -65.0231 
v -173.969 4.53677 -65.0231 
v -174.37 4.21597 -63.9401 
v -174.354 3.98497 -63.9891 
v -174.354 4.21597 -63.9891 
v -174.37 3.98497 -63.9401 
v -176.148 4.3626 -64.4291 
v -176.132 4.1316 -64.3801 
v -176.132 4.3626 -64.3801 
v -176.148 4.1316 -64.4291 
v -173.969 4.53677 -65.0231 
v -174.002 4.48548 -64.9281 
v -173.962 4.48548 -65.0231 
v -174.007 4.53677 -64.9331 
v -176.429 4.2042 -63.7171 
v -176.453 4.49539 -64.6711 
v -176.453 4.1764 -63.7071 
v -176.429 4.52012 -64.6711 
v -174.153 4.46574 -64.6691 
v -174.191 4.43591 -64.5481 
v -174.153 4.43591 -64.6691 
v -174.191 4.46574 -64.5481 
v -176.026 4.31912 -64.1081 
v -176.064 4.28929 -64.2291 
v -176.026 4.28929 -64.1081 
v -176.064 4.31912 -64.2291 
v -174.097 4.48548 -65.1581 
v -174.007 4.53677 -65.1131 
v -174.002 4.48548 -65.1181 
v -174.097 4.53677 -65.1501 
v -173.779 4.15554 -65.2251 
v -173.743 4.149 -65.3341 
v -173.743 4.18282 -65.2521 
v -173.779 4.1104 -65.3341 
v -176.378 4.49524 -65.1861 
v -176.4 4.47327 -64.7751 
v -176.378 4.49524 -64.7751 
v -176.4 4.47327 -65.1861 
v -176.378 4.49524 -65.3701 
v -176.4 4.47327 -65.3791 
v -174.282 4.16115 -63.6681 
v -175.935 3.97406 -63.6681 
v -174.282 3.97406 -63.6681 
v -175.935 4.16115 -63.6681 
v -176.271 4.47327 -65.5081 
v -173.947 3.95173 -65.5081 
v -176.271 3.95173 -65.5081 
v -173.947 4.47327 -65.5081 
v -174.228 4.43591 -64.5991 
v -174.212 4.20492 -64.6491 
v -174.212 4.43591 -64.6491 
v -174.228 4.20492 -64.5991 
v -176.005 4.28929 -64.2091 
v -175.99 4.05829 -64.1601 
v -175.99 4.28929 -64.1601 
v -176.005 4.05829 -64.2091 
v -176.222 4.55767 -65.0231 
v -176.192 4.55767 -65.0951 
v -176.21 4.53677 -65.1131 
v -176.315 4.67791 -65.4301 
v -176.342 4.60088 -65.4541 
v -176.342 4.67791 -65.4301 
v -176.315 4.60088 -65.4541 
v -176.222 4.55767 -65.0231 
v -176.21 4.53677 -65.1131 
v -176.248 4.53677 -65.0231 
v -176.12 4.48548 -65.1581 
v -176.21 4.53677 -65.1131 
v -176.12 4.53677 -65.1501 
v -176.215 4.48548 -65.1181 
v -174.295 4.39243 -64.4491 
v -174.334 4.3626 -64.3281 
v -174.295 4.3626 -64.4491 
v -174.334 4.39243 -64.3281 
v -175.884 4.2458 -63.8881 
v -175.922 4.21597 -64.0091 
v -175.884 4.21597 -63.8881 
v -175.922 4.2458 -64.0091 
v -176.296 4.44862 -65.4671 
v -173.921 4.18904 -65.4671 
v -176.296 4.18904 -65.4671 
v -173.921 4.44862 -65.4671 
v -176.207 4.5637 -65.4541 
v -176.23 4.45065 -65.5041 
v -176.23 4.5637 -65.4541 
v -176.207 4.45065 -65.5041 
v -176.315 4.60088 -65.4541 
v -176.342 4.5775 -65.4541 
v -176.342 4.60088 -65.4541 
v -176.315 4.5775 -65.4541 
v -176.23 4.58708 -65.4541 
v -176.23 4.5637 -65.4541 
v -176.207 4.5637 -65.4541 
v -176.207 4.58708 -65.4541 
v -173.779 4.26449 -65.4881 
v -173.993 4.15554 -65.4421 
v -173.993 4.26449 -65.4881 
v -173.779 4.15554 -65.4421 
v -176.224 4.15554 -65.4421 
v -176.438 4.26449 -65.4881 
v -176.224 4.26449 -65.4881 
v -176.438 4.15554 -65.4421 
v -173.968 4.46574 -64.7441 
v -173.868 4.43591 -64.6691 
v -173.968 4.43591 -64.7441 
v -173.868 4.46574 -64.6691 
v -176.352 4.7463 -65.4411 
v -176.305 4.67791 -65.4411 
v -176.352 4.67791 -65.4411 
v -176.305 4.7463 -65.4411 
v -176.438 4.15554 -65.2251 
v -176.474 4.149 -65.3341 
v -176.438 4.1104 -65.3341 
v -176.474 4.18282 -65.2521 
v -174.37 4.3626 -64.3801 
v -174.354 4.1316 -64.4291 
v -174.354 4.3626 -64.4291 
v -174.37 4.1316 -64.3801 
v -175.863 4.21597 -63.9891 
v -175.847 3.98497 -63.9401 
v -175.847 4.21597 -63.9401 
v -175.863 3.98497 -63.9891 
v -176.215 4.48548 -64.9281 
v -176.248 4.53677 -65.0231 
v -176.255 4.48548 -65.0231 
v -176.21 4.53677 -64.9331 
v -173.779 4.37344 -65.2251 
v -173.743 4.37998 -65.3341 
v -173.779 4.41857 -65.3341 
v -173.743 4.34616 -65.2521 
v -174.438 4.31912 -64.2291 
v -174.476 4.28929 -64.1081 
v -174.438 4.28929 -64.2291 
v -174.476 4.31912 -64.1081 
v -176.026 4.46574 -64.5481 
v -176.064 4.43591 -64.6691 
v -176.026 4.43591 -64.5481 
v -176.064 4.46574 -64.6691 
v -173.927 4.43591 -64.6491 
v -173.968 4.20492 -64.6801 
v -173.968 4.43591 -64.6801 
v -173.927 4.20492 -64.6491 
v -174.729 4.50792 -65.2361 
v -174.75 4.47615 -65.2551 
v -174.762 4.48361 -65.2621 
v -174.729 4.50792 -65.2361 
v -174.717 4.50039 -65.2281 
v -174.75 4.47615 -65.2551 
v -173.993 4.37344 -65.4421 
v -173.779 4.26449 -65.4881 
v -173.993 4.26449 -65.4881 
v -173.779 4.37344 -65.4421 
v -176.224 4.26449 -65.4881 
v -176.438 4.37344 -65.4421 
v -176.224 4.37344 -65.4421 
v -176.438 4.26449 -65.4881 
v -176.005 4.43591 -64.6491 
v -175.99 4.20492 -64.5991 
v -175.99 4.43591 -64.5991 
v -176.005 4.20492 -64.6491 
v -174.513 4.28929 -64.1601 
v -174.497 4.05829 -64.2091 
v -174.497 4.28929 -64.2091 
v -174.513 4.05829 -64.1601 
v -174.007 4.53677 -64.9331 
v -173.995 4.55767 -65.0231 
v -174.025 4.55767 -64.9511 
v -174.717 4.50039 -65.2281 
v -174.729 4.50792 -65.2361 
v -174.656 4.50753 -65.1561 
v -174.007 4.53677 -64.9331 
v -173.969 4.53677 -65.0231 
v -173.995 4.55767 -65.0231 
v -174.097 4.53677 -65.1501 
v -174.097 4.55767 -65.1251 
v -174.025 4.55767 -65.0951 
v -176.35 4.46574 -64.6691 
v -176.249 4.43591 -64.7441 
v -176.35 4.43591 -64.6691 
v -176.249 4.46574 -64.7441 
v -174.097 4.53677 -65.1501 
v -174.025 4.55767 -65.0951 
v -174.007 4.53677 -65.1131 
v -174.717 4.50039 -65.2281 
v -174.656 4.50753 -65.1561 
v -174.651 4.50046 -65.1561 
v -175.884 4.39243 -64.3281 
v -175.922 4.3626 -64.4491 
v -175.884 4.3626 -64.3281 
v -175.922 4.39243 -64.4491 
v -174.581 4.2458 -64.0091 
v -174.619 4.21597 -63.8881 
v -174.581 4.21597 -64.0091 
v -174.619 4.2458 -63.8881 
v -173.956 4.49524 -65.4861 
v -176.271 4.47327 -65.5081 
v -176.261 4.49524 -65.4861 
v -173.947 4.47327 -65.5081 
v -176.474 4.37998 -65.3341 
v -176.438 4.37344 -65.2251 
v -176.438 4.41857 -65.3341 
v -176.474 4.37998 -65.3341 
v -176.474 4.34615 -65.2521 
v -176.438 4.37344 -65.2251 
v -176.192 4.55767 -65.0951 
v -176.12 4.55767 -65.1251 
v -176.12 4.53677 -65.1501 
v -175.467 4.47615 -65.2551 
v -175.488 4.50792 -65.2361 
v -175.455 4.48361 -65.2621 
v -176.192 4.55767 -65.0951 
v -176.12 4.53677 -65.1501 
v -176.21 4.53677 -65.1131 
v -174.75 4.47615 -65.2551 
v -174.717 4.50039 -65.2281 
v -174.651 4.50046 -65.1561 
v -175.467 4.47615 -65.2551 
v -175.5 4.50039 -65.2281 
v -175.488 4.50792 -65.2361 
v -176.328 4.55996 -65.3021 
v -173.89 4.52975 -65.3021 
v -176.328 4.52975 -65.3021 
v -173.89 4.55996 -65.3021 
v -176.294 4.15948 -63.5821 
v -173.913 4.12711 -63.5591 
v -173.924 4.15948 -63.5821 
v -176.304 4.12711 -63.5591 
v -176.249 4.43591 -64.6801 
v -176.291 4.20492 -64.6491 
v -176.291 4.43591 -64.6491 
v -176.249 4.20492 -64.6801 
v -174.904 4.2458 -63.8881 
v -175.028 4.21597 -63.8881 
v -174.904 4.21597 -63.8881 
v -175.028 4.2458 -63.8881 
v -174.619 4.2458 -63.8881 
v -174.743 4.21597 -63.8881 
v -174.619 4.21597 -63.8881 
v -174.743 4.2458 -63.8881 
v -174.334 4.2458 -63.8881 
v -174.458 4.21597 -63.8881 
v -174.334 4.21597 -63.8881 
v -174.458 4.2458 -63.8881 
v -174.049 4.2458 -63.8881 
v -174.172 4.21597 -63.8881 
v -174.049 4.21597 -63.8881 
v -174.172 4.2458 -63.8881 
v -175.189 4.2458 -63.8881 
v -175.313 4.21597 -63.8881 
v -175.189 4.21597 -63.8881 
v -175.313 4.2458 -63.8881 
v -175.474 4.2458 -63.8881 
v -175.598 4.21597 -63.8881 
v -175.474 4.21597 -63.8881 
v -175.598 4.2458 -63.8881 
v -175.76 4.2458 -63.8881 
v -175.884 4.21597 -63.8881 
v -175.76 4.21597 -63.8881 
v -175.884 4.2458 -63.8881 
v -176.045 4.2458 -63.8881 
v -176.169 4.21597 -63.8881 
v -176.045 4.21597 -63.8881 
v -176.169 4.2458 -63.8881 
v -175.863 4.3626 -64.4291 
v -175.847 4.1316 -64.3801 
v -175.847 4.3626 -64.3801 
v -175.863 4.1316 -64.4291 
v -174.655 4.21597 -63.9401 
v -174.64 3.98497 -63.9891 
v -174.64 4.21597 -63.9891 
v -174.655 3.98497 -63.9401 
v -175.026 4.21409 -65.2561 
v -174.762 4.48361 -65.2621 
v -174.75 4.47615 -65.2551 
v -174.438 4.46574 -64.6691 
v -174.476 4.43591 -64.5481 
v -174.438 4.43591 -64.6691 
v -174.476 4.46574 -64.5481 
v -175.026 4.21409 -65.2561 
v -175.038 4.22164 -65.2641 
v -174.762 4.48361 -65.2621 
v -174.796 4.48424 -65.2631 
v -174.762 4.48361 -65.2621 
v -175.038 4.22164 -65.2641 
v -174.253 4.46574 -64.7441 
v -174.153 4.43591 -64.6691 
v -174.253 4.43591 -64.7441 
v -174.153 4.46574 -64.6691 
v -175.741 4.31912 -64.1081 
v -175.779 4.28929 -64.2291 
v -175.741 4.28929 -64.1081 
v -175.779 4.31912 -64.2291 
v -176.21 4.53677 -64.9331 
v -176.192 4.55767 -64.9511 
v -176.222 4.55767 -65.0231 
v -175.421 4.48424 -65.2631 
v -175.179 4.22164 -65.2641 
v -175.455 4.48361 -65.2621 
v -175.057 4.24874 -65.2641 
v -175.179 4.22164 -65.2641 
v -175.16 4.24874 -65.2641 
v -175.038 4.22164 -65.2641 
v -174.796 4.48424 -65.2631 
v -175.038 4.22164 -65.2641 
v -175.057 4.24874 -65.2641 
v -175.421 4.48424 -65.2631 
v -175.16 4.24874 -65.2641 
v -175.179 4.22164 -65.2641 
v -176.21 4.53677 -64.9331 
v -176.222 4.55767 -65.0231 
v -176.248 4.53677 -65.0231 
v -175.5 4.50039 -65.2281 
v -175.561 4.50753 -65.1561 
v -175.488 4.50792 -65.2361 
v -173.882 4.23671 -65.2511 
v -175.011 4.23671 -65.2511 
v -174.945 4.30234 -65.2511 
v -174.774 4.47366 -65.2511 
v -173.882 4.47368 -65.2511 
v -175.295 4.33664 -65.2511 
v -175.241 4.27667 -65.2511 
v -176.335 4.23671 -65.2511 
v -175.205 4.23671 -65.2511 
v -175.342 4.38088 -65.2511 
v -175.442 4.47472 -65.2511 
v -176.335 4.47438 -65.2511 
v -175.5 4.50039 -65.2281 
v -175.566 4.50046 -65.1561 
v -175.561 4.50753 -65.1561 
v -174.992 4.21597 -63.9401 
v -174.941 3.98497 -63.9401 
v -174.941 4.21597 -63.9401 
v -174.992 3.98497 -63.9401 
v -174.655 4.21597 -63.9401 
v -174.706 3.98497 -63.9401 
v -174.655 3.98497 -63.9401 
v -174.706 4.21597 -63.9401 
v -174.37 4.21597 -63.9401 
v -174.421 3.98497 -63.9401 
v -174.37 3.98497 -63.9401 
v -174.421 4.21597 -63.9401 
v -174.085 4.21597 -63.9401 
v -174.136 3.98497 -63.9401 
v -174.085 3.98497 -63.9401 
v -174.136 4.21597 -63.9401 
v -175.226 4.21597 -63.9401 
v -175.277 3.98497 -63.9401 
v -175.226 3.98497 -63.9401 
v -175.277 4.21597 -63.9401 
v -175.511 4.21597 -63.9401 
v -175.562 3.98497 -63.9401 
v -175.511 3.98497 -63.9401 
v -175.562 4.21597 -63.9401 
v -175.847 4.21597 -63.9401 
v -175.796 3.98497 -63.9401 
v -175.796 4.21597 -63.9401 
v -175.847 3.98497 -63.9401 
v -176.132 4.21597 -63.9401 
v -176.081 3.98497 -63.9401 
v -176.081 4.21597 -63.9401 
v -176.132 3.98497 -63.9401 
v -175.455 4.48361 -65.2621 
v -175.191 4.21409 -65.2561 
v -175.467 4.47615 -65.2551 
v -174.513 4.43591 -64.5991 
v -174.497 4.20492 -64.6491 
v -174.497 4.43591 -64.6491 
v -174.513 4.20492 -64.5991 
v -174.212 4.43591 -64.6491 
v -174.253 4.20492 -64.6801 
v -174.253 4.43591 -64.6801 
v -174.212 4.20492 -64.6491 
v -175.455 4.48361 -65.2621 
v -175.179 4.22164 -65.2641 
v -175.191 4.21409 -65.2561 
v -175.72 4.28929 -64.2091 
v -175.704 4.05829 -64.1601 
v -175.704 4.28929 -64.1601 
v -175.72 4.05829 -64.2091 
v -173.779 4.26449 -65.1791 
v -173.743 4.18282 -65.2521 
v -173.743 4.26449 -65.2181 
v -173.779 4.15554 -65.2251 
v -174.581 4.39243 -64.4491 
v -174.619 4.3626 -64.3281 
v -174.581 4.3626 -64.4491 
v -174.619 4.39243 -64.3281 
v -175.598 4.2458 -63.8881 
v -175.637 4.21597 -64.0091 
v -175.598 4.21597 -63.8881 
v -175.637 4.2458 -64.0091 
v -175.566 4.50046 -65.1561 
v -175.5 4.50039 -65.2281 
v -175.467 4.47615 -65.2551 
v -175.399 4.47672 -65.2591 
v -175.154 4.25559 -65.2601 
v -175.16 4.24874 -65.2641 
v -176.064 4.46574 -64.6691 
v -175.964 4.43591 -64.7441 
v -176.064 4.43591 -64.6691 
v -175.964 4.46574 -64.7441 
v -174.11 4.39243 -64.5241 
v -174.01 4.3626 -64.4491 
v -174.11 4.3626 -64.5241 
v -174.01 4.39243 -64.4491 
v -175.399 4.47672 -65.2591 
v -175.16 4.24874 -65.2641 
v -175.421 4.48424 -65.2631 
v -174.765 4.50889 -65.2371 
v -174.729 4.50792 -65.2361 
v -174.762 4.48361 -65.2621 
v -174.601 4.3948 -65.2241 
v -174.601 4.58399 -65.2801 
v -174.601 4.42202 -65.1801 
v -174.601 4.55677 -65.3241 
v -174.765 4.50889 -65.2371 
v -174.762 4.48361 -65.2621 
v -174.796 4.48424 -65.2631 
v -173.779 4.37344 -65.2251 
v -173.743 4.26449 -65.2181 
v -173.743 4.34616 -65.2521 
v -173.779 4.26449 -65.1791 
v -175.455 4.48361 -65.2621 
v -175.488 4.50792 -65.2361 
v -175.453 4.50889 -65.2371 
v -175.455 4.48361 -65.2621 
v -175.453 4.50889 -65.2371 
v -175.421 4.48424 -65.2631 
v -174.655 4.3626 -64.3801 
v -174.64 4.1316 -64.4291 
v -174.64 4.3626 -64.4291 
v -174.655 4.1316 -64.3801 
v -175.578 4.21597 -63.9891 
v -175.562 3.98497 -63.9401 
v -175.562 4.21597 -63.9401 
v -175.578 3.98497 -63.9891 
v -175.057 4.24874 -65.2641 
v -175.064 4.25559 -65.2601 
v -174.818 4.47672 -65.2591 
v -175.038 4.22164 -65.2641 
v -175.191 4.21409 -65.2561 
v -175.179 4.22164 -65.2641 
v -175.026 4.21409 -65.2561 
v -174.662 4.55677 -65.3241 
v -174.601 4.58399 -65.2801 
v -174.601 4.55677 -65.3241 
v -174.662 4.58399 -65.2801 
v -173.98 4.55677 -65.3241 
v -173.919 4.58399 -65.2801 
v -173.919 4.55677 -65.3241 
v -173.98 4.58399 -65.2801 
v -175.616 4.58399 -65.2801 
v -175.555 4.55677 -65.3241 
v -175.616 4.55677 -65.3241 
v -175.555 4.58399 -65.2801 
v -176.298 4.58399 -65.2801 
v -176.237 4.55677 -65.3241 
v -176.298 4.55677 -65.3241 
v -176.237 4.58399 -65.2801 
v -175.485 4.49524 -65.2301 
v -176.335 4.47438 -65.2511 
v -176.356 4.49524 -65.2301 
v -175.057 4.24874 -65.2641 
v -174.818 4.47672 -65.2591 
v -174.796 4.48424 -65.2631 
v -175.485 4.49524 -65.2301 
v -175.442 4.47472 -65.2511 
v -176.335 4.47438 -65.2511 
v -174.723 4.31912 -64.2291 
v -174.761 4.28929 -64.1081 
v -174.723 4.28929 -64.2291 
v -174.761 4.31912 -64.1081 
v -176.337 4.84975 -64.8251 
v -176.321 4.86887 -64.7861 
v -176.321 4.84975 -64.8251 
v -176.337 4.86887 -64.7861 
v -173.882 4.47368 -65.2511 
v -174.731 4.49524 -65.2291 
v -173.861 4.49524 -65.2291 
v -174.774 4.47366 -65.2511 
v -175.741 4.46574 -64.5481 
v -175.779 4.43591 -64.6691 
v -175.741 4.43591 -64.5481 
v -175.779 4.46574 -64.6691 
v -175.964 4.43591 -64.6801 
v -176.005 4.20492 -64.6491 
v -176.005 4.43591 -64.6491 
v -175.964 4.20492 -64.6801 
v -174.069 4.3626 -64.4291 
v -174.11 4.1316 -64.4601 
v -174.11 4.3626 -64.4601 
v -174.069 4.1316 -64.4291 
v -176.337 4.86887 -64.7861 
v -176.321 4.8774 -64.7461 
v -176.321 4.86887 -64.7861 
v -176.337 4.8774 -64.7461 
v -174.116 4.56914 -65.0041 
v -174.113 4.56609 -65.0231 
v -174.124 4.56914 -65.0231 
v -176.337 4.73394 -65.3721 
v -176.321 4.84975 -64.8251 
v -176.321 4.73394 -65.3721 
v -176.337 4.84975 -64.8251 
v -175.064 4.25559 -65.2601 
v -175.16 4.24874 -65.2641 
v -175.154 4.25559 -65.2601 
v -175.057 4.24874 -65.2641 
v -176.438 4.26449 -65.1791 
v -176.474 4.18282 -65.2521 
v -176.438 4.15554 -65.2251 
v -176.474 4.26449 -65.2181 
v -174.116 4.56914 -65.0041 
v -174.108 4.56609 -65.0121 
v -174.113 4.56609 -65.0231 
v -174.662 4.55677 -65.3241 
v -174.601 4.3948 -65.2241 
v -174.662 4.3948 -65.2241 
v -174.601 4.55677 -65.3241 
v -173.98 4.55677 -65.3241 
v -173.919 4.3948 -65.2241 
v -173.98 4.3948 -65.2241 
v -173.919 4.55677 -65.3241 
v -175.616 4.3948 -65.2241 
v -175.555 4.55677 -65.3241 
v -175.555 4.3948 -65.2241 
v -175.616 4.55677 -65.3241 
v -176.298 4.3948 -65.2241 
v -176.237 4.55677 -65.3241 
v -176.237 4.3948 -65.2241 
v -176.298 4.55677 -65.3241 
v -174.023 4.56442 -65.0231 
v -174.025 4.55767 -65.0951 
v -174.045 4.56442 -65.0751 
v -173.995 4.55767 -65.0231 
v -173.779 4.15554 -65.4421 
v -173.993 4.1104 -65.3341 
v -173.993 4.15554 -65.4421 
v -173.779 4.1104 -65.3341 
v -176.224 4.1104 -65.3341 
v -176.438 4.15554 -65.4421 
v -176.224 4.15554 -65.4421 
v -176.438 4.1104 -65.3341 
v -174.538 4.46574 -64.7441 
v -174.438 4.43591 -64.6691 
v -174.538 4.43591 -64.7441 
v -174.438 4.46574 -64.6691 
v -176.337 4.8774 -64.7461 
v -176.321 4.87408 -64.7061 
v -176.321 4.8774 -64.7461 
v -176.337 4.87408 -64.7061 
v -176.207 4.39243 -64.4491 
v -176.107 4.3626 -64.5241 
v -176.207 4.3626 -64.4491 
v -176.107 4.39243 -64.5241 
v -174.798 4.28929 -64.1601 
v -174.782 4.05829 -64.2091 
v -174.782 4.28929 -64.2091 
v -174.798 4.05829 -64.1601 
v -173.968 4.31912 -64.3041 
v -173.868 4.28929 -64.2291 
v -173.968 4.28929 -64.3041 
v -173.868 4.31912 -64.2291 
v -175.72 4.43591 -64.6491 
v -175.704 4.20492 -64.5991 
v -175.704 4.43591 -64.5991 
v -175.72 4.20492 -64.6491 
v -176.105 4.56609 -65.0231 
v -176.109 4.56609 -65.0121 
v -176.101 4.56914 -65.0041 
v -176.105 4.56609 -65.0231 
v -176.101 4.56914 -65.0041 
v -176.094 4.56914 -65.0231 
v -174.75 4.47615 -65.2551 
v -174.651 4.50046 -65.1561 
v -174.956 4.21409 -65.1561 
v -175.047 4.31912 -64.1081 
v -175.171 4.28929 -64.1081 
v -175.047 4.28929 -64.1081 
v -175.171 4.31912 -64.1081 
v -174.761 4.31912 -64.1081 
v -174.885 4.28929 -64.1081 
v -174.761 4.28929 -64.1081 
v -174.885 4.31912 -64.1081 
v -174.476 4.31912 -64.1081 
v -174.6 4.28929 -64.1081 
v -174.476 4.28929 -64.1081 
v -174.6 4.31912 -64.1081 
v -174.191 4.31912 -64.1081 
v -174.315 4.28929 -64.1081 
v -174.191 4.28929 -64.1081 
v -174.315 4.31912 -64.1081 
v -173.906 4.31912 -64.1081 
v -174.03 4.28929 -64.1081 
v -173.906 4.28929 -64.1081 
v -174.03 4.31912 -64.1081 
v -175.332 4.31912 -64.1081 
v -175.456 4.28929 -64.1081 
v -175.332 4.28929 -64.1081 
v -175.456 4.31912 -64.1081 
v -175.617 4.31912 -64.1081 
v -175.741 4.28929 -64.1081 
v -175.617 4.28929 -64.1081 
v -175.741 4.31912 -64.1081 
v -175.902 4.31912 -64.1081 
v -176.026 4.28929 -64.1081 
v -175.902 4.28929 -64.1081 
v -176.026 4.31912 -64.1081 
v -176.187 4.31912 -64.1081 
v -176.311 4.28929 -64.1081 
v -176.187 4.28929 -64.1081 
v -176.311 4.31912 -64.1081 
v -176.192 4.55767 -65.0951 
v -176.194 4.56442 -65.0231 
v -176.172 4.56442 -65.0751 
v -176.222 4.55767 -65.0231 
v -174.956 4.21409 -65.1561 
v -175.026 4.21409 -65.2561 
v -174.75 4.47615 -65.2551 
v -175.598 4.39243 -64.3281 
v -175.637 4.3626 -64.4491 
v -175.598 4.3626 -64.3281 
v -175.637 4.39243 -64.4491 
v -174.866 4.2458 -64.0091 
v -174.904 4.21597 -63.8881 
v -174.866 4.21597 -64.0091 
v -174.904 4.2458 -63.8881 
v -176.474 4.34615 -65.2521 
v -176.438 4.26449 -65.1791 
v -176.438 4.37344 -65.2251 
v -176.474 4.26449 -65.2181 
v -174.497 4.43591 -64.6491 
v -174.538 4.20492 -64.6801 
v -174.538 4.43591 -64.6801 
v -174.497 4.20492 -64.6491 
v -176.337 4.87408 -64.7061 
v -176.321 4.86017 -64.6641 
v -176.321 4.87408 -64.7061 
v -176.337 4.86017 -64.6641 
v -176.107 4.3626 -64.4601 
v -176.148 4.1316 -64.4291 
v -176.148 4.3626 -64.4291 
v -176.107 4.1316 -64.4601 
v -173.927 4.28929 -64.2091 
v -173.968 4.05829 -64.2401 
v -173.968 4.28929 -64.2401 
v -173.927 4.05829 -64.2091 
v -175.464 4.49524 -65.2511 
v -175.442 4.47472 -65.2511 
v -175.485 4.49524 -65.2301 
v -174.097 4.56914 -64.9961 
v -174.097 4.56609 -65.0071 
v -174.108 4.56609 -65.0121 
v -174.116 4.56914 -65.0421 
v -174.124 4.56914 -65.0231 
v -174.113 4.56609 -65.0231 
v -175.616 4.3948 -65.2241 
v -175.616 4.58399 -65.2801 
v -175.616 4.55677 -65.3241 
v -175.616 4.42202 -65.1801 
v -174.925 4.21597 -63.9891 
v -174.941 3.98497 -63.9401 
v -174.925 3.98497 -63.9891 
v -174.941 4.21597 -63.9401 
v -175.083 4.28929 -64.1601 
v -175.134 4.05829 -64.1601 
v -175.083 4.05829 -64.1601 
v -175.134 4.28929 -64.1601 
v -174.798 4.28929 -64.1601 
v -174.849 4.05829 -64.1601 
v -174.798 4.05829 -64.1601 
v -174.849 4.28929 -64.1601 
v -174.564 4.28929 -64.1601 
v -174.513 4.05829 -64.1601 
v -174.513 4.28929 -64.1601 
v -174.564 4.05829 -64.1601 
v -174.279 4.28929 -64.1601 
v -174.228 4.05829 -64.1601 
v -174.228 4.28929 -64.1601 
v -174.279 4.05829 -64.1601 
v -173.993 4.28929 -64.1601 
v -173.942 4.05829 -64.1601 
v -173.942 4.28929 -64.1601 
v -173.993 4.05829 -64.1601 
v -175.368 4.28929 -64.1601 
v -175.419 4.05829 -64.1601 
v -175.368 4.05829 -64.1601 
v -175.419 4.28929 -64.1601 
v -175.704 4.28929 -64.1601 
v -175.653 4.05829 -64.1601 
v -175.653 4.28929 -64.1601 
v -175.704 4.05829 -64.1601 
v -175.99 4.28929 -64.1601 
v -175.939 4.05829 -64.1601 
v -175.939 4.28929 -64.1601 
v -175.99 4.05829 -64.1601 
v -176.275 4.28929 -64.1601 
v -176.224 4.05829 -64.1601 
v -176.224 4.28929 -64.1601 
v -176.275 4.05829 -64.1601 
v -174.023 4.56442 -65.0231 
v -174.025 4.55767 -64.9511 
v -173.995 4.55767 -65.0231 
v -174.045 4.56442 -64.9711 
v -174.097 4.56914 -64.9961 
v -174.108 4.56609 -65.0121 
v -174.116 4.56914 -65.0041 
v -175.578 4.3626 -64.4291 
v -175.562 4.1316 -64.3801 
v -175.562 4.3626 -64.3801 
v -175.578 4.1316 -64.4291 
v -174.045 4.56442 -65.0751 
v -174.097 4.55767 -65.1251 
v -174.097 4.56442 -65.0971 
v -176.109 4.56609 -65.0121 
v -176.12 4.56609 -65.0071 
v -176.12 4.56914 -64.9961 
v -174.045 4.56442 -65.0751 
v -174.025 4.55767 -65.0951 
v -174.097 4.55767 -65.1251 
v -174.116 4.56914 -65.0421 
v -174.113 4.56609 -65.0231 
v -174.108 4.56609 -65.0341 
v -175.779 4.46574 -64.6691 
v -175.679 4.43591 -64.7441 
v -175.779 4.43591 -64.6691 
v -175.679 4.46574 -64.7441 
v -174.396 4.39243 -64.5241 
v -174.295 4.3626 -64.4491 
v -174.396 4.3626 -64.5241 
v -174.295 4.39243 -64.4491 
v -174.723 4.46574 -64.6691 
v -174.761 4.43591 -64.5481 
v -174.723 4.43591 -64.6691 
v -174.761 4.46574 -64.5481 
v -176.12 4.55767 -65.1251 
v -176.172 4.56442 -65.0751 
v -176.12 4.56442 -65.0971 
v -176.109 4.56609 -65.0121 
v -176.12 4.56914 -64.9961 
v -176.101 4.56914 -65.0041 
v -175.306 4.50071 -64.9741 
v -174.911 4.50071 -64.9741 
v -175.109 4.22992 -65.0651 
v -176.12 4.55767 -65.1251 
v -176.192 4.55767 -65.0951 
v -176.172 4.56442 -65.0751 
v -176.101 4.56914 -65.0421 
v -176.109 4.56609 -65.0341 
v -176.105 4.56609 -65.0231 
v -175.456 4.31912 -64.1081 
v -175.494 4.28929 -64.2291 
v -175.456 4.28929 -64.1081 
v -175.494 4.31912 -64.2291 
v -176.35 4.31912 -64.2291 
v -176.249 4.28929 -64.3041 
v -176.35 4.28929 -64.2291 
v -176.249 4.31912 -64.3041 
v -176.101 4.56914 -65.0421 
v -176.105 4.56609 -65.0231 
v -176.094 4.56914 -65.0231 
v -176.4 3.95173 -65.1861 
v -176.4 3.95173 -65.3791 
v -176.271 3.95173 -65.5081 
v -173.818 3.95173 -65.1861 
v -176.4 3.95173 -64.7751 
v -173.818 3.95173 -64.7751 
v -173.947 3.95173 -65.5081 
v -173.818 3.95173 -65.3791 
v -173.921 3.95178 -63.5771 
v -176.297 3.95178 -63.5771 
v -173.782 3.95178 -64.6711 
v -173.782 3.95178 -63.7151 
v -176.435 3.95178 -64.6711 
v -176.435 3.95178 -63.7151 
v -173.782 3.95178 -64.8301 
v -176.435 3.95178 -64.8301 
v -175.261 4.21409 -65.1561 
v -175.566 4.50046 -65.1561 
v -175.467 4.47615 -65.2551 
v -176.194 4.56442 -65.0231 
v -176.192 4.55767 -64.9511 
v -176.172 4.56442 -64.9711 
v -176.222 4.55767 -65.0231 
v -176.352 4.7463 -65.4411 
v -176.305 4.7463 -65.3721 
v -176.305 4.7463 -65.4411 
v -176.352 4.7463 -65.3721 
v -175.191 4.21409 -65.2561 
v -175.261 4.21409 -65.1561 
v -175.467 4.47615 -65.2551 
v -175.935 3.97406 -63.6681 
v -176.256 3.97406 -63.7131 
v -175.935 3.97406 -63.8471 
v -176.256 3.97406 -63.8011 
v -174.282 3.97406 -63.6681 
v -174.282 3.97406 -63.8471 
v -173.961 3.97406 -63.8011 
v -173.961 3.97406 -63.7131 
v -175.679 4.43591 -64.6801 
v -175.72 4.20492 -64.6491 
v -175.72 4.43591 -64.6491 
v -175.679 4.20492 -64.6801 
v -174.798 4.43591 -64.5991 
v -174.782 4.20492 -64.6491 
v -174.782 4.43591 -64.6491 
v -174.798 4.20492 -64.5991 
v -174.354 4.3626 -64.4291 
v -174.396 4.1316 -64.4601 
v -174.396 4.3626 -64.4601 
v -174.354 4.1316 -64.4291 
v -175.435 4.28929 -64.2091 
v -175.419 4.05829 -64.1601 
v -175.419 4.28929 -64.1601 
v -175.435 4.05829 -64.2091 
v -176.321 4.86017 -64.6641 
v -176.337 4.84128 -64.6391 
v -176.321 4.84128 -64.6391 
v -176.337 4.86017 -64.6641 
v -176.249 4.28929 -64.2401 
v -176.291 4.05829 -64.2091 
v -176.291 4.28929 -64.2091 
v -176.249 4.05829 -64.2401 
v -174.866 4.39243 -64.4491 
v -174.904 4.3626 -64.3281 
v -174.866 4.3626 -64.4491 
v -174.904 4.39243 -64.3281 
v -173.779 4.41857 -65.3341 
v -173.993 4.37344 -65.4421 
v -173.993 4.41857 -65.3341 
v -173.779 4.37344 -65.4421 
v -176.224 4.37344 -65.4421 
v -176.438 4.41857 -65.3341 
v -176.224 4.41857 -65.3341 
v -176.438 4.37344 -65.4421 
v -174.023 4.56442 -65.0231 
v -174.078 4.56914 -65.0421 
v -174.07 4.56914 -65.0231 
v -174.045 4.56442 -65.0751 
v -175.313 4.2458 -63.8881 
v -175.352 4.21597 -64.0091 
v -175.313 4.21597 -63.8881 
v -175.352 4.2458 -64.0091 
v -174.823 4.46574 -64.7441 
v -174.723 4.43591 -64.6691 
v -174.823 4.43591 -64.7441 
v -174.723 4.46574 -64.6691 
v -174.901 4.50753 -64.9641 
v -175.306 4.50071 -64.9741 
v -175.317 4.50753 -64.9641 
v -174.911 4.50071 -64.9741 
v -175.922 4.39243 -64.4491 
v -175.822 4.3626 -64.5241 
v -175.922 4.3626 -64.4491 
v -175.822 4.39243 -64.5241 
v -174.253 4.31912 -64.3041 
v -174.153 4.28929 -64.2291 
v -174.253 4.28929 -64.3041 
v -174.153 4.31912 -64.2291 
v -176.194 4.56442 -65.0231 
v -176.139 4.56914 -65.0421 
v -176.172 4.56442 -65.0751 
v -176.147 4.56914 -65.0231 
v -174.023 4.56442 -65.0231 
v -174.078 4.56914 -65.0041 
v -174.045 4.56442 -64.9711 
v -174.023 4.56442 -65.0231 
v -174.07 4.56914 -65.0231 
v -174.078 4.56914 -65.0041 
v -174.097 4.56442 -65.0971 
v -174.078 4.56914 -65.0421 
v -174.045 4.56442 -65.0751 
v -174.097 4.56442 -65.0971 
v -174.097 4.56914 -65.0501 
v -174.078 4.56914 -65.0421 
v -176.139 4.56914 -65.0421 
v -176.12 4.56442 -65.0971 
v -176.172 4.56442 -65.0751 
v -176.139 4.56914 -65.0421 
v -176.12 4.56914 -65.0501 
v -176.12 4.56442 -65.0971 
v -174.941 4.3626 -64.3801 
v -174.925 4.1316 -64.4291 
v -174.925 4.3626 -64.4291 
v -174.941 4.1316 -64.3801 
v -175.421 4.48424 -65.2631 
v -175.453 4.50889 -65.2371 
v -175.432 4.50237 -65.2331 
v -176.139 4.56914 -65.0041 
v -176.194 4.56442 -65.0231 
v -176.172 4.56442 -64.9711 
v -176.139 4.56914 -65.0041 
v -176.147 4.56914 -65.0231 
v -176.194 4.56442 -65.0231 
v -174.782 4.43591 -64.6491 
v -174.823 4.20492 -64.6801 
v -174.823 4.43591 -64.6801 
v -174.782 4.20492 -64.6491 
v -175.421 4.48424 -65.2631 
v -175.432 4.50237 -65.2331 
v -175.399 4.47672 -65.2591 
v -175.277 4.21597 -63.9401 
v -175.292 3.98497 -63.9891 
v -175.277 3.98497 -63.9401 
v -175.292 4.21597 -63.9891 
v -175.822 4.3626 -64.4601 
v -175.863 4.1316 -64.4291 
v -175.863 4.3626 -64.4291 
v -175.822 4.1316 -64.4601 
v -174.212 4.28929 -64.2091 
v -174.253 4.05829 -64.2401 
v -174.253 4.28929 -64.2401 
v -174.212 4.05829 -64.2091 
v -175.008 4.31912 -64.2291 
v -175.047 4.28929 -64.1081 
v -175.008 4.28929 -64.2291 
v -175.047 4.31912 -64.1081 
v -175.456 4.46574 -64.5481 
v -175.494 4.43591 -64.6691 
v -175.456 4.43591 -64.5481 
v -175.494 4.46574 -64.6691 
v -173.788 4.52012 -64.8061 
v -176.453 4.49542 -64.8301 
v -176.429 4.52012 -64.8061 
v -173.764 4.49542 -64.8301 
v -174.904 4.39243 -64.3281 
v -175.028 4.3626 -64.3281 
v -174.904 4.3626 -64.3281 
v -175.028 4.39243 -64.3281 
v -174.619 4.39243 -64.3281 
v -174.743 4.3626 -64.3281 
v -174.619 4.3626 -64.3281 
v -174.743 4.39243 -64.3281 
v -174.334 4.39243 -64.3281 
v -174.458 4.3626 -64.3281 
v -174.334 4.3626 -64.3281 
v -174.458 4.39243 -64.3281 
v -174.049 4.39243 -64.3281 
v -174.172 4.3626 -64.3281 
v -174.049 4.3626 -64.3281 
v -174.172 4.39243 -64.3281 
v -175.189 4.39243 -64.3281 
v -175.313 4.3626 -64.3281 
v -175.189 4.3626 -64.3281 
v -175.313 4.39243 -64.3281 
v -175.474 4.39243 -64.3281 
v -175.598 4.3626 -64.3281 
v -175.474 4.3626 -64.3281 
v -175.598 4.39243 -64.3281 
v -175.76 4.39243 -64.3281 
v -175.884 4.3626 -64.3281 
v -175.76 4.3626 -64.3281 
v -175.884 4.39243 -64.3281 
v -176.045 4.39243 -64.3281 
v -176.169 4.3626 -64.3281 
v -176.045 4.3626 -64.3281 
v -176.169 4.39243 -64.3281 
v -175.494 4.46574 -64.6691 
v -175.394 4.43591 -64.7441 
v -175.494 4.43591 -64.6691 
v -175.394 4.46574 -64.7441 
v -174.681 4.39243 -64.5241 
v -174.581 4.3626 -64.4491 
v -174.681 4.3626 -64.5241 
v -174.581 4.39243 -64.4491 
v -176.12 4.55767 -65.1251 
v -176.03 4.53677 -65.1131 
v -176.12 4.53677 -65.1501 
v -173.764 4.49542 -64.8301 
v -173.764 3.96983 -64.8301 
v -173.782 3.95178 -64.8301 
v -176.435 3.95178 -64.8301 
v -176.453 4.49542 -64.8301 
v -176.453 3.96983 -64.8301 
v -176.064 4.31912 -64.2291 
v -175.964 4.28929 -64.3041 
v -176.064 4.28929 -64.2291 
v -175.964 4.31912 -64.3041 
v -176.12 4.55767 -65.1251 
v -176.048 4.55767 -65.0951 
v -176.03 4.53677 -65.1131 
v -175.492 4.50073 -65.1561 
v -175.306 4.50071 -64.9741 
v -175.109 4.22992 -65.0651 
v -174.11 4.2458 -64.0841 
v -174.01 4.21597 -64.0091 
v -174.11 4.21597 -64.0841 
v -174.01 4.2458 -64.0091 
v -174.785 4.50237 -65.2331 
v -174.765 4.50889 -65.2371 
v -174.796 4.48424 -65.2631 
v -176.23 4.58708 -65.4061 
v -176.207 4.58708 -65.4541 
v -176.23 4.58708 -65.4541 
v -176.207 4.58708 -65.4061 
v -176.068 4.56442 -65.0751 
v -176.048 4.55767 -65.0951 
v -176.12 4.55767 -65.1251 
v -175.067 4.28929 -64.2091 
v -175.083 4.05829 -64.1601 
v -175.067 4.05829 -64.2091 
v -175.083 4.28929 -64.1601 
v -174.007 4.53677 -64.9331 
v -174.097 4.55767 -64.9211 
v -174.097 4.53677 -64.8951 
v -174.025 4.55767 -64.9511 
v -176.068 4.56442 -65.0751 
v -176.12 4.55767 -65.1251 
v -176.12 4.56442 -65.0971 
v -174.785 4.50237 -65.2331 
v -174.796 4.48424 -65.2631 
v -174.818 4.47672 -65.2591 
v -174.097 4.56442 -64.9491 
v -174.025 4.55767 -64.9511 
v -174.045 4.56442 -64.9711 
v -174.097 4.55767 -64.9211 
v -175.435 4.43591 -64.6491 
v -175.419 4.20492 -64.5991 
v -175.419 4.43591 -64.5991 
v -175.435 4.20492 -64.6491 
v -174.045 4.56442 -64.9711 
v -174.097 4.56914 -64.9961 
v -174.097 4.56442 -64.9491 
v -174.078 4.56914 -65.0041 
v -176.12 4.56914 -65.0501 
v -176.068 4.56442 -65.0751 
v -176.12 4.56442 -65.0971 
v -176.101 4.56914 -65.0421 
v -174.149 4.56442 -65.0751 
v -174.097 4.55767 -65.1251 
v -174.169 4.55767 -65.0951 
v -174.149 4.56442 -65.0751 
v -174.097 4.56442 -65.0971 
v -174.097 4.55767 -65.1251 
v -176.172 4.56442 -64.9711 
v -176.12 4.55767 -64.9211 
v -176.12 4.56442 -64.9491 
v -176.12 4.56914 -64.9961 
v -176.172 4.56442 -64.9711 
v -176.12 4.56442 -64.9491 
v -176.139 4.56914 -65.0041 
v -174.097 4.56442 -65.0971 
v -174.116 4.56914 -65.0421 
v -174.097 4.56914 -65.0501 
v -174.097 4.56442 -65.0971 
v -174.149 4.56442 -65.0751 
v -174.116 4.56914 -65.0421 
v -175.317 4.50753 -64.9641 
v -175.306 4.50071 -64.9741 
v -175.492 4.50073 -65.1561 
v -174.992 4.3626 -64.3801 
v -174.941 4.1316 -64.3801 
v -174.941 4.3626 -64.3801 
v -174.992 4.1316 -64.3801 
v -174.655 4.3626 -64.3801 
v -174.706 4.1316 -64.3801 
v -174.655 4.1316 -64.3801 
v -174.706 4.3626 -64.3801 
v -174.37 4.3626 -64.3801 
v -174.421 4.1316 -64.3801 
v -174.37 4.1316 -64.3801 
v -174.421 4.3626 -64.3801 
v -174.085 4.3626 -64.3801 
v -174.136 4.1316 -64.3801 
v -174.085 4.1316 -64.3801 
v -174.136 4.3626 -64.3801 
v -175.226 4.3626 -64.3801 
v -175.277 4.1316 -64.3801 
v -175.226 4.1316 -64.3801 
v -175.277 4.3626 -64.3801 
v -175.511 4.3626 -64.3801 
v -175.562 4.1316 -64.3801 
v -175.511 4.1316 -64.3801 
v -175.562 4.3626 -64.3801 
v -175.847 4.3626 -64.3801 
v -175.796 4.1316 -64.3801 
v -175.796 4.3626 -64.3801 
v -175.847 4.1316 -64.3801 
v -176.132 4.3626 -64.3801 
v -176.081 4.1316 -64.3801 
v -176.081 4.3626 -64.3801 
v -176.132 4.1316 -64.3801 
v -176.172 4.56442 -64.9711 
v -176.192 4.55767 -64.9511 
v -176.12 4.55767 -64.9211 
v -174.097 4.56609 -65.0381 
v -174.113 4.56609 -65.0231 
v -174.097 4.56609 -65.0071 
v -174.097 4.56609 -65.0381 
v -174.108 4.56609 -65.0341 
v -174.113 4.56609 -65.0231 
v -174.081 4.56609 -65.0231 
v -174.097 4.56609 -65.0381 
v -174.097 4.56609 -65.0071 
v -174.081 4.56609 -65.0231 
v -174.086 4.56609 -65.0341 
v -174.097 4.56609 -65.0381 
v -176.109 4.56609 -65.0341 
v -176.12 4.56609 -65.0381 
v -176.12 4.56609 -65.0071 
v -176.109 4.56609 -65.0121 
v -176.105 4.56609 -65.0231 
v -176.105 4.56609 -65.0231 
v -176.109 4.56609 -65.0341 
v -176.12 4.56609 -65.0071 
v -176.131 4.56609 -65.0121 
v -176.12 4.56609 -65.0071 
v -176.12 4.56609 -65.0381 
v -176.12 4.56609 -65.0381 
v -176.131 4.56609 -65.0341 
v -176.136 4.56609 -65.0231 
v -174.113 4.56609 -65.0231 
v -174.108 4.56609 -65.0121 
v -174.097 4.56609 -65.0071 
v -174.097 4.56609 -65.0071 
v -174.086 4.56609 -65.0121 
v -174.081 4.56609 -65.0231 
v -176.136 4.56609 -65.0231 
v -176.131 4.56609 -65.0121 
v -176.12 4.56609 -65.0381 
v -175.317 4.50753 -64.9641 
v -175.492 4.50073 -65.1561 
v -175.515 4.50753 -65.1571 
v -176.12 4.56609 -65.0071 
v -176.139 4.56914 -65.0041 
v -176.12 4.56914 -64.9961 
v -175.313 4.39243 -64.3281 
v -175.352 4.3626 -64.4491 
v -175.313 4.3626 -64.3281 
v -175.352 4.39243 -64.4491 
v -175.151 4.2458 -64.0091 
v -175.189 4.21597 -63.8881 
v -175.151 4.21597 -64.0091 
v -175.189 4.2458 -63.8881 
v -174.097 4.56914 -65.0501 
v -174.116 4.56914 -65.0421 
v -174.108 4.56609 -65.0341 
v -176.328 4.55996 -65.3021 
v -173.89 4.55996 -65.2711 
v -173.89 4.55996 -65.3021 
v -176.328 4.55996 -65.2711 
v -174.187 4.53677 -65.1131 
v -174.097 4.55767 -65.1251 
v -174.097 4.53677 -65.1501 
v -174.187 4.53677 -65.1131 
v -174.169 4.55767 -65.0951 
v -174.097 4.55767 -65.1251 
v -176.12 4.56609 -65.0071 
v -176.131 4.56609 -65.0121 
v -176.139 4.56914 -65.0041 
v -175.394 4.43591 -64.6801 
v -175.435 4.20492 -64.6491 
v -175.435 4.43591 -64.6491 
v -175.394 4.20492 -64.6801 
v -174.64 4.3626 -64.4291 
v -174.681 4.1316 -64.4601 
v -174.681 4.3626 -64.4601 
v -174.64 4.1316 -64.4291 
v -175.964 4.28929 -64.2401 
v -176.005 4.05829 -64.2091 
v -176.005 4.28929 -64.2091 
v -175.964 4.05829 -64.2401 
v -174.069 4.21597 -63.9891 
v -174.11 3.98497 -64.0201 
v -174.11 4.21597 -64.0201 
v -174.069 3.98497 -63.9891 
v -176.12 4.55767 -64.9211 
v -176.21 4.53677 -64.9331 
v -176.12 4.53677 -64.8951 
v -176.192 4.55767 -64.9511 
v -174.097 4.56914 -65.0501 
v -174.108 4.56609 -65.0341 
v -174.097 4.56609 -65.0381 
v -174.097 4.56914 -64.9961 
v -174.078 4.56914 -65.0041 
v -174.086 4.56609 -65.0121 
v -176.12 4.56914 -65.0501 
v -176.109 4.56609 -65.0341 
v -176.101 4.56914 -65.0421 
v -174.097 4.56914 -64.9961 
v -174.086 4.56609 -65.0121 
v -174.097 4.56609 -65.0071 
v -176.025 4.48548 -65.1181 
v -176.12 4.53677 -65.1501 
v -176.03 4.53677 -65.1131 
v -176.12 4.48548 -65.1581 
v -176.12 4.56914 -65.0501 
v -176.12 4.56609 -65.0381 
v -176.109 4.56609 -65.0341 
v -174.702 4.50753 -65.1571 
v -174.729 4.50792 -65.2361 
v -174.765 4.50889 -65.2371 
v -174.901 4.50753 -64.9641 
v -174.725 4.50073 -65.1561 
v -174.911 4.50071 -64.9741 
v -174.901 4.50753 -64.9641 
v -174.702 4.50753 -65.1571 
v -174.725 4.50073 -65.1561 
v -176.373 4.18904 -64.9561 
v -173.921 4.18904 -65.4671 
v -173.844 4.18904 -64.9561 
v -173.844 4.18904 -65.3901 
v -176.296 4.18904 -65.4671 
v -176.373 4.18904 -65.3901 
v -175.109 4.46574 -64.7441 
v -175.008 4.43591 -64.6691 
v -175.109 4.43591 -64.7441 
v -175.008 4.46574 -64.6691 
v -176.391 4.52012 -64.7671 
v -176.429 4.52012 -64.6711 
v -176.391 4.52012 -64.6711 
v -173.827 4.52012 -64.7671 
v -176.429 4.52012 -64.8061 
v -173.788 4.52012 -64.8061 
v -173.827 4.52012 -64.6711 
v -173.788 4.52012 -64.6711 
v -176.391 4.52012 -64.7671 
v -176.429 4.52012 -64.8061 
v -176.429 4.52012 -64.6711 
v -173.827 4.52012 -64.7671 
v -173.788 4.52012 -64.6711 
v -173.788 4.52012 -64.8061 
v -175.515 4.50753 -65.1571 
v -175.453 4.50889 -65.2371 
v -175.488 4.50792 -65.2361 
v -174.007 4.53677 -64.9331 
v -174.097 4.48548 -64.8881 
v -174.002 4.48548 -64.9281 
v -174.097 4.53677 -64.8951 
v -175.226 4.21597 -63.9401 
v -175.21 3.98497 -63.9891 
v -175.21 4.21597 -63.9891 
v -175.226 3.98497 -63.9401 
v -175.637 4.39243 -64.4491 
v -175.536 4.3626 -64.5241 
v -175.637 4.3626 -64.4491 
v -175.536 4.39243 -64.5241 
v -174.538 4.31912 -64.3041 
v -174.438 4.28929 -64.2291 
v -174.538 4.28929 -64.3041 
v -174.438 4.31912 -64.2291 
v -174.911 4.50071 -64.9741 
v -174.725 4.50073 -65.1561 
v -175.109 4.22992 -65.0651 
v -174.702 4.50753 -65.1571 
v -174.881 4.50753 -64.9361 
v -174.656 4.50753 -65.1561 
v -175.515 4.50753 -65.1571 
v -175.336 4.50753 -64.9361 
v -175.317 4.50753 -64.9641 
v -175.317 4.50753 -64.9641 
v -174.881 4.50753 -64.9361 
v -174.901 4.50753 -64.9641 
v -175.336 4.50753 -64.9361 
v -175.515 4.50753 -65.1571 
v -175.561 4.50753 -65.1561 
v -175.336 4.50753 -64.9361 
v -174.702 4.50753 -65.1571 
v -174.901 4.50753 -64.9641 
v -174.881 4.50753 -64.9361 
v -175.292 4.3626 -64.4291 
v -175.277 4.1316 -64.3801 
v -175.277 4.3626 -64.3801 
v -175.292 4.1316 -64.4291 
v -175.515 4.50753 -65.1571 
v -175.488 4.50792 -65.2361 
v -175.561 4.50753 -65.1561 
v -174.702 4.50753 -65.1571 
v -174.656 4.50753 -65.1561 
v -174.729 4.50792 -65.2361 
v -176.207 4.2458 -64.0091 
v -176.107 4.21597 -64.0841 
v -176.207 4.21597 -64.0091 
v -176.107 4.2458 -64.0841 
v -175.008 4.46574 -64.6691 
v -175.047 4.43591 -64.5481 
v -175.008 4.43591 -64.6691 
v -175.047 4.46574 -64.5481 
v -174.883 4.49524 -64.9341 
v -176.378 4.49524 -64.7751 
v -173.84 4.49524 -64.7751 
v -175.335 4.49524 -64.9341 
v -175.558 4.49524 -65.1521 
v -174.879 4.49524 -64.9381 
v -174.656 4.49524 -65.1561 
v -173.84 4.49524 -65.1861 
v -174.66 4.49524 -65.1601 
v -174.686 4.49524 -65.1861 
v -173.861 4.49524 -65.2291 
v -174.731 4.49524 -65.2291 
v -176.378 4.49524 -65.1861 
v -175.561 4.49524 -65.1561 
v -175.53 4.49524 -65.1861 
v -176.356 4.49524 -65.2301 
v -175.524 4.49524 -65.1921 
v -175.485 4.49524 -65.2301 
v -176.378 4.49524 -65.3701 
v -176.356 4.49524 -65.3611 
v -176.253 4.49524 -65.4651 
v -173.965 4.49524 -65.4651 
v -176.261 4.49524 -65.4861 
v -173.956 4.49524 -65.4861 
v -175.558 4.49524 -65.1521 
v -175.561 4.49524 -65.1561 
v -176.378 4.49524 -64.7751 
v -176.253 4.49524 -65.4651 
v -176.261 4.49524 -65.4861 
v -176.378 4.49524 -65.3701 
v -173.861 4.49524 -65.2291 
v -173.84 4.49524 -65.3701 
v -173.861 4.49524 -65.3611 
v -173.956 4.49524 -65.4861 
v -173.861 4.49524 -65.2291 
v -173.84 4.49524 -65.1861 
v -173.84 4.49524 -65.3701 
v -173.861 4.49524 -65.3611 
v -173.956 4.49524 -65.4861 
v -173.965 4.49524 -65.4651 
v -175.185 4.21409 -65.0621 
v -175.026 4.21409 -65.2561 
v -175.032 4.21409 -65.0621 
v -174.956 4.21409 -65.1561 
v -175.191 4.21409 -65.2561 
v -175.261 4.21409 -65.1561 
v -174.966 4.21597 -64.0201 
v -174.866 4.21597 -64.0091 
v -174.925 4.21597 -63.9891 
v -174.966 4.21597 -64.0841 
v -175.066 4.21597 -64.0091 
v -175.007 4.21597 -63.9891 
v -174.941 4.21597 -63.9401 
v -174.866 4.21597 -64.0091 
v -174.904 4.21597 -63.8881 
v -174.941 4.21597 -63.9401 
v -175.028 4.21597 -63.8881 
v -174.992 4.21597 -63.9401 
v -174.904 4.21597 -63.8881 
v -174.992 4.21597 -63.9401 
v -175.028 4.21597 -63.8881 
v -175.066 4.21597 -64.0091 
v -174.992 4.21597 -63.9401 
v -175.066 4.21597 -64.0091 
v -175.007 4.21597 -63.9891 
v -174.681 4.21597 -64.0201 
v -174.581 4.21597 -64.0091 
v -174.64 4.21597 -63.9891 
v -174.681 4.21597 -64.0841 
v -174.781 4.21597 -64.0091 
v -174.722 4.21597 -63.9891 
v -174.655 4.21597 -63.9401 
v -174.581 4.21597 -64.0091 
v -174.619 4.21597 -63.8881 
v -174.655 4.21597 -63.9401 
v -174.743 4.21597 -63.8881 
v -174.706 4.21597 -63.9401 
v -174.619 4.21597 -63.8881 
v -174.706 4.21597 -63.9401 
v -174.743 4.21597 -63.8881 
v -174.781 4.21597 -64.0091 
v -174.706 4.21597 -63.9401 
v -174.781 4.21597 -64.0091 
v -174.722 4.21597 -63.9891 
v -174.396 4.21597 -64.0201 
v -174.295 4.21597 -64.0091 
v -174.354 4.21597 -63.9891 
v -174.396 4.21597 -64.0841 
v -174.496 4.21597 -64.0091 
v -174.437 4.21597 -63.9891 
v -174.37 4.21597 -63.9401 
v -174.295 4.21597 -64.0091 
v -174.334 4.21597 -63.8881 
v -174.37 4.21597 -63.9401 
v -174.458 4.21597 -63.8881 
v -174.421 4.21597 -63.9401 
v -174.334 4.21597 -63.8881 
v -174.421 4.21597 -63.9401 
v -174.458 4.21597 -63.8881 
v -174.496 4.21597 -64.0091 
v -174.421 4.21597 -63.9401 
v -174.496 4.21597 -64.0091 
v -174.437 4.21597 -63.9891 
v -174.11 4.21597 -64.0201 
v -174.01 4.21597 -64.0091 
v -174.069 4.21597 -63.9891 
v -174.11 4.21597 -64.0841 
v -174.211 4.21597 -64.0091 
v -174.152 4.21597 -63.9891 
v -174.085 4.21597 -63.9401 
v -174.01 4.21597 -64.0091 
v -174.049 4.21597 -63.8881 
v -174.085 4.21597 -63.9401 
v -174.172 4.21597 -63.8881 
v -174.136 4.21597 -63.9401 
v -174.049 4.21597 -63.8881 
v -174.136 4.21597 -63.9401 
v -174.172 4.21597 -63.8881 
v -174.211 4.21597 -64.0091 
v -174.136 4.21597 -63.9401 
v -174.211 4.21597 -64.0091 
v -174.152 4.21597 -63.9891 
v -175.251 4.21597 -64.0201 
v -175.151 4.21597 -64.0091 
v -175.21 4.21597 -63.9891 
v -175.251 4.21597 -64.0841 
v -175.352 4.21597 -64.0091 
v -175.292 4.21597 -63.9891 
v -175.226 4.21597 -63.9401 
v -175.151 4.21597 -64.0091 
v -175.189 4.21597 -63.8881 
v -175.226 4.21597 -63.9401 
v -175.313 4.21597 -63.8881 
v -175.277 4.21597 -63.9401 
v -175.189 4.21597 -63.8881 
v -175.277 4.21597 -63.9401 
v -175.313 4.21597 -63.8881 
v -175.352 4.21597 -64.0091 
v -175.277 4.21597 -63.9401 
v -175.352 4.21597 -64.0091 
v -175.292 4.21597 -63.9891 
v -175.536 4.21597 -64.0201 
v -175.436 4.21597 -64.0091 
v -175.495 4.21597 -63.9891 
v -175.536 4.21597 -64.0841 
v -175.637 4.21597 -64.0091 
v -175.578 4.21597 -63.9891 
v -175.511 4.21597 -63.9401 
v -175.436 4.21597 -64.0091 
v -175.474 4.21597 -63.8881 
v -175.511 4.21597 -63.9401 
v -175.598 4.21597 -63.8881 
v -175.562 4.21597 -63.9401 
v -175.474 4.21597 -63.8881 
v -175.562 4.21597 -63.9401 
v -175.598 4.21597 -63.8881 
v -175.637 4.21597 -64.0091 
v -175.562 4.21597 -63.9401 
v -175.637 4.21597 -64.0091 
v -175.578 4.21597 -63.9891 
v -175.822 4.21597 -64.0201 
v -175.721 4.21597 -64.0091 
v -175.78 4.21597 -63.9891 
v -175.822 4.21597 -64.0841 
v -175.922 4.21597 -64.0091 
v -175.863 4.21597 -63.9891 
v -175.796 4.21597 -63.9401 
v -175.721 4.21597 -64.0091 
v -175.76 4.21597 -63.8881 
v -175.796 4.21597 -63.9401 
v -175.884 4.21597 -63.8881 
v -175.847 4.21597 -63.9401 
v -175.76 4.21597 -63.8881 
v -175.847 4.21597 -63.9401 
v -175.884 4.21597 -63.8881 
v -175.922 4.21597 -64.0091 
v -175.847 4.21597 -63.9401 
v -175.922 4.21597 -64.0091 
v -175.863 4.21597 -63.9891 
v -176.107 4.21597 -64.0201 
v -176.006 4.21597 -64.0091 
v -176.065 4.21597 -63.9891 
v -176.107 4.21597 -64.0841 
v -176.207 4.21597 -64.0091 
v -176.148 4.21597 -63.9891 
v -176.081 4.21597 -63.9401 
v -176.006 4.21597 -64.0091 
v -176.045 4.21597 -63.8881 
v -176.132 4.21597 -63.9401 
v -176.081 4.21597 -63.9401 
v -176.045 4.21597 -63.8881 
v -176.169 4.21597 -63.8881 
v -176.132 4.21597 -63.9401 
v -176.169 4.21597 -63.8881 
v -176.207 4.21597 -64.0091 
v -176.132 4.21597 -63.9401 
v -176.207 4.21597 -64.0091 
v -176.148 4.21597 -63.9891 
v -174.941 4.21597 -63.9401 
v -174.925 4.21597 -63.9891 
v -174.866 4.21597 -64.0091 
v -174.655 4.21597 -63.9401 
v -174.64 4.21597 -63.9891 
v -174.581 4.21597 -64.0091 
v -174.37 4.21597 -63.9401 
v -174.354 4.21597 -63.9891 
v -174.295 4.21597 -64.0091 
v -174.085 4.21597 -63.9401 
v -174.069 4.21597 -63.9891 
v -174.01 4.21597 -64.0091 
v -175.226 4.21597 -63.9401 
v -175.21 4.21597 -63.9891 
v -175.151 4.21597 -64.0091 
v -175.511 4.21597 -63.9401 
v -175.495 4.21597 -63.9891 
v -175.436 4.21597 -64.0091 
v -175.796 4.21597 -63.9401 
v -175.78 4.21597 -63.9891 
v -175.721 4.21597 -64.0091 
v -176.081 4.21597 -63.9401 
v -176.065 4.21597 -63.9891 
v -176.006 4.21597 -64.0091 
v -176.101 4.56914 -65.0421 
v -176.047 4.56442 -65.0231 
v -176.068 4.56442 -65.0751 
v -176.094 4.56914 -65.0231 
v -173.94 4.17148 -63.6181 
v -173.788 4.2042 -63.7171 
v -173.827 4.20899 -63.7311 
v -173.788 4.52012 -64.6711 
v -173.924 4.15948 -63.5821 
v -176.391 4.20899 -63.7311 
v -176.429 4.52012 -64.6711 
v -176.429 4.2042 -63.7171 
v -176.277 4.17148 -63.6181 
v -176.294 4.15948 -63.5821 
v -175.171 4.31912 -64.1081 
v -175.209 4.28929 -64.2291 
v -175.171 4.28929 -64.1081 
v -175.209 4.31912 -64.2291 
v -176.277 4.17148 -63.6181 
v -173.924 4.15948 -63.5821 
v -173.94 4.17148 -63.6181 
v -176.294 4.15948 -63.5821 
v -176.068 4.56442 -64.9711 
v -176.12 4.56914 -64.9961 
v -176.12 4.56442 -64.9491 
v -176.101 4.56914 -65.0041 
v -173.827 4.20899 -63.7311 
v -173.788 4.52012 -64.6711 
v -173.827 4.52012 -64.6711 
v -176.391 4.20899 -63.7311 
v -176.391 4.52012 -64.6711 
v -176.429 4.52012 -64.6711 
v -174.149 4.56442 -64.9711 
v -174.097 4.56914 -64.9961 
v -174.116 4.56914 -65.0041 
v -174.097 4.56442 -64.9491 
v -174.171 4.56442 -65.0231 
v -174.116 4.56914 -65.0421 
v -174.149 4.56442 -65.0751 
v -174.124 4.56914 -65.0231 
v -174.187 4.53677 -65.1131 
v -174.097 4.48548 -65.1581 
v -174.192 4.48548 -65.1181 
v -174.097 4.53677 -65.1501 
v -175.067 4.43591 -64.6491 
v -175.109 4.20492 -64.6801 
v -175.109 4.43591 -64.6801 
v -175.067 4.20492 -64.6491 
v -175.209 4.46574 -64.6691 
v -175.171 4.46574 -64.5481 
v -175.047 4.46574 -64.5481 
v -175.008 4.46574 -64.6691 
v -175.109 4.46574 -64.7441 
v -174.924 4.46574 -64.6691 
v -174.885 4.46574 -64.5481 
v -174.761 4.46574 -64.5481 
v -174.723 4.46574 -64.6691 
v -174.823 4.46574 -64.7441 
v -174.6 4.46574 -64.5481 
v -174.438 4.46574 -64.6691 
v -174.639 4.46574 -64.6691 
v -174.538 4.46574 -64.7441 
v -174.476 4.46574 -64.5481 
v -174.353 4.46574 -64.6691 
v -174.315 4.46574 -64.5481 
v -174.191 4.46574 -64.5481 
v -174.153 4.46574 -64.6691 
v -174.253 4.46574 -64.7441 
v -174.068 4.46574 -64.6691 
v -174.03 4.46574 -64.5481 
v -173.906 4.46574 -64.5481 
v -173.868 4.46574 -64.6691 
v -173.968 4.46574 -64.7441 
v -175.494 4.46574 -64.6691 
v -175.456 4.46574 -64.5481 
v -175.332 4.46574 -64.5481 
v -175.294 4.46574 -64.6691 
v -175.394 4.46574 -64.7441 
v -175.741 4.46574 -64.5481 
v -175.579 4.46574 -64.6691 
v -175.779 4.46574 -64.6691 
v -175.679 4.46574 -64.7441 
v -175.617 4.46574 -64.5481 
v -176.026 4.46574 -64.5481 
v -175.864 4.46574 -64.6691 
v -176.064 4.46574 -64.6691 
v -175.964 4.46574 -64.7441 
v -175.902 4.46574 -64.5481 
v -176.35 4.46574 -64.6691 
v -176.311 4.46574 -64.5481 
v -176.187 4.46574 -64.5481 
v -176.149 4.46574 -64.6691 
v -176.249 4.46574 -64.7441 
v -174.497 4.28929 -64.2091 
v -174.538 4.05829 -64.2401 
v -174.538 4.28929 -64.2401 
v -174.497 4.05829 -64.2091 
v -176.047 4.56442 -65.0231 
v -176.094 4.56914 -65.0231 
v -176.101 4.56914 -65.0041 
v -176.12 4.48548 -64.8881 
v -176.21 4.53677 -64.9331 
v -176.215 4.48548 -64.9281 
v -176.12 4.53677 -64.8951 
v -175.536 4.3626 -64.4601 
v -175.578 4.1316 -64.4291 
v -175.578 4.3626 -64.4291 
v -175.536 4.1316 -64.4601 
v -176.047 4.56442 -65.0231 
v -176.101 4.56914 -65.0041 
v -176.068 4.56442 -64.9711 
v -176.107 4.21597 -64.0201 
v -176.148 3.98497 -63.9891 
v -176.148 4.21597 -63.9891 
v -176.107 3.98497 -64.0201 
v -173.844 4.44862 -64.9561 
v -176.296 4.44862 -65.4671 
v -176.373 4.44862 -64.9561 
v -176.373 4.44862 -65.3901 
v -173.921 4.44862 -65.4671 
v -173.844 4.44862 -65.3901 
v -175.083 4.43591 -64.5991 
v -175.067 4.20492 -64.6491 
v -175.067 4.43591 -64.6491 
v -175.083 4.20492 -64.5991 
v -175.15 4.28929 -64.2091 
v -175.134 4.05829 -64.1601 
v -175.134 4.28929 -64.1601 
v -175.15 4.05829 -64.2091 
v -174.149 4.56442 -64.9711 
v -174.124 4.56914 -65.0231 
v -174.171 4.56442 -65.0231 
v -174.149 4.56442 -64.9711 
v -174.116 4.56914 -65.0041 
v -174.124 4.56914 -65.0231 
v -175.209 4.46574 -64.6691 
v -175.109 4.43591 -64.7441 
v -175.209 4.43591 -64.6691 
v -175.109 4.46574 -64.7441 
v -174.966 4.39243 -64.5241 
v -174.866 4.3626 -64.4491 
v -174.966 4.3626 -64.5241 
v -174.866 4.39243 -64.4491 
v -175.151 4.39243 -64.4491 
v -175.189 4.3626 -64.3281 
v -175.151 4.3626 -64.4491 
v -175.189 4.39243 -64.3281 
v -175.779 4.31912 -64.2291 
v -175.679 4.28929 -64.3041 
v -175.779 4.28929 -64.2291 
v -175.679 4.31912 -64.3041 
v -175.109 4.28929 -64.2401 
v -175.008 4.28929 -64.2291 
v -175.067 4.28929 -64.2091 
v -175.109 4.28929 -64.3041 
v -175.209 4.28929 -64.2291 
v -175.15 4.28929 -64.2091 
v -175.083 4.28929 -64.1601 
v -175.008 4.28929 -64.2291 
v -175.047 4.28929 -64.1081 
v -175.083 4.28929 -64.1601 
v -175.047 4.28929 -64.1081 
v -175.171 4.28929 -64.1081 
v -175.134 4.28929 -64.1601 
v -175.134 4.28929 -64.1601 
v -175.171 4.28929 -64.1081 
v -175.209 4.28929 -64.2291 
v -175.134 4.28929 -64.1601 
v -175.209 4.28929 -64.2291 
v -175.15 4.28929 -64.2091 
v -174.823 4.28929 -64.2401 
v -174.723 4.28929 -64.2291 
v -174.782 4.28929 -64.2091 
v -174.823 4.28929 -64.3041 
v -174.924 4.28929 -64.2291 
v -174.865 4.28929 -64.2091 
v -174.798 4.28929 -64.1601 
v -174.723 4.28929 -64.2291 
v -174.761 4.28929 -64.1081 
v -174.798 4.28929 -64.1601 
v -174.761 4.28929 -64.1081 
v -174.885 4.28929 -64.1081 
v -174.849 4.28929 -64.1601 
v -174.849 4.28929 -64.1601 
v -174.885 4.28929 -64.1081 
v -174.924 4.28929 -64.2291 
v -174.849 4.28929 -64.1601 
v -174.924 4.28929 -64.2291 
v -174.865 4.28929 -64.2091 
v -174.538 4.28929 -64.2401 
v -174.438 4.28929 -64.2291 
v -174.497 4.28929 -64.2091 
v -174.538 4.28929 -64.3041 
v -174.639 4.28929 -64.2291 
v -174.58 4.28929 -64.2091 
v -174.513 4.28929 -64.1601 
v -174.438 4.28929 -64.2291 
v -174.476 4.28929 -64.1081 
v -174.513 4.28929 -64.1601 
v -174.476 4.28929 -64.1081 
v -174.6 4.28929 -64.1081 
v -174.564 4.28929 -64.1601 
v -174.564 4.28929 -64.1601 
v -174.6 4.28929 -64.1081 
v -174.639 4.28929 -64.2291 
v -174.564 4.28929 -64.1601 
v -174.639 4.28929 -64.2291 
v -174.58 4.28929 -64.2091 
v -174.253 4.28929 -64.2401 
v -174.153 4.28929 -64.2291 
v -174.212 4.28929 -64.2091 
v -174.253 4.28929 -64.3041 
v -174.353 4.28929 -64.2291 
v -174.294 4.28929 -64.2091 
v -174.228 4.28929 -64.1601 
v -174.153 4.28929 -64.2291 
v -174.191 4.28929 -64.1081 
v -174.279 4.28929 -64.1601 
v -174.228 4.28929 -64.1601 
v -174.191 4.28929 -64.1081 
v -174.315 4.28929 -64.1081 
v -174.279 4.28929 -64.1601 
v -174.315 4.28929 -64.1081 
v -174.353 4.28929 -64.2291 
v -174.279 4.28929 -64.1601 
v -174.353 4.28929 -64.2291 
v -174.294 4.28929 -64.2091 
v -173.968 4.28929 -64.2401 
v -173.868 4.28929 -64.2291 
v -173.927 4.28929 -64.2091 
v -173.968 4.28929 -64.3041 
v -174.068 4.28929 -64.2291 
v -174.009 4.28929 -64.2091 
v -173.942 4.28929 -64.1601 
v -173.868 4.28929 -64.2291 
v -173.906 4.28929 -64.1081 
v -173.993 4.28929 -64.1601 
v -173.942 4.28929 -64.1601 
v -173.906 4.28929 -64.1081 
v -174.03 4.28929 -64.1081 
v -173.993 4.28929 -64.1601 
v -174.03 4.28929 -64.1081 
v -174.068 4.28929 -64.2291 
v -173.993 4.28929 -64.1601 
v -174.068 4.28929 -64.2291 
v -174.009 4.28929 -64.2091 
v -175.394 4.28929 -64.2401 
v -175.294 4.28929 -64.2291 
v -175.353 4.28929 -64.2091 
v -175.394 4.28929 -64.3041 
v -175.494 4.28929 -64.2291 
v -175.435 4.28929 -64.2091 
v -175.368 4.28929 -64.1601 
v -175.294 4.28929 -64.2291 
v -175.332 4.28929 -64.1081 
v -175.368 4.28929 -64.1601 
v -175.332 4.28929 -64.1081 
v -175.456 4.28929 -64.1081 
v -175.419 4.28929 -64.1601 
v -175.419 4.28929 -64.1601 
v -175.456 4.28929 -64.1081 
v -175.494 4.28929 -64.2291 
v -175.419 4.28929 -64.1601 
v -175.494 4.28929 -64.2291 
v -175.435 4.28929 -64.2091 
v -175.679 4.28929 -64.2401 
v -175.579 4.28929 -64.2291 
v -175.638 4.28929 -64.2091 
v -175.679 4.28929 -64.3041 
v -175.779 4.28929 -64.2291 
v -175.72 4.28929 -64.2091 
v -175.653 4.28929 -64.1601 
v -175.579 4.28929 -64.2291 
v -175.617 4.28929 -64.1081 
v -175.653 4.28929 -64.1601 
v -175.617 4.28929 -64.1081 
v -175.741 4.28929 -64.1081 
v -175.704 4.28929 -64.1601 
v -175.704 4.28929 -64.1601 
v -175.741 4.28929 -64.1081 
v -175.779 4.28929 -64.2291 
v -175.704 4.28929 -64.1601 
v -175.779 4.28929 -64.2291 
v -175.72 4.28929 -64.2091 
v -175.964 4.28929 -64.2401 
v -175.864 4.28929 -64.2291 
v -175.923 4.28929 -64.2091 
v -175.964 4.28929 -64.3041 
v -176.064 4.28929 -64.2291 
v -176.005 4.28929 -64.2091 
v -175.939 4.28929 -64.1601 
v -175.864 4.28929 -64.2291 
v -175.902 4.28929 -64.1081 
v -175.939 4.28929 -64.1601 
v -175.902 4.28929 -64.1081 
v -176.026 4.28929 -64.1081 
v -175.99 4.28929 -64.1601 
v -175.99 4.28929 -64.1601 
v -176.026 4.28929 -64.1081 
v -176.064 4.28929 -64.2291 
v -175.99 4.28929 -64.1601 
v -176.064 4.28929 -64.2291 
v -176.005 4.28929 -64.2091 
v -176.249 4.28929 -64.2401 
v -176.149 4.28929 -64.2291 
v -176.208 4.28929 -64.2091 
v -176.249 4.28929 -64.3041 
v -176.35 4.28929 -64.2291 
v -176.291 4.28929 -64.2091 
v -176.224 4.28929 -64.1601 
v -176.149 4.28929 -64.2291 
v -176.187 4.28929 -64.1081 
v -176.275 4.28929 -64.1601 
v -176.224 4.28929 -64.1601 
v -176.187 4.28929 -64.1081 
v -176.311 4.28929 -64.1081 
v -176.275 4.28929 -64.1601 
v -176.311 4.28929 -64.1081 
v -176.35 4.28929 -64.2291 
v -176.275 4.28929 -64.1601 
v -176.35 4.28929 -64.2291 
v -176.291 4.28929 -64.2091 
v -175.083 4.28929 -64.1601 
v -175.067 4.28929 -64.2091 
v -175.008 4.28929 -64.2291 
v -174.798 4.28929 -64.1601 
v -174.782 4.28929 -64.2091 
v -174.723 4.28929 -64.2291 
v -174.513 4.28929 -64.1601 
v -174.497 4.28929 -64.2091 
v -174.438 4.28929 -64.2291 
v -174.228 4.28929 -64.1601 
v -174.212 4.28929 -64.2091 
v -174.153 4.28929 -64.2291 
v -173.942 4.28929 -64.1601 
v -173.927 4.28929 -64.2091 
v -173.868 4.28929 -64.2291 
v -175.368 4.28929 -64.1601 
v -175.353 4.28929 -64.2091 
v -175.294 4.28929 -64.2291 
v -175.653 4.28929 -64.1601 
v -175.638 4.28929 -64.2091 
v -175.579 4.28929 -64.2291 
v -175.939 4.28929 -64.1601 
v -175.923 4.28929 -64.2091 
v -175.864 4.28929 -64.2291 
v -176.224 4.28929 -64.1601 
v -176.208 4.28929 -64.2091 
v -176.149 4.28929 -64.2291 
v -175.028 4.2458 -63.8881 
v -175.066 4.21597 -64.0091 
v -175.028 4.21597 -63.8881 
v -175.066 4.2458 -64.0091 
v -174.396 4.2458 -64.0841 
v -174.295 4.21597 -64.0091 
v -174.396 4.21597 -64.0841 
v -174.295 4.2458 -64.0091 
v -176.315 4.60088 -65.4061 
v -176.23 4.58708 -65.4541 
v -176.315 4.60088 -65.4541 
v -176.23 4.58708 -65.4061 
v -176.018 4.55767 -65.0231 
v -176.068 4.56442 -65.0751 
v -176.047 4.56442 -65.0231 
v -176.048 4.55767 -65.0951 
v -175.047 4.46574 -64.5481 
v -175.171 4.43591 -64.5481 
v -175.047 4.43591 -64.5481 
v -175.171 4.46574 -64.5481 
v -174.761 4.46574 -64.5481 
v -174.885 4.43591 -64.5481 
v -174.761 4.43591 -64.5481 
v -174.885 4.46574 -64.5481 
v -174.476 4.46574 -64.5481 
v -174.6 4.43591 -64.5481 
v -174.476 4.43591 -64.5481 
v -174.6 4.46574 -64.5481 
v -174.191 4.46574 -64.5481 
v -174.315 4.43591 -64.5481 
v -174.191 4.43591 -64.5481 
v -174.315 4.46574 -64.5481 
v -173.906 4.46574 -64.5481 
v -174.03 4.43591 -64.5481 
v -173.906 4.43591 -64.5481 
v -174.03 4.46574 -64.5481 
v -175.332 4.46574 -64.5481 
v -175.456 4.43591 -64.5481 
v -175.332 4.43591 -64.5481 
v -175.456 4.46574 -64.5481 
v -175.617 4.46574 -64.5481 
v -175.741 4.43591 -64.5481 
v -175.617 4.43591 -64.5481 
v -175.741 4.46574 -64.5481 
v -175.902 4.46574 -64.5481 
v -176.026 4.43591 -64.5481 
v -175.902 4.43591 -64.5481 
v -176.026 4.46574 -64.5481 
v -176.187 4.46574 -64.5481 
v -176.311 4.43591 -64.5481 
v -176.187 4.43591 -64.5481 
v -176.311 4.46574 -64.5481 
v -175.028 4.39243 -64.3281 
v -174.866 4.39243 -64.4491 
v -175.066 4.39243 -64.4491 
v -174.966 4.39243 -64.5241 
v -174.904 4.39243 -64.3281 
v -174.781 4.39243 -64.4491 
v -174.743 4.39243 -64.3281 
v -174.619 4.39243 -64.3281 
v -174.581 4.39243 -64.4491 
v -174.681 4.39243 -64.5241 
v -174.458 4.39243 -64.3281 
v -174.295 4.39243 -64.4491 
v -174.496 4.39243 -64.4491 
v -174.396 4.39243 -64.5241 
v -174.334 4.39243 -64.3281 
v -174.211 4.39243 -64.4491 
v -174.172 4.39243 -64.3281 
v -174.049 4.39243 -64.3281 
v -174.01 4.39243 -64.4491 
v -174.11 4.39243 -64.5241 
v -175.352 4.39243 -64.4491 
v -175.313 4.39243 -64.3281 
v -175.189 4.39243 -64.3281 
v -175.151 4.39243 -64.4491 
v -175.251 4.39243 -64.5241 
v -175.598 4.39243 -64.3281 
v -175.436 4.39243 -64.4491 
v -175.637 4.39243 -64.4491 
v -175.536 4.39243 -64.5241 
v -175.474 4.39243 -64.3281 
v -175.884 4.39243 -64.3281 
v -175.721 4.39243 -64.4491 
v -175.922 4.39243 -64.4491 
v -175.822 4.39243 -64.5241 
v -175.76 4.39243 -64.3281 
v -176.169 4.39243 -64.3281 
v -176.006 4.39243 -64.4491 
v -176.207 4.39243 -64.4491 
v -176.107 4.39243 -64.5241 
v -176.045 4.39243 -64.3281 
v -174.88 4.50028 -64.9321 
v -174.651 4.50046 -65.1561 
v -174.656 4.50753 -65.1561 
v -174.88 4.50028 -64.9321 
v -174.656 4.50753 -65.1561 
v -174.881 4.50753 -64.9361 
v -176.12 4.56442 -64.9491 
v -176.048 4.55767 -64.9511 
v -176.068 4.56442 -64.9711 
v -176.12 4.55767 -64.9211 
v -175.109 4.43591 -64.6801 
v -175.15 4.20492 -64.6491 
v -175.15 4.43591 -64.6491 
v -175.109 4.20492 -64.6801 
v -174.925 4.3626 -64.4291 
v -174.966 4.1316 -64.4601 
v -174.966 4.3626 -64.4601 
v -174.925 4.1316 -64.4291 
v -175.226 4.3626 -64.3801 
v -175.21 4.1316 -64.4291 
v -175.21 4.3626 -64.4291 
v -175.226 4.1316 -64.3801 
v -175.679 4.28929 -64.2401 
v -175.72 4.05829 -64.2091 
v -175.72 4.28929 -64.2091 
v -175.679 4.05829 -64.2401 
v -174.149 4.56442 -64.9711 
v -174.169 4.55767 -64.9511 
v -174.097 4.55767 -64.9211 
v -174.149 4.56442 -64.9711 
v -174.097 4.55767 -64.9211 
v -174.097 4.56442 -64.9491 
v -176.139 4.56914 -65.0041 
v -176.131 4.56609 -65.0121 
v -176.136 4.56609 -65.0231 
v -176.131 4.56609 -65.0341 
v -176.12 4.56609 -65.0381 
v -176.12 4.56914 -65.0501 
v -174.149 4.56442 -65.0751 
v -174.199 4.55767 -65.0231 
v -174.171 4.56442 -65.0231 
v -174.169 4.55767 -65.0951 
v -175.154 4.25559 -65.2601 
v -175.399 4.47672 -65.2591 
v -175.109 4.23441 -65.1081 
v -175.007 4.21597 -63.9891 
v -174.992 3.98497 -63.9401 
v -174.992 4.21597 -63.9401 
v -175.007 3.98497 -63.9891 
v -174.354 4.21597 -63.9891 
v -174.396 3.98497 -64.0201 
v -174.396 4.21597 -64.0201 
v -174.354 3.98497 -63.9891 
v -175.171 4.46574 -64.5481 
v -175.209 4.43591 -64.6691 
v -175.171 4.43591 -64.5481 
v -175.209 4.46574 -64.6691 
v -175.294 4.31912 -64.2291 
v -175.332 4.28929 -64.1081 
v -175.294 4.28929 -64.2291 
v -175.332 4.31912 -64.1081 
v -174.097 4.56914 -65.0501 
v -174.097 4.56609 -65.0381 
v -174.086 4.56609 -65.0341 
v -176.139 4.56914 -65.0041 
v -176.136 4.56609 -65.0231 
v -176.147 4.56914 -65.0231 
v -175.394 4.46574 -64.7441 
v -175.294 4.43591 -64.6691 
v -175.394 4.43591 -64.7441 
v -175.294 4.46574 -64.6691 
v -174.966 4.3626 -64.4601 
v -174.866 4.3626 -64.4491 
v -174.925 4.3626 -64.4291 
v -174.966 4.3626 -64.5241 
v -175.066 4.3626 -64.4491 
v -175.007 4.3626 -64.4291 
v -174.941 4.3626 -64.3801 
v -174.866 4.3626 -64.4491 
v -174.904 4.3626 -64.3281 
v -174.992 4.3626 -64.3801 
v -174.941 4.3626 -64.3801 
v -174.904 4.3626 -64.3281 
v -175.028 4.3626 -64.3281 
v -174.992 4.3626 -64.3801 
v -175.028 4.3626 -64.3281 
v -175.066 4.3626 -64.4491 
v -174.992 4.3626 -64.3801 
v -175.066 4.3626 -64.4491 
v -175.007 4.3626 -64.4291 
v -174.681 4.3626 -64.4601 
v -174.581 4.3626 -64.4491 
v -174.64 4.3626 -64.4291 
v -174.681 4.3626 -64.5241 
v -174.781 4.3626 -64.4491 
v -174.722 4.3626 -64.4291 
v -174.655 4.3626 -64.3801 
v -174.581 4.3626 -64.4491 
v -174.619 4.3626 -64.3281 
v -174.655 4.3626 -64.3801 
v -174.619 4.3626 -64.3281 
v -174.743 4.3626 -64.3281 
v -174.706 4.3626 -64.3801 
v -174.706 4.3626 -64.3801 
v -174.743 4.3626 -64.3281 
v -174.781 4.3626 -64.4491 
v -174.706 4.3626 -64.3801 
v -174.781 4.3626 -64.4491 
v -174.722 4.3626 -64.4291 
v -174.396 4.3626 -64.4601 
v -174.295 4.3626 -64.4491 
v -174.354 4.3626 -64.4291 
v -174.396 4.3626 -64.5241 
v -174.496 4.3626 -64.4491 
v -174.437 4.3626 -64.4291 
v -174.37 4.3626 -64.3801 
v -174.295 4.3626 -64.4491 
v -174.334 4.3626 -64.3281 
v -174.37 4.3626 -64.3801 
v -174.334 4.3626 -64.3281 
v -174.458 4.3626 -64.3281 
v -174.421 4.3626 -64.3801 
v -174.421 4.3626 -64.3801 
v -174.458 4.3626 -64.3281 
v -174.496 4.3626 -64.4491 
v -174.421 4.3626 -64.3801 
v -174.496 4.3626 -64.4491 
v -174.437 4.3626 -64.4291 
v -174.11 4.3626 -64.4601 
v -174.01 4.3626 -64.4491 
v -174.069 4.3626 -64.4291 
v -174.11 4.3626 -64.5241 
v -174.211 4.3626 -64.4491 
v -174.152 4.3626 -64.4291 
v -174.085 4.3626 -64.3801 
v -174.01 4.3626 -64.4491 
v -174.049 4.3626 -64.3281 
v -174.085 4.3626 -64.3801 
v -174.049 4.3626 -64.3281 
v -174.172 4.3626 -64.3281 
v -174.136 4.3626 -64.3801 
v -174.136 4.3626 -64.3801 
v -174.172 4.3626 -64.3281 
v -174.211 4.3626 -64.4491 
v -174.136 4.3626 -64.3801 
v -174.211 4.3626 -64.4491 
v -174.152 4.3626 -64.4291 
v -175.251 4.3626 -64.4601 
v -175.151 4.3626 -64.4491 
v -175.21 4.3626 -64.4291 
v -175.251 4.3626 -64.5241 
v -175.352 4.3626 -64.4491 
v -175.292 4.3626 -64.4291 
v -175.226 4.3626 -64.3801 
v -175.151 4.3626 -64.4491 
v -175.189 4.3626 -64.3281 
v -175.226 4.3626 -64.3801 
v -175.189 4.3626 -64.3281 
v -175.313 4.3626 -64.3281 
v -175.277 4.3626 -64.3801 
v -175.277 4.3626 -64.3801 
v -175.313 4.3626 -64.3281 
v -175.352 4.3626 -64.4491 
v -175.277 4.3626 -64.3801 
v -175.352 4.3626 -64.4491 
v -175.292 4.3626 -64.4291 
v -175.536 4.3626 -64.4601 
v -175.436 4.3626 -64.4491 
v -175.495 4.3626 -64.4291 
v -175.536 4.3626 -64.5241 
v -175.637 4.3626 -64.4491 
v -175.578 4.3626 -64.4291 
v -175.511 4.3626 -64.3801 
v -175.436 4.3626 -64.4491 
v -175.474 4.3626 -64.3281 
v -175.511 4.3626 -64.3801 
v -175.474 4.3626 -64.3281 
v -175.598 4.3626 -64.3281 
v -175.562 4.3626 -64.3801 
v -175.562 4.3626 -64.3801 
v -175.598 4.3626 -64.3281 
v -175.637 4.3626 -64.4491 
v -175.562 4.3626 -64.3801 
v -175.637 4.3626 -64.4491 
v -175.578 4.3626 -64.4291 
v -175.822 4.3626 -64.4601 
v -175.721 4.3626 -64.4491 
v -175.78 4.3626 -64.4291 
v -175.822 4.3626 -64.5241 
v -175.922 4.3626 -64.4491 
v -175.863 4.3626 -64.4291 
v -175.796 4.3626 -64.3801 
v -175.721 4.3626 -64.4491 
v -175.76 4.3626 -64.3281 
v -175.796 4.3626 -64.3801 
v -175.76 4.3626 -64.3281 
v -175.884 4.3626 -64.3281 
v -175.847 4.3626 -64.3801 
v -175.847 4.3626 -64.3801 
v -175.884 4.3626 -64.3281 
v -175.922 4.3626 -64.4491 
v -175.847 4.3626 -64.3801 
v -175.922 4.3626 -64.4491 
v -175.863 4.3626 -64.4291 
v -176.107 4.3626 -64.4601 
v -176.006 4.3626 -64.4491 
v -176.065 4.3626 -64.4291 
v -176.107 4.3626 -64.5241 
v -176.207 4.3626 -64.4491 
v -176.148 4.3626 -64.4291 
v -176.081 4.3626 -64.3801 
v -176.006 4.3626 -64.4491 
v -176.045 4.3626 -64.3281 
v -176.132 4.3626 -64.3801 
v -176.081 4.3626 -64.3801 
v -176.045 4.3626 -64.3281 
v -176.169 4.3626 -64.3281 
v -176.132 4.3626 -64.3801 
v -176.169 4.3626 -64.3281 
v -176.207 4.3626 -64.4491 
v -176.132 4.3626 -64.3801 
v -176.207 4.3626 -64.4491 
v -176.148 4.3626 -64.4291 
v -174.941 4.3626 -64.3801 
v -174.925 4.3626 -64.4291 
v -174.866 4.3626 -64.4491 
v -174.655 4.3626 -64.3801 
v -174.64 4.3626 -64.4291 
v -174.581 4.3626 -64.4491 
v -174.37 4.3626 -64.3801 
v -174.354 4.3626 -64.4291 
v -174.295 4.3626 -64.4491 
v -174.085 4.3626 -64.3801 
v -174.069 4.3626 -64.4291 
v -174.01 4.3626 -64.4491 
v -175.226 4.3626 -64.3801 
v -175.21 4.3626 -64.4291 
v -175.151 4.3626 -64.4491 
v -175.511 4.3626 -64.3801 
v -175.495 4.3626 -64.4291 
v -175.436 4.3626 -64.4491 
v -175.796 4.3626 -64.3801 
v -175.78 4.3626 -64.4291 
v -175.721 4.3626 -64.4491 
v -176.081 4.3626 -64.3801 
v -176.065 4.3626 -64.4291 
v -176.006 4.3626 -64.4491 
v -175.083 4.43591 -64.5991 
v -175.134 4.20492 -64.5991 
v -175.083 4.20492 -64.5991 
v -175.134 4.43591 -64.5991 
v -174.798 4.43591 -64.5991 
v -174.849 4.20492 -64.5991 
v -174.798 4.20492 -64.5991 
v -174.849 4.43591 -64.5991 
v -174.564 4.43591 -64.5991 
v -174.513 4.20492 -64.5991 
v -174.513 4.43591 -64.5991 
v -174.564 4.20492 -64.5991 
v -174.279 4.43591 -64.5991 
v -174.228 4.20492 -64.5991 
v -174.228 4.43591 -64.5991 
v -174.279 4.20492 -64.5991 
v -173.993 4.43591 -64.5991 
v -173.942 4.20492 -64.5991 
v -173.942 4.43591 -64.5991 
v -173.993 4.20492 -64.5991 
v -175.368 4.43591 -64.5991 
v -175.419 4.20492 -64.5991 
v -175.368 4.20492 -64.5991 
v -175.419 4.43591 -64.5991 
v -175.704 4.43591 -64.5991 
v -175.653 4.20492 -64.5991 
v -175.653 4.43591 -64.5991 
v -175.704 4.20492 -64.5991 
v -175.99 4.43591 -64.5991 
v -175.939 4.20492 -64.5991 
v -175.939 4.43591 -64.5991 
v -175.99 4.20492 -64.5991 
v -176.275 4.43591 -64.5991 
v -176.224 4.20492 -64.5991 
v -176.224 4.43591 -64.5991 
v -176.275 4.20492 -64.5991 
v -176.366 4.34517 -64.7751 
v -173.851 4.34517 -64.7031 
v -173.851 4.34517 -64.7751 
v -176.366 4.34517 -64.7031 
v -176.321 4.84128 -64.6391 
v -176.337 4.79977 -64.6361 
v -176.321 4.79977 -64.6361 
v -176.337 4.84128 -64.6391 
v -175.352 4.39243 -64.4491 
v -175.251 4.3626 -64.5241 
v -175.352 4.3626 -64.4491 
v -175.251 4.39243 -64.5241 
v -174.823 4.31912 -64.3041 
v -174.723 4.28929 -64.2291 
v -174.823 4.28929 -64.3041 
v -174.723 4.31912 -64.2291 
v -176.131 4.56609 -65.0341 
v -176.12 4.56914 -65.0501 
v -176.139 4.56914 -65.0421 
v -175.922 4.2458 -64.0091 
v -175.822 4.21597 -64.0841 
v -175.922 4.21597 -64.0091 
v -175.822 4.2458 -64.0841 
v -174.078 4.56914 -65.0041 
v -174.081 4.56609 -65.0231 
v -174.086 4.56609 -65.0121 
v -174.097 4.56914 -65.0501 
v -174.086 4.56609 -65.0341 
v -174.078 4.56914 -65.0421 
v -173.851 4.49602 -64.7481 
v -176.391 4.52012 -64.7671 
v -176.366 4.49602 -64.7481 
v -173.827 4.52012 -64.7671 
v -175.171 4.31912 -64.1081 
v -175.008 4.31912 -64.2291 
v -175.209 4.31912 -64.2291 
v -175.109 4.31912 -64.3041 
v -175.047 4.31912 -64.1081 
v -174.885 4.31912 -64.1081 
v -174.723 4.31912 -64.2291 
v -174.924 4.31912 -64.2291 
v -174.823 4.31912 -64.3041 
v -174.761 4.31912 -64.1081 
v -174.6 4.31912 -64.1081 
v -174.438 4.31912 -64.2291 
v -174.639 4.31912 -64.2291 
v -174.538 4.31912 -64.3041 
v -174.476 4.31912 -64.1081 
v -174.353 4.31912 -64.2291 
v -174.315 4.31912 -64.1081 
v -174.191 4.31912 -64.1081 
v -174.153 4.31912 -64.2291 
v -174.253 4.31912 -64.3041 
v -174.068 4.31912 -64.2291 
v -174.03 4.31912 -64.1081 
v -173.906 4.31912 -64.1081 
v -173.868 4.31912 -64.2291 
v -173.968 4.31912 -64.3041 
v -175.456 4.31912 -64.1081 
v -175.294 4.31912 -64.2291 
v -175.494 4.31912 -64.2291 
v -175.394 4.31912 -64.3041 
v -175.332 4.31912 -64.1081 
v -175.779 4.31912 -64.2291 
v -175.741 4.31912 -64.1081 
v -175.617 4.31912 -64.1081 
v -175.579 4.31912 -64.2291 
v -175.679 4.31912 -64.3041 
v -176.026 4.31912 -64.1081 
v -175.864 4.31912 -64.2291 
v -176.064 4.31912 -64.2291 
v -175.964 4.31912 -64.3041 
v -175.902 4.31912 -64.1081 
v -176.35 4.31912 -64.2291 
v -176.311 4.31912 -64.1081 
v -176.187 4.31912 -64.1081 
v -176.149 4.31912 -64.2291 
v -176.249 4.31912 -64.3041 
v -176.048 4.55767 -64.9511 
v -176.047 4.56442 -65.0231 
v -176.068 4.56442 -64.9711 
v -176.018 4.55767 -65.0231 
v -173.851 4.08969 -63.7731 
v -173.851 4.34517 -64.7031 
v -173.95 4.06239 -63.6731 
v -176.366 4.34517 -64.7031 
v -176.366 4.08969 -63.7731 
v -176.267 4.06239 -63.6731 
v -176.315 4.5775 -65.4541 
v -176.23 4.5637 -65.4061 
v -176.315 4.5775 -65.4061 
v -176.23 4.5637 -65.4541 
v -176.267 4.06239 -63.6731 
v -173.95 4.06239 -63.6731 
v -176.366 4.34517 -64.7031 
v -173.851 4.34517 -64.7031 
v -174.078 4.56914 -65.0041 
v -174.07 4.56914 -65.0231 
v -174.081 4.56609 -65.0231 
v -175.15 4.43591 -64.6491 
v -175.134 4.20492 -64.5991 
v -175.134 4.43591 -64.5991 
v -175.15 4.20492 -64.6491 
v -175.368 4.28929 -64.1601 
v -175.353 4.05829 -64.2091 
v -175.353 4.28929 -64.2091 
v -175.368 4.05829 -64.1601 
v -175.353 4.43591 -64.6491 
v -175.394 4.20492 -64.6801 
v -175.394 4.43591 -64.6801 
v -175.353 4.20492 -64.6491 
v -175.337 4.50028 -64.9321 
v -175.336 4.50753 -64.9361 
v -175.561 4.50753 -65.1561 
v -175.337 4.50028 -64.9321 
v -175.561 4.50753 -65.1561 
v -175.566 4.50046 -65.1561 
v -173.993 4.1104 -65.3341 
v -173.779 4.15554 -65.2251 
v -173.993 4.15554 -65.2251 
v -173.779 4.1104 -65.3341 
v -176.224 4.1104 -65.3341 
v -176.438 4.15554 -65.2251 
v -176.438 4.1104 -65.3341 
v -176.224 4.15554 -65.2251 
v -175.453 4.50889 -65.2371 
v -175.492 4.50073 -65.1561 
v -175.432 4.50237 -65.2331 
v -175.251 4.3626 -64.4601 
v -175.292 4.1316 -64.4291 
v -175.292 4.3626 -64.4291 
v -175.251 4.1316 -64.4601 
v -174.782 4.28929 -64.2091 
v -174.823 4.05829 -64.2401 
v -174.823 4.28929 -64.2401 
v -174.782 4.05829 -64.2091 
v -174.956 4.21409 -65.1561 
v -174.88 4.50028 -64.9321 
v -175.032 4.21409 -65.0621 
v -175.436 4.2458 -64.0091 
v -175.474 4.21597 -63.8881 
v -175.436 4.21597 -64.0091 
v -175.474 4.2458 -63.8881 
v -175.399 4.47672 -65.2591 
v -175.432 4.50237 -65.2331 
v -175.109 4.22992 -65.0651 
v -175.028 4.39243 -64.3281 
v -175.066 4.3626 -64.4491 
v -175.028 4.3626 -64.3281 
v -175.066 4.39243 -64.4491 
v -175.822 4.21597 -64.0201 
v -175.863 3.98497 -63.9891 
v -175.863 4.21597 -63.9891 
v -175.822 3.98497 -64.0201 
v -175.453 4.50889 -65.2371 
v -175.515 4.50753 -65.1571 
v -175.492 4.50073 -65.1561 
v -174.171 4.56442 -65.0231 
v -174.169 4.55767 -64.9511 
v -174.149 4.56442 -64.9711 
v -174.199 4.55767 -65.0231 
v -175.109 4.43591 -64.6801 
v -175.008 4.43591 -64.6691 
v -175.067 4.43591 -64.6491 
v -175.109 4.43591 -64.7441 
v -175.209 4.43591 -64.6691 
v -175.15 4.43591 -64.6491 
v -175.083 4.43591 -64.5991 
v -175.008 4.43591 -64.6691 
v -175.047 4.43591 -64.5481 
v -175.067 4.43591 -64.6491 
v -175.083 4.43591 -64.5991 
v -175.047 4.43591 -64.5481 
v -175.171 4.43591 -64.5481 
v -175.134 4.43591 -64.5991 
v -175.134 4.43591 -64.5991 
v -175.171 4.43591 -64.5481 
v -175.209 4.43591 -64.6691 
v -175.15 4.43591 -64.6491 
v -174.823 4.43591 -64.6801 
v -174.723 4.43591 -64.6691 
v -174.782 4.43591 -64.6491 
v -174.823 4.43591 -64.7441 
v -174.924 4.43591 -64.6691 
v -174.865 4.43591 -64.6491 
v -174.798 4.43591 -64.5991 
v -174.723 4.43591 -64.6691 
v -174.761 4.43591 -64.5481 
v -174.782 4.43591 -64.6491 
v -174.798 4.43591 -64.5991 
v -174.761 4.43591 -64.5481 
v -174.885 4.43591 -64.5481 
v -174.849 4.43591 -64.5991 
v -174.849 4.43591 -64.5991 
v -174.885 4.43591 -64.5481 
v -174.924 4.43591 -64.6691 
v -174.865 4.43591 -64.6491 
v -174.538 4.43591 -64.6801 
v -174.438 4.43591 -64.6691 
v -174.497 4.43591 -64.6491 
v -174.538 4.43591 -64.7441 
v -174.639 4.43591 -64.6691 
v -174.58 4.43591 -64.6491 
v -174.513 4.43591 -64.5991 
v -174.438 4.43591 -64.6691 
v -174.476 4.43591 -64.5481 
v -174.497 4.43591 -64.6491 
v -174.513 4.43591 -64.5991 
v -174.476 4.43591 -64.5481 
v -174.6 4.43591 -64.5481 
v -174.564 4.43591 -64.5991 
v -174.564 4.43591 -64.5991 
v -174.6 4.43591 -64.5481 
v -174.639 4.43591 -64.6691 
v -174.58 4.43591 -64.6491 
v -174.253 4.43591 -64.6801 
v -174.153 4.43591 -64.6691 
v -174.212 4.43591 -64.6491 
v -174.253 4.43591 -64.7441 
v -174.353 4.43591 -64.6691 
v -174.294 4.43591 -64.6491 
v -174.228 4.43591 -64.5991 
v -174.153 4.43591 -64.6691 
v -174.191 4.43591 -64.5481 
v -174.212 4.43591 -64.6491 
v -174.279 4.43591 -64.5991 
v -174.228 4.43591 -64.5991 
v -174.191 4.43591 -64.5481 
v -174.315 4.43591 -64.5481 
v -174.279 4.43591 -64.5991 
v -174.315 4.43591 -64.5481 
v -174.353 4.43591 -64.6691 
v -174.294 4.43591 -64.6491 
v -173.968 4.43591 -64.6801 
v -173.868 4.43591 -64.6691 
v -173.927 4.43591 -64.6491 
v -173.968 4.43591 -64.7441 
v -174.068 4.43591 -64.6691 
v -174.009 4.43591 -64.6491 
v -173.942 4.43591 -64.5991 
v -173.868 4.43591 -64.6691 
v -173.906 4.43591 -64.5481 
v -173.927 4.43591 -64.6491 
v -173.993 4.43591 -64.5991 
v -173.942 4.43591 -64.5991 
v -173.906 4.43591 -64.5481 
v -174.03 4.43591 -64.5481 
v -173.993 4.43591 -64.5991 
v -174.03 4.43591 -64.5481 
v -174.068 4.43591 -64.6691 
v -174.009 4.43591 -64.6491 
v -175.394 4.43591 -64.6801 
v -175.294 4.43591 -64.6691 
v -175.353 4.43591 -64.6491 
v -175.394 4.43591 -64.7441 
v -175.494 4.43591 -64.6691 
v -175.435 4.43591 -64.6491 
v -175.368 4.43591 -64.5991 
v -175.294 4.43591 -64.6691 
v -175.332 4.43591 -64.5481 
v -175.353 4.43591 -64.6491 
v -175.368 4.43591 -64.5991 
v -175.332 4.43591 -64.5481 
v -175.456 4.43591 -64.5481 
v -175.419 4.43591 -64.5991 
v -175.419 4.43591 -64.5991 
v -175.456 4.43591 -64.5481 
v -175.494 4.43591 -64.6691 
v -175.435 4.43591 -64.6491 
v -175.679 4.43591 -64.6801 
v -175.579 4.43591 -64.6691 
v -175.638 4.43591 -64.6491 
v -175.679 4.43591 -64.7441 
v -175.779 4.43591 -64.6691 
v -175.72 4.43591 -64.6491 
v -175.653 4.43591 -64.5991 
v -175.579 4.43591 -64.6691 
v -175.617 4.43591 -64.5481 
v -175.638 4.43591 -64.6491 
v -175.653 4.43591 -64.5991 
v -175.617 4.43591 -64.5481 
v -175.741 4.43591 -64.5481 
v -175.704 4.43591 -64.5991 
v -175.704 4.43591 -64.5991 
v -175.741 4.43591 -64.5481 
v -175.779 4.43591 -64.6691 
v -175.72 4.43591 -64.6491 
v -175.964 4.43591 -64.6801 
v -175.864 4.43591 -64.6691 
v -175.923 4.43591 -64.6491 
v -175.964 4.43591 -64.7441 
v -176.064 4.43591 -64.6691 
v -176.005 4.43591 -64.6491 
v -175.939 4.43591 -64.5991 
v -175.864 4.43591 -64.6691 
v -175.902 4.43591 -64.5481 
v -175.923 4.43591 -64.6491 
v -175.939 4.43591 -64.5991 
v -175.902 4.43591 -64.5481 
v -176.026 4.43591 -64.5481 
v -175.99 4.43591 -64.5991 
v -175.99 4.43591 -64.5991 
v -176.026 4.43591 -64.5481 
v -176.064 4.43591 -64.6691 
v -176.005 4.43591 -64.6491 
v -176.249 4.43591 -64.6801 
v -176.149 4.43591 -64.6691 
v -176.208 4.43591 -64.6491 
v -176.249 4.43591 -64.7441 
v -176.35 4.43591 -64.6691 
v -176.291 4.43591 -64.6491 
v -176.224 4.43591 -64.5991 
v -176.149 4.43591 -64.6691 
v -176.187 4.43591 -64.5481 
v -176.208 4.43591 -64.6491 
v -176.275 4.43591 -64.5991 
v -176.224 4.43591 -64.5991 
v -176.187 4.43591 -64.5481 
v -176.311 4.43591 -64.5481 
v -176.275 4.43591 -64.5991 
v -176.311 4.43591 -64.5481 
v -176.35 4.43591 -64.6691 
v -176.291 4.43591 -64.6491 
v -176.136 4.56609 -65.0231 
v -176.131 4.56609 -65.0341 
v -176.139 4.56914 -65.0421 
v -174.818 4.47672 -65.2591 
v -175.064 4.25559 -65.2601 
v -175.109 4.23441 -65.1081 
v -175.399 4.47672 -65.2591 
v -175.109 4.22992 -65.0651 
v -175.109 4.23441 -65.1081 
v -174.924 4.46574 -64.6691 
v -174.823 4.43591 -64.7441 
v -174.924 4.43591 -64.6691 
v -174.823 4.46574 -64.7441 
v -175.251 4.39243 -64.5241 
v -175.151 4.3626 -64.4491 
v -175.251 4.3626 -64.5241 
v -175.151 4.39243 -64.4491 
v -176.23 4.45065 -65.5041 
v -176.207 4.45065 -65.4571 
v -176.23 4.45065 -65.4571 
v -176.207 4.45065 -65.5041 
v -176.136 4.56609 -65.0231 
v -176.139 4.56914 -65.0421 
v -176.147 4.56914 -65.0231 
v -175.494 4.31912 -64.2291 
v -175.394 4.28929 -64.3041 
v -175.494 4.28929 -64.2291 
v -175.394 4.31912 -64.3041 
v -174.681 4.2458 -64.0841 
v -174.581 4.21597 -64.0091 
v -174.681 4.21597 -64.0841 
v -174.581 4.2458 -64.0091 
v -174.765 4.50889 -65.2371 
v -174.785 4.50237 -65.2331 
v -174.725 4.50073 -65.1561 
v -175.028 4.2458 -63.8881 
v -174.866 4.2458 -64.0091 
v -175.066 4.2458 -64.0091 
v -174.966 4.2458 -64.0841 
v -174.904 4.2458 -63.8881 
v -174.743 4.2458 -63.8881 
v -174.581 4.2458 -64.0091 
v -174.781 4.2458 -64.0091 
v -174.681 4.2458 -64.0841 
v -174.619 4.2458 -63.8881 
v -174.458 4.2458 -63.8881 
v -174.295 4.2458 -64.0091 
v -174.496 4.2458 -64.0091 
v -174.396 4.2458 -64.0841 
v -174.334 4.2458 -63.8881 
v -174.172 4.2458 -63.8881 
v -174.01 4.2458 -64.0091 
v -174.211 4.2458 -64.0091 
v -174.11 4.2458 -64.0841 
v -174.049 4.2458 -63.8881 
v -175.313 4.2458 -63.8881 
v -175.151 4.2458 -64.0091 
v -175.352 4.2458 -64.0091 
v -175.251 4.2458 -64.0841 
v -175.189 4.2458 -63.8881 
v -175.598 4.2458 -63.8881 
v -175.436 4.2458 -64.0091 
v -175.637 4.2458 -64.0091 
v -175.536 4.2458 -64.0841 
v -175.474 4.2458 -63.8881 
v -175.884 4.2458 -63.8881 
v -175.721 4.2458 -64.0091 
v -175.922 4.2458 -64.0091 
v -175.822 4.2458 -64.0841 
v -175.76 4.2458 -63.8881 
v -176.169 4.2458 -63.8881 
v -176.006 4.2458 -64.0091 
v -176.207 4.2458 -64.0091 
v -176.107 4.2458 -64.0841 
v -176.045 4.2458 -63.8881 
v -175.511 4.21597 -63.9401 
v -175.495 3.98497 -63.9891 
v -175.495 4.21597 -63.9891 
v -175.511 3.98497 -63.9401 
v -174.956 4.21409 -65.1561 
v -174.651 4.50046 -65.1561 
v -174.88 4.50028 -64.9321 
v -174.765 4.50889 -65.2371 
v -174.725 4.50073 -65.1561 
v -174.702 4.50753 -65.1571 
v -175.007 4.3626 -64.4291 
v -174.992 4.1316 -64.3801 
v -174.992 4.3626 -64.3801 
v -175.007 4.1316 -64.4291 
v -174.078 4.56914 -65.0421 
v -174.086 4.56609 -65.0341 
v -174.081 4.56609 -65.0231 
v -175.294 4.46574 -64.6691 
v -175.332 4.43591 -64.5481 
v -175.294 4.43591 -64.6691 
v -175.332 4.46574 -64.5481 
v -174.002 4.48548 -64.9281 
v -174.192 4.48548 -64.9281 
v -174.192 4.48548 -65.1181 
v -174.232 4.48548 -65.0231 
v -174.097 4.48548 -64.8881 
v -174.002 4.48548 -65.1181 
v -173.962 4.48548 -65.0231 
v -176.025 4.48548 -64.9281 
v -176.215 4.48548 -64.9281 
v -176.215 4.48548 -65.1181 
v -176.255 4.48548 -65.0231 
v -176.12 4.48548 -64.8881 
v -176.025 4.48548 -65.1181 
v -175.985 4.48548 -65.0231 
v -174.192 4.48548 -65.1181 
v -174.097 4.48548 -65.1581 
v -174.002 4.48548 -64.9281 
v -174.097 4.48548 -65.1581 
v -174.002 4.48548 -65.1181 
v -174.002 4.48548 -64.9281 
v -176.215 4.48548 -65.1181 
v -176.12 4.48548 -65.1581 
v -176.025 4.48548 -64.9281 
v -176.12 4.48548 -65.1581 
v -176.025 4.48548 -65.1181 
v -176.025 4.48548 -64.9281 
v -174.885 4.31912 -64.1081 
v -174.924 4.28929 -64.2291 
v -174.885 4.28929 -64.1081 
v -174.924 4.31912 -64.2291 
v -174.078 4.56914 -65.0421 
v -174.081 4.56609 -65.0231 
v -174.07 4.56914 -65.0231 
v -175.485 4.49524 -65.2301 
v -175.524 4.49524 -65.1921 
v -175.464 4.49524 -65.2511 
v -174.823 4.43591 -64.6801 
v -174.865 4.20492 -64.6491 
v -174.865 4.43591 -64.6491 
v -174.823 4.20492 -64.6801 
v -175.21 4.3626 -64.4291 
v -175.251 4.1316 -64.4601 
v -175.251 4.3626 -64.4601 
v -175.21 4.1316 -64.4291 
v -175.394 4.28929 -64.2401 
v -175.435 4.05829 -64.2091 
v -175.435 4.28929 -64.2091 
v -175.394 4.05829 -64.2401 
v -174.64 4.21597 -63.9891 
v -174.681 3.98497 -64.0201 
v -174.681 4.21597 -64.0201 
v -174.64 3.98497 -63.9891 
v -175.337 4.50028 -64.9321 
v -175.261 4.21409 -65.1561 
v -175.185 4.21409 -65.0621 
v -175.109 4.22992 -65.0651 
v -174.785 4.50237 -65.2331 
v -174.818 4.47672 -65.2591 
v -173.89 4.52975 -65.3021 
v -176.328 4.52975 -65.2711 
v -176.328 4.52975 -65.3021 
v -173.89 4.52975 -65.2711 
v -175.679 4.46574 -64.7441 
v -175.579 4.43591 -64.6691 
v -175.679 4.43591 -64.7441 
v -175.579 4.46574 -64.6691 
v -176.366 4.49602 -64.7481 
v -173.851 4.34516 -64.7751 
v -173.851 4.49602 -64.7481 
v -176.366 4.34516 -64.7751 
v -175.353 4.43591 -64.6491 
v -175.368 4.20492 -64.5991 
v -175.353 4.20492 -64.6491 
v -175.368 4.43591 -64.5991 
v -175.109 4.22992 -65.0651 
v -174.818 4.47672 -65.2591 
v -175.109 4.23441 -65.1081 
v -176.378 4.49524 -64.7751 
v -176.4 4.47327 -64.7751 
v -176.4 3.95173 -64.7751 
v -173.84 4.49524 -64.7751 
v -173.818 3.95173 -64.7751 
v -173.818 4.47327 -64.7751 
v -174.865 4.28929 -64.2091 
v -174.849 4.05829 -64.1601 
v -174.849 4.28929 -64.1601 
v -174.865 4.05829 -64.2091 
v -175.066 4.39243 -64.4491 
v -174.966 4.3626 -64.5241 
v -175.066 4.3626 -64.4491 
v -174.966 4.39243 -64.5241 
v -175.109 4.31912 -64.3041 
v -175.008 4.28929 -64.2291 
v -175.109 4.28929 -64.3041 
v -175.008 4.31912 -64.2291 
v -175.064 4.25559 -65.2601 
v -175.154 4.25559 -65.2601 
v -175.109 4.23441 -65.1081 
v -175.337 4.50028 -64.9321 
v -175.566 4.50046 -65.1561 
v -175.261 4.21409 -65.1561 
v -174.282 4.16115 -63.6681 
v -173.961 4.16115 -63.7131 
v -174.282 4.16115 -63.8471 
v -173.961 4.16115 -63.8011 
v -175.935 4.16115 -63.6681 
v -175.935 4.16115 -63.8471 
v -176.256 4.16115 -63.8011 
v -176.256 4.16115 -63.7131 
v -175.637 4.2458 -64.0091 
v -175.536 4.21597 -64.0841 
v -175.637 4.21597 -64.0091 
v -175.536 4.2458 -64.0841 
v -175.436 4.39243 -64.4491 
v -175.474 4.3626 -64.3281 
v -175.436 4.3626 -64.4491 
v -175.474 4.39243 -64.3281 
v -174.743 4.2458 -63.8881 
v -174.781 4.21597 -64.0091 
v -174.743 4.21597 -63.8881 
v -174.781 4.2458 -64.0091 
v -176.315 4.5775 -65.4541 
v -176.342 4.5775 -65.4061 
v -176.342 4.5775 -65.4541 
v -176.315 4.5775 -65.4061 
v -173.779 4.37344 -65.2251 
v -173.993 4.41857 -65.3341 
v -173.993 4.37344 -65.2251 
v -173.779 4.41857 -65.3341 
v -176.224 4.37344 -65.2251 
v -176.438 4.41857 -65.3341 
v -176.438 4.37344 -65.2251 
v -176.224 4.41857 -65.3341 
v -174.88 4.50028 -64.9321 
v -175.336 4.50753 -64.9361 
v -175.337 4.50028 -64.9321 
v -174.881 4.50753 -64.9361 
v -175.638 4.43591 -64.6491 
v -175.679 4.20492 -64.6801 
v -175.679 4.43591 -64.6801 
v -175.638 4.20492 -64.6491 
v -174.966 4.3626 -64.4601 
v -175.007 4.1316 -64.4291 
v -175.007 4.3626 -64.4291 
v -174.966 4.1316 -64.4601 
v -175.067 4.28929 -64.2091 
v -175.109 4.05829 -64.2401 
v -175.109 4.28929 -64.2401 
v -175.067 4.05829 -64.2091 
v -175.432 4.50237 -65.2331 
v -175.492 4.50073 -65.1561 
v -175.109 4.22992 -65.0651 
v -175.511 4.3626 -64.3801 
v -175.495 4.1316 -64.4291 
v -175.495 4.3626 -64.4291 
v -175.511 4.1316 -64.3801 
v -174.722 4.21597 -63.9891 
v -174.706 3.98497 -63.9401 
v -174.706 4.21597 -63.9401 
v -174.722 3.98497 -63.9891 
v -175.536 4.21597 -64.0201 
v -175.578 3.98497 -63.9891 
v -175.578 4.21597 -63.9891 
v -175.536 3.98497 -64.0201 
v -176.03 4.53677 -65.1131 
v -176.048 4.55767 -65.0951 
v -176.018 4.55767 -65.0231 
v -176.03 4.53677 -65.1131 
v -176.018 4.55767 -65.0231 
v -175.993 4.53677 -65.0231 
v -174.639 4.46574 -64.6691 
v -174.538 4.43591 -64.7441 
v -174.639 4.43591 -64.6691 
v -174.538 4.46574 -64.7441 
v -175.536 4.39243 -64.5241 
v -175.436 4.3626 -64.4491 
v -175.536 4.3626 -64.5241 
v -175.436 4.39243 -64.4491 
v -174.885 4.46574 -64.5481 
v -174.924 4.43591 -64.6691 
v -174.885 4.43591 -64.5481 
v -174.924 4.46574 -64.6691 
v -175.579 4.31912 -64.2291 
v -175.617 4.28929 -64.1081 
v -175.579 4.28929 -64.2291 
v -175.617 4.31912 -64.1081 
v -175.209 4.31912 -64.2291 
v -175.109 4.28929 -64.3041 
v -175.209 4.28929 -64.2291 
v -175.109 4.31912 -64.3041 
v -174.966 4.2458 -64.0841 
v -174.866 4.21597 -64.0091 
v -174.966 4.21597 -64.0841 
v -174.866 4.2458 -64.0091 
v -176.048 4.55767 -64.9511 
v -176.12 4.55767 -64.9211 
v -176.12 4.53677 -64.8951 
v -176.048 4.55767 -64.9511 
v -176.12 4.53677 -64.8951 
v -176.03 4.53677 -64.9331 
v -174.538 4.43591 -64.6801 
v -174.58 4.20492 -64.6491 
v -174.58 4.43591 -64.6491 
v -174.538 4.20492 -64.6801 
v -174.725 4.50073 -65.1561 
v -174.785 4.50237 -65.2331 
v -175.109 4.22992 -65.0651 
v -175.495 4.3626 -64.4291 
v -175.536 4.1316 -64.4601 
v -175.536 4.3626 -64.4601 
v -175.495 4.1316 -64.4291 
v -174.849 4.43591 -64.5991 
v -174.865 4.20492 -64.6491 
v -174.849 4.20492 -64.5991 
v -174.865 4.43591 -64.6491 
v -174.097 4.53677 -64.8951 
v -174.097 4.55767 -64.9211 
v -174.169 4.55767 -64.9511 
v -175.653 4.28929 -64.1601 
v -175.638 4.05829 -64.2091 
v -175.638 4.28929 -64.2091 
v -175.653 4.05829 -64.1601 
v -176.342 4.67791 -65.3821 
v -176.352 4.67791 -65.4411 
v -176.342 4.67791 -65.4301 
v -176.342 4.67791 -65.4301 
v -176.305 4.67791 -65.4411 
v -176.315 4.67791 -65.4301 
v -176.352 4.67791 -65.4411 
v -176.315 4.67791 -65.4301 
v -176.305 4.67791 -65.3721 
v -176.315 4.67791 -65.3821 
v -176.315 4.67791 -65.3821 
v -176.352 4.67791 -65.3721 
v -176.342 4.67791 -65.3821 
v -176.305 4.67791 -65.3721 
v -176.342 4.67791 -65.3821 
v -176.352 4.67791 -65.3721 
v -176.352 4.67791 -65.4411 
v -176.315 4.67791 -65.4301 
v -176.305 4.67791 -65.4411 
v -176.305 4.67791 -65.3721 
v -175.109 4.28929 -64.2401 
v -175.15 4.05829 -64.2091 
v -175.15 4.28929 -64.2091 
v -175.109 4.05829 -64.2401 
v -174.925 4.21597 -63.9891 
v -174.966 3.98497 -64.0201 
v -174.966 4.21597 -64.0201 
v -174.925 3.98497 -63.9891 
v -174.097 4.53677 -64.8951 
v -174.169 4.55767 -64.9511 
v -174.187 4.53677 -64.9331 
v -174.187 4.53677 -65.1131 
v -174.225 4.53677 -65.0231 
v -174.199 4.55767 -65.0231 
v -175.721 4.2458 -64.0091 
v -175.76 4.21597 -63.8881 
v -175.721 4.21597 -64.0091 
v -175.76 4.2458 -63.8881 
v -174.743 4.39243 -64.3281 
v -174.781 4.3626 -64.4491 
v -174.743 4.3626 -64.3281 
v -174.781 4.39243 -64.4491 
v -174.187 4.53677 -65.1131 
v -174.199 4.55767 -65.0231 
v -174.169 4.55767 -65.0951 
v -175.964 4.46574 -64.7441 
v -175.864 4.43591 -64.6691 
v -175.964 4.43591 -64.7441 
v -175.864 4.46574 -64.6691 
v -174.781 4.39243 -64.4491 
v -174.681 4.3626 -64.5241 
v -174.781 4.3626 -64.4491 
v -174.681 4.39243 -64.5241 
v -175.394 4.31912 -64.3041 
v -175.294 4.28929 -64.2291 
v -175.394 4.28929 -64.3041 
v -175.294 4.31912 -64.2291 
v -173.844 4.44862 -64.9561 
v -176.373 4.18904 -64.9561 
v -173.844 4.18904 -64.9561 
v -176.373 4.44862 -64.9561 
v -175.352 4.2458 -64.0091 
v -175.251 4.21597 -64.0841 
v -175.352 4.21597 -64.0091 
v -175.251 4.2458 -64.0841 
v -174.601 4.3948 -65.2241 
v -174.662 4.42202 -65.1801 
v -174.662 4.3948 -65.2241 
v -174.601 4.42202 -65.1801 
v -173.919 4.3948 -65.2241 
v -173.98 4.42202 -65.1801 
v -173.98 4.3948 -65.2241 
v -173.919 4.42202 -65.1801 
v -175.555 4.42202 -65.1801 
v -175.616 4.3948 -65.2241 
v -175.555 4.3948 -65.2241 
v -175.616 4.42202 -65.1801 
v -176.237 4.42202 -65.1801 
v -176.298 4.3948 -65.2241 
v -176.237 4.3948 -65.2241 
v -176.298 4.42202 -65.1801 
v -174.88 4.50028 -64.9321 
v -175.185 4.21409 -65.0621 
v -175.032 4.21409 -65.0621 
v -175.337 4.50028 -64.9321 
v -175.555 4.3948 -65.2241 
v -175.555 4.58399 -65.2801 
v -175.555 4.42202 -65.1801 
v -175.555 4.55677 -65.3241 
v -175.796 4.21597 -63.9401 
v -175.78 3.98497 -63.9891 
v -175.78 4.21597 -63.9891 
v -175.796 3.98497 -63.9401 
v -174.722 4.3626 -64.4291 
v -174.706 4.1316 -64.3801 
v -174.706 4.3626 -64.3801 
v -174.722 4.1316 -64.4291 
v -175.923 4.43591 -64.6491 
v -175.964 4.20492 -64.6801 
v -175.964 4.43591 -64.6801 
v -175.923 4.20492 -64.6491 
v -175.579 4.46574 -64.6691 
v -175.617 4.43591 -64.5481 
v -175.579 4.43591 -64.6691 
v -175.617 4.46574 -64.5481 
v -174.6 4.31912 -64.1081 
v -174.639 4.28929 -64.2291 
v -174.6 4.28929 -64.1081 
v -174.639 4.31912 -64.2291 
v -174.681 4.3626 -64.4601 
v -174.722 4.1316 -64.4291 
v -174.722 4.3626 -64.4291 
v -174.681 4.1316 -64.4601 
v -175.353 4.28929 -64.2091 
v -175.394 4.05829 -64.2401 
v -175.394 4.28929 -64.2401 
v -175.353 4.05829 -64.2091 
v -175.251 4.21597 -64.0201 
v -175.292 3.98497 -63.9891 
v -175.292 4.21597 -63.9891 
v -175.251 3.98497 -64.0201 
v -174.353 4.46574 -64.6691 
v -174.253 4.43591 -64.7441 
v -174.353 4.43591 -64.6691 
v -174.253 4.46574 -64.7441 
v -175.822 4.39243 -64.5241 
v -175.721 4.3626 -64.4491 
v -175.822 4.3626 -64.5241 
v -175.721 4.39243 -64.4491 
v -174.924 4.31912 -64.2291 
v -174.823 4.28929 -64.3041 
v -174.924 4.28929 -64.2291 
v -174.823 4.31912 -64.3041 
v -176.321 4.79838 -64.6601 
v -176.337 4.79977 -64.6361 
v -176.337 4.79838 -64.6601 
v -176.321 4.79977 -64.6361 
v -175.251 4.2458 -64.0841 
v -175.151 4.21597 -64.0091 
v -175.251 4.21597 -64.0841 
v -175.151 4.2458 -64.0091 
v -176.321 4.79577 -64.7001 
v -176.337 4.79838 -64.6601 
v -176.337 4.79577 -64.7001 
v -176.321 4.79838 -64.6601 
v -176.321 4.79317 -64.7411 
v -176.337 4.79317 -64.7411 
v -176.321 4.79057 -64.7811 
v -176.337 4.79057 -64.7811 
v -176.321 4.78796 -64.8211 
v -176.337 4.78796 -64.8211 
v -175.653 4.43591 -64.5991 
v -175.638 4.20492 -64.6491 
v -175.638 4.43591 -64.6491 
v -175.653 4.20492 -64.5991 
v -174.58 4.28929 -64.2091 
v -174.564 4.05829 -64.1601 
v -174.564 4.28929 -64.1601 
v -174.58 4.05829 -64.2091 
v -174.601 4.58399 -65.2801 
v -174.662 4.42202 -65.1801 
v -174.601 4.42202 -65.1801 
v -174.662 4.58399 -65.2801 
v -173.919 4.58399 -65.2801 
v -173.98 4.42202 -65.1801 
v -173.919 4.42202 -65.1801 
v -173.98 4.58399 -65.2801 
v -175.555 4.42202 -65.1801 
v -175.616 4.58399 -65.2801 
v -175.616 4.42202 -65.1801 
v -175.555 4.58399 -65.2801 
v -176.237 4.42202 -65.1801 
v -176.298 4.58399 -65.2801 
v -176.298 4.42202 -65.1801 
v -176.237 4.58399 -65.2801 
v -176.321 4.69027 -65.3721 
v -176.337 4.78796 -64.8211 
v -176.337 4.69027 -65.3721 
v -176.321 4.78796 -64.8211 
v -175.721 4.39243 -64.4491 
v -175.76 4.3626 -64.3281 
v -175.721 4.3626 -64.4491 
v -175.76 4.39243 -64.3281 
v -176.018 4.55767 -65.0231 
v -176.048 4.55767 -64.9511 
v -176.03 4.53677 -64.9331 
v -176.018 4.55767 -65.0231 
v -176.03 4.53677 -64.9331 
v -175.993 4.53677 -65.0231 
v -174.458 4.2458 -63.8881 
v -174.496 4.21597 -64.0091 
v -174.458 4.21597 -63.8881 
v -174.496 4.2458 -64.0091 
v -175.78 4.3626 -64.4291 
v -175.822 4.1316 -64.4601 
v -175.822 4.3626 -64.4601 
v -175.78 4.1316 -64.4291 
v -174.253 4.43591 -64.6801 
v -174.294 4.20492 -64.6491 
v -174.294 4.43591 -64.6491 
v -174.253 4.20492 -64.6801 
v -174.823 4.28929 -64.2401 
v -174.865 4.05829 -64.2091 
v -174.865 4.28929 -64.2091 
v -174.823 4.05829 -64.2401 
v -175.21 4.21597 -63.9891 
v -175.251 3.98497 -64.0201 
v -175.251 4.21597 -64.0201 
v -175.21 3.98497 -63.9891 
v -173.779 4.15554 -65.2251 
v -173.993 4.26449 -65.1791 
v -173.993 4.15554 -65.2251 
v -173.779 4.26449 -65.1791 
v -176.224 4.26449 -65.1791 
v -176.438 4.15554 -65.2251 
v -176.224 4.15554 -65.2251 
v -176.438 4.26449 -65.1791 
v -176.244 4.47394 -65.4431 
v -173.965 4.49524 -65.4651 
v -176.253 4.49524 -65.4651 
v -173.974 4.47381 -65.4431 
v -176.249 4.46574 -64.7441 
v -176.149 4.43591 -64.6691 
v -176.249 4.43591 -64.7441 
v -176.149 4.46574 -64.6691 
v -175.796 4.3626 -64.3801 
v -175.78 4.1316 -64.4291 
v -175.78 4.3626 -64.4291 
v -175.796 4.1316 -64.3801 
v -174.662 4.58399 -65.2801 
v -174.662 4.3948 -65.2241 
v -174.662 4.42202 -65.1801 
v -174.662 4.55677 -65.3241 
v -174.437 4.21597 -63.9891 
v -174.421 3.98497 -63.9401 
v -174.421 4.21597 -63.9401 
v -174.437 3.98497 -63.9891 
v -174.496 4.39243 -64.4491 
v -174.396 4.3626 -64.5241 
v -174.496 4.3626 -64.4491 
v -174.396 4.39243 -64.5241 
v -175.679 4.31912 -64.3041 
v -175.579 4.28929 -64.2291 
v -175.679 4.28929 -64.3041 
v -175.579 4.31912 -64.2291 
v -175.066 4.2458 -64.0091 
v -174.966 4.21597 -64.0841 
v -175.066 4.21597 -64.0091 
v -174.966 4.2458 -64.0841 
v -174.6 4.46574 -64.5481 
v -174.639 4.43591 -64.6691 
v -174.6 4.43591 -64.5481 
v -174.639 4.46574 -64.6691 
v -175.864 4.31912 -64.2291 
v -175.902 4.28929 -64.1081 
v -175.864 4.28929 -64.2291 
v -175.902 4.31912 -64.1081 
v -176.025 4.48548 -65.1181 
v -175.993 4.53677 -65.0231 
v -175.985 4.48548 -65.0231 
v -176.03 4.53677 -65.1131 
v -174.187 4.53677 -64.9331 
v -174.199 4.55767 -65.0231 
v -174.225 4.53677 -65.0231 
v -174.187 4.53677 -64.9331 
v -174.169 4.55767 -64.9511 
v -174.199 4.55767 -65.0231 
v -176.208 4.43591 -64.6491 
v -176.249 4.20492 -64.6801 
v -176.249 4.43591 -64.6801 
v -176.208 4.20492 -64.6491 
v -173.779 4.26449 -65.1791 
v -173.993 4.37344 -65.2251 
v -173.993 4.26449 -65.1791 
v -173.779 4.37344 -65.2251 
v -176.224 4.37344 -65.2251 
v -176.438 4.26449 -65.1791 
v -176.224 4.26449 -65.1791 
v -176.438 4.37344 -65.2251 
v -174.396 4.3626 -64.4601 
v -174.437 4.1316 -64.4291 
v -174.437 4.3626 -64.4291 
v -174.396 4.1316 -64.4601 
v -175.638 4.28929 -64.2091 
v -175.679 4.05829 -64.2401 
v -175.679 4.28929 -64.2401 
v -175.638 4.05829 -64.2091 
v -174.966 4.21597 -64.0201 
v -175.007 3.98497 -63.9891 
v -175.007 4.21597 -63.9891 
v -174.966 3.98497 -64.0201 
v -175.939 4.28929 -64.1601 
v -175.923 4.05829 -64.2091 
v -175.923 4.28929 -64.2091 
v -175.939 4.05829 -64.1601 
v -174.58 4.43591 -64.6491 
v -174.564 4.20492 -64.5991 
v -174.564 4.43591 -64.5991 
v -174.58 4.20492 -64.6491 
v -176.107 4.39243 -64.5241 
v -176.006 4.3626 -64.4491 
v -176.107 4.3626 -64.5241 
v -176.006 4.39243 -64.4491 
v -176.006 4.2458 -64.0091 
v -176.045 4.21597 -63.8881 
v -176.006 4.21597 -64.0091 
v -176.045 4.2458 -63.8881 
v -174.068 4.46574 -64.6691 
v -173.968 4.43591 -64.7441 
v -174.068 4.43591 -64.6691 
v -173.968 4.46574 -64.7441 
v -173.961 3.97406 -63.8011 
v -174.282 4.16115 -63.8471 
v -173.961 4.16115 -63.8011 
v -174.282 3.97406 -63.8471 
v -174.458 4.39243 -64.3281 
v -174.496 4.3626 -64.4491 
v -174.458 4.3626 -64.3281 
v -174.496 4.39243 -64.4491 
v -174.639 4.31912 -64.2291 
v -174.538 4.28929 -64.3041 
v -174.639 4.28929 -64.2291 
v -174.538 4.31912 -64.3041 
v -176.12 4.48548 -64.8881 
v -176.03 4.53677 -64.9331 
v -176.12 4.53677 -64.8951 
v -176.025 4.48548 -64.9281 
v -175.536 4.2458 -64.0841 
v -175.436 4.21597 -64.0091 
v -175.536 4.21597 -64.0841 
v -175.436 4.2458 -64.0091 
v -176.267 4.15568 -63.6471 
v -173.94 4.17148 -63.6181 
v -173.95 4.15568 -63.6471 
v -176.277 4.17148 -63.6181 
v -175.935 3.97406 -63.8471 
v -176.256 4.16115 -63.8011 
v -175.935 4.16115 -63.8471 
v -176.256 3.97406 -63.8011 
v -176.081 4.21597 -63.9401 
v -176.065 3.98497 -63.9891 
v -176.065 4.21597 -63.9891 
v -176.081 3.98497 -63.9401 
v -176.065 4.3626 -64.4291 
v -176.107 4.1316 -64.4601 
v -176.107 4.3626 -64.4601 
v -176.065 4.1316 -64.4291 
v -174.437 4.3626 -64.4291 
v -174.421 4.1316 -64.3801 
v -174.421 4.3626 -64.3801 
v -174.437 4.1316 -64.4291 
v -175.464 4.49524 -65.2511 
v -175.342 4.38088 -65.2511 
v -175.442 4.47472 -65.2511 
v -173.968 4.43591 -64.6801 
v -174.009 4.20492 -64.6491 
v -174.009 4.43591 -64.6491 
v -173.968 4.20492 -64.6801 
v -174.538 4.28929 -64.2401 
v -174.58 4.05829 -64.2091 
v -174.58 4.28929 -64.2091 
v -174.538 4.05829 -64.2401 
v -175.495 4.21597 -63.9891 
v -175.536 3.98497 -64.0201 
v -175.536 4.21597 -64.0201 
v -175.495 3.98497 -63.9891 
v -175.864 4.46574 -64.6691 
v -175.902 4.43591 -64.5481 
v -175.864 4.43591 -64.6691 
v -175.902 4.46574 -64.5481 
v -174.097 4.48548 -64.8881 
v -174.187 4.53677 -64.9331 
v -174.192 4.48548 -64.9281 
v -174.097 4.53677 -64.8951 
v -173.89 4.55996 -65.2711 
v -176.328 4.52975 -65.2711 
v -173.89 4.52975 -65.2711 
v -176.328 4.55996 -65.2711 
v -174.315 4.31912 -64.1081 
v -174.353 4.28929 -64.2291 
v -174.315 4.28929 -64.1081 
v -174.353 4.31912 -64.2291 
v -174.225 4.53677 -65.0231 
v -174.192 4.48548 -65.1181 
v -174.232 4.48548 -65.0231 
v -174.187 4.53677 -65.1131 
v -174.211 4.39243 -64.4491 
v -174.11 4.3626 -64.5241 
v -174.211 4.3626 -64.4491 
v -174.11 4.39243 -64.5241 
v -175.964 4.31912 -64.3041 
v -175.864 4.28929 -64.2291 
v -175.964 4.28929 -64.3041 
v -175.864 4.31912 -64.2291 
v -174.781 4.2458 -64.0091 
v -174.681 4.21597 -64.0841 
v -174.781 4.21597 -64.0091 
v -174.681 4.2458 -64.0841 
v -176.366 4.49602 -64.7481 
v -176.391 4.52012 -64.6711 
v -176.366 4.49602 -64.6751 
v -176.366 4.49602 -64.7481 
v -176.391 4.52012 -64.7671 
v -176.391 4.52012 -64.6711 
v -175.939 4.43591 -64.5991 
v -175.923 4.20492 -64.6491 
v -175.923 4.43591 -64.6491 
v -175.939 4.20492 -64.5991 
v -176.335 4.47438 -65.2511 
v -176.356 4.49524 -65.3611 
v -176.356 4.49524 -65.2301 
v -176.335 4.47438 -65.2511 
v -176.335 4.47413 -65.3521 
v -176.356 4.49524 -65.3611 
v -174.294 4.28929 -64.2091 
v -174.279 4.05829 -64.1601 
v -174.279 4.28929 -64.1601 
v -174.294 4.05829 -64.2091 
v -176.006 4.39243 -64.4491 
v -176.045 4.3626 -64.3281 
v -176.006 4.3626 -64.4491 
v -176.045 4.39243 -64.3281 
v -174.11 4.3626 -64.4601 
v -174.152 4.1316 -64.4291 
v -174.152 4.3626 -64.4291 
v -174.11 4.1316 -64.4601 
v -175.935 4.16115 -63.8471 
v -174.282 3.97406 -63.8471 
v -175.935 3.97406 -63.8471 
v -174.282 4.16115 -63.8471 
v -174.172 4.2458 -63.8881 
v -174.211 4.21597 -64.0091 
v -174.172 4.21597 -63.8881 
v -174.211 4.2458 -64.0091 
v -176.366 4.18852 -63.7471 
v -176.391 4.52012 -64.6711 
v -176.391 4.20899 -63.7311 
v -176.366 4.49602 -64.6751 
v -175.923 4.28929 -64.2091 
v -175.964 4.05829 -64.2401 
v -175.964 4.28929 -64.2401 
v -175.923 4.05829 -64.2091 
v -174.681 4.21597 -64.0201 
v -174.722 3.98497 -63.9891 
v -174.722 4.21597 -63.9891 
v -174.681 3.98497 -64.0201 
v -176.337 4.73394 -65.3721 
v -176.352 4.67791 -65.3721 
v -176.337 4.69027 -65.3721 
v -176.305 4.67791 -65.3721 
v -176.352 4.7463 -65.3721 
v -176.321 4.69027 -65.3721 
v -176.321 4.73394 -65.3721 
v -176.305 4.7463 -65.3721 
v -174.353 4.31912 -64.2291 
v -174.253 4.28929 -64.3041 
v -174.353 4.28929 -64.2291 
v -174.253 4.31912 -64.3041 
v -175.822 4.2458 -64.0841 
v -175.721 4.21597 -64.0091 
v -175.822 4.21597 -64.0841 
v -175.721 4.2458 -64.0091 
v -176.081 4.3626 -64.3801 
v -176.065 4.1316 -64.4291 
v -176.065 4.3626 -64.4291 
v -176.081 4.1316 -64.3801 
v -174.136 4.21597 -63.9401 
v -174.152 3.98497 -63.9891 
v -174.136 3.98497 -63.9401 
v -174.152 4.21597 -63.9891 
v -176.149 4.31912 -64.2291 
v -176.187 4.28929 -64.1081 
v -176.149 4.28929 -64.2291 
v -176.187 4.31912 -64.1081 
v -174.315 4.46574 -64.5481 
v -174.353 4.43591 -64.6691 
v -174.315 4.43591 -64.5481 
v -174.353 4.46574 -64.6691 
v -176.342 4.60088 -65.4061 
v -176.315 4.5775 -65.4061 
v -176.315 4.60088 -65.4061 
v -176.342 4.5775 -65.4061 
v -176.23 4.58708 -65.4061 
v -176.23 4.5637 -65.4061 
v -176.207 4.58708 -65.4061 
v -176.207 4.5637 -65.4061 
v -176.23 4.5637 -65.4061 
v -176.207 4.45065 -65.4571 
v -176.207 4.5637 -65.4061 
v -176.23 4.45065 -65.4571 
v -175.78 4.21597 -63.9891 
v -175.822 3.98497 -64.0201 
v -175.822 4.21597 -64.0201 
v -175.78 3.98497 -63.9891 
v -174.253 4.28929 -64.2401 
v -174.294 4.05829 -64.2091 
v -174.294 4.28929 -64.2091 
v -174.253 4.05829 -64.2401 
v -173.851 4.49602 -64.7481 
v -173.827 4.52012 -64.6711 
v -173.827 4.52012 -64.7671 
v -173.851 4.49602 -64.7481 
v -173.851 4.49602 -64.6751 
v -173.827 4.52012 -64.6711 
v -173.861 4.49524 -65.3611 
v -173.882 4.47373 -65.3521 
v -173.882 4.47368 -65.2511 
v -173.861 4.49524 -65.3611 
v -173.882 4.47368 -65.2511 
v -173.861 4.49524 -65.2291 
v -173.974 4.47381 -65.4431 
v -176.244 4.23671 -65.4431 
v -173.974 4.23671 -65.4431 
v -176.244 4.47394 -65.4431 
v -176.342 4.67791 -65.3821 
v -176.315 4.60088 -65.4061 
v -176.315 4.67791 -65.3821 
v -176.342 4.60088 -65.4061 
v -176.224 4.28929 -64.1601 
v -176.208 4.05829 -64.2091 
v -176.208 4.28929 -64.2091 
v -176.224 4.05829 -64.1601 
v -176.253 4.49524 -65.4651 
v -176.335 4.47413 -65.3521 
v -176.244 4.47394 -65.4431 
v -174.294 4.43591 -64.6491 
v -174.279 4.20492 -64.5991 
v -174.279 4.43591 -64.5991 
v -174.294 4.20492 -64.6491 
v -176.249 4.31912 -64.3041 
v -176.149 4.28929 -64.2291 
v -176.249 4.28929 -64.3041 
v -176.149 4.31912 -64.2291 
v -176.253 4.49524 -65.4651 
v -176.356 4.49524 -65.3611 
v -176.335 4.47413 -65.3521 
v -173.827 4.52012 -64.6711 
v -173.851 4.18852 -63.7471 
v -173.827 4.20899 -63.7311 
v -173.851 4.49602 -64.6751 
v -174.496 4.2458 -64.0091 
v -174.396 4.21597 -64.0841 
v -174.496 4.21597 -64.0091 
v -174.396 4.2458 -64.0841 
v -174.172 4.39243 -64.3281 
v -174.211 4.3626 -64.4491 
v -174.172 4.3626 -64.3281 
v -174.211 4.39243 -64.4491 
v -175.985 4.48548 -65.0231 
v -176.03 4.53677 -64.9331 
v -176.025 4.48548 -64.9281 
v -175.993 4.53677 -65.0231 
v -176.208 4.28929 -64.2091 
v -176.249 4.05829 -64.2401 
v -176.249 4.28929 -64.2401 
v -176.208 4.05829 -64.2091 
v -174.152 4.3626 -64.4291 
v -174.136 4.1316 -64.3801 
v -174.136 4.3626 -64.3801 
v -174.152 4.1316 -64.4291 
v -174.396 4.21597 -64.0201 
v -174.437 3.98497 -63.9891 
v -174.437 4.21597 -63.9891 
v -174.396 3.98497 -64.0201 
v -173.861 4.49524 -65.3611 
v -173.974 4.47381 -65.4431 
v -173.882 4.47373 -65.3521 
v -173.965 4.49524 -65.4651 
v -176.149 4.46574 -64.6691 
v -176.187 4.43591 -64.5481 
v -176.149 4.43591 -64.6691 
v -176.187 4.46574 -64.5481 
v -176.366 4.18852 -63.7471 
v -176.391 4.20899 -63.7311 
v -176.277 4.17148 -63.6181 
v -174.03 4.31912 -64.1081 
v -174.068 4.28929 -64.2291 
v -174.03 4.28929 -64.1081 
v -174.068 4.31912 -64.2291 
v -174.068 4.31912 -64.2291 
v -173.968 4.28929 -64.3041 
v -174.068 4.28929 -64.2291 
v -173.968 4.31912 -64.3041 
v -176.107 4.2458 -64.0841 
v -176.006 4.21597 -64.0091 
v -176.107 4.21597 -64.0841 
v -176.006 4.2458 -64.0091 
v -173.95 4.15568 -63.6471 
v -176.267 4.06238 -63.6731 
v -176.267 4.15568 -63.6471 
v -173.95 4.06238 -63.6731 
v -176.366 4.18852 -63.7471 
v -176.277 4.17148 -63.6181 
v -176.267 4.15568 -63.6471 
v -176.224 4.43591 -64.5991 
v -176.208 4.20492 -64.6491 
v -176.208 4.43591 -64.6491 
v -176.224 4.20492 -64.5991 
v -174.009 4.28929 -64.2091 
v -173.993 4.05829 -64.1601 
v -173.993 4.28929 -64.1601 
v -174.009 4.05829 -64.2091 
v -176.065 4.21597 -63.9891 
v -176.107 3.98497 -64.0201 
v -176.107 4.21597 -64.0201 
v -176.065 3.98497 -63.9891 
v -173.968 4.28929 -64.2401 
v -174.009 4.05829 -64.2091 
v -174.009 4.28929 -64.2091 
v -173.968 4.05829 -64.2401 
v -174.192 4.48548 -64.9281 
v -174.225 4.53677 -65.0231 
v -174.232 4.48548 -65.0231 
v -174.187 4.53677 -64.9331 
v -176.207 4.58708 -65.4061 
v -176.207 4.5637 -65.4541 
v -176.207 4.58708 -65.4541 
v -176.207 4.5637 -65.4061 
v -176.207 4.45065 -65.4571 
v -176.207 4.45065 -65.5041 
v -176.224 4.15554 -65.2251 
v -176.224 4.1104 -65.3341 
v -176.224 4.15554 -65.4421 
v -176.224 4.26449 -65.1791 
v -176.224 4.37344 -65.2251 
v -176.224 4.26449 -65.4881 
v -176.224 4.37344 -65.4421 
v -176.224 4.41857 -65.3341 
v -174.211 4.2458 -64.0091 
v -174.11 4.21597 -64.0841 
v -174.211 4.21597 -64.0091 
v -174.11 4.2458 -64.0841 
v -173.851 4.18852 -63.7471 
v -173.94 4.17148 -63.6181 
v -173.827 4.20899 -63.7311 
v -176.237 4.3948 -65.2241 
v -176.237 4.58399 -65.2801 
v -176.237 4.42202 -65.1801 
v -176.237 4.55677 -65.3241 
v -173.851 4.18852 -63.7471 
v -173.95 4.15568 -63.6471 
v -173.94 4.17148 -63.6181 
v -174.03 4.46574 -64.5481 
v -174.068 4.43591 -64.6691 
v -174.03 4.43591 -64.5481 
v -174.068 4.46574 -64.6691 
v -174.11 4.21597 -64.0201 
v -174.152 3.98497 -63.9891 
v -174.152 4.21597 -63.9891 
v -174.11 3.98497 -64.0201 
v -176.305 4.7463 -65.4411 
v -176.305 4.67791 -65.3721 
v -176.305 4.67791 -65.4411 
v -176.305 4.7463 -65.3721 
v -176.315 4.67791 -65.4301 
v -176.315 4.60088 -65.4061 
v -176.315 4.60088 -65.4541 
v -176.315 4.67791 -65.3821 
v -174.009 4.43591 -64.6491 
v -173.993 4.20492 -64.5991 
v -173.993 4.43591 -64.5991 
v -174.009 4.20492 -64.6491 
v -176.321 4.73394 -65.3721 
v -176.321 4.78796 -64.8211 
v -176.321 4.69027 -65.3721 
v -176.321 4.84975 -64.8251 
v -176.321 4.79057 -64.7811 
v -176.321 4.86887 -64.7861 
v -176.321 4.79317 -64.7411 
v -176.321 4.8774 -64.7461 
v -176.321 4.87408 -64.7061 
v -176.321 4.79577 -64.7001 
v -176.321 4.86017 -64.6641 
v -176.321 4.79838 -64.6601 
v -176.321 4.84128 -64.6391 
v -176.321 4.79977 -64.6361 
v -176.335 4.47413 -65.3521 
v -176.335 4.23671 -65.2511 
v -176.335 4.23671 -65.3521 
v -176.335 4.47438 -65.2511 
v -176.366 4.18852 -63.7471 
v -176.366 4.34516 -64.7031 
v -176.366 4.49602 -64.6751 
v -176.366 4.08967 -63.7731 
v -176.366 4.49602 -64.7481 
v -176.366 4.34516 -64.7751 
v -173.993 4.37344 -65.2251 
v -173.993 4.41857 -65.3341 
v -173.993 4.37344 -65.4421 
v -173.993 4.26449 -65.1791 
v -173.993 4.15554 -65.2251 
v -173.993 4.26449 -65.4881 
v -173.993 4.15554 -65.4421 
v -173.993 4.1104 -65.3341 
v -173.98 4.58399 -65.2801 
v -173.98 4.3948 -65.2241 
v -173.98 4.42202 -65.1801 
v -173.98 4.55677 -65.3241 
v -173.882 4.47368 -65.2511 
v -173.882 4.23671 -65.3521 
v -173.882 4.23671 -65.2511 
v -173.882 4.47373 -65.3521 
v -173.851 4.18852 -63.7471 
v -173.851 4.34516 -64.7031 
v -173.851 4.08967 -63.7731 
v -173.851 4.49602 -64.6751 
v -173.851 4.49602 -64.7481 
v -173.851 4.34516 -64.7751 
v -176.244 4.47394 -65.4431 
v -176.335 4.23671 -65.3521 
v -176.244 4.23671 -65.4431 
v -176.335 4.47413 -65.3521 
v -176.267 4.15568 -63.6471 
v -176.267 4.06238 -63.6731 
v -176.366 4.08967 -63.7731 
v -176.267 4.15568 -63.6471 
v -176.366 4.08967 -63.7731 
v -176.366 4.18852 -63.7471 
v -173.882 4.47373 -65.3521 
v -173.974 4.23671 -65.4431 
v -173.882 4.23671 -65.3521 
v -173.974 4.47381 -65.4431 
v -173.95 4.15568 -63.6471 
v -173.851 4.08967 -63.7731 
v -173.95 4.06238 -63.6731 
v -173.95 4.15568 -63.6471 
v -173.851 4.18852 -63.7471 
v -173.851 4.08967 -63.7731 

vn 0.708661 0 0.708661 
vn 0.708661 0 0.708661 
vn 0.708661 0 0.708661 
vn 0.708661 0 0.708661 
vn 0.708661 -0.267717 -0.653543 
vn 0.708661 -0.267717 -0.653543 
vn 0.708661 -0.267717 -0.653543 
vn 0.708661 -0.267717 -0.653543 
vn 0.708661 0.267717 -0.653543 
vn 0.708661 0.267717 -0.653543 
vn 0.708661 0.267717 -0.653543 
vn 0.708661 0.267717 -0.653543 
vn 0.708661 0 -0.708661 
vn 0.708661 0 -0.708661 
vn 0.708661 0 -0.708661 
vn 0.708661 0 -0.708661 
vn -0.708661 0 0.708661 
vn -0.708661 0 0.708661 
vn -0.708661 0 0.708661 
vn -0.708661 0 0.708661 
vn 0.708661 0 -0.708661 
vn 0.708661 0 -0.708661 
vn 0.708661 0 -0.708661 
vn 0.708661 0 -0.708661 
vn -0.708661 -0.267717 -0.653543 
vn -0.708661 -0.267717 -0.653543 
vn -0.708661 -0.267717 -0.653543 
vn -0.708661 -0.267717 -0.653543 
vn -0.708661 0.267717 -0.653543 
vn -0.708661 0.267717 -0.653543 
vn -0.708661 0.267717 -0.653543 
vn -0.708661 0.267717 -0.653543 
vn 1 0 0 
vn 1 0 0 
vn 1 0 0 
vn 1 0 0 
vn 1 0 0 
vn 1 0 0 
vn 1 0 0 
vn 1 0 0 
vn 1 0 0 
vn 1 0 0 
vn 1 0 0 
vn 1 0 0 
vn 1 0 0 
vn 1 0 0 
vn -0.708661 0 -0.708661 
vn -0.708661 0 -0.708661 
vn -0.708661 0 -0.708661 
vn -0.708661 0 -0.708661 
vn 0.496063 -0.708661 0.496063 
vn 0.496063 -0.708661 0.496063 
vn 0.496063 -0.708661 0.496063 
vn 0.496063 -0.708661 0.496063 
vn 0.496063 -0.708661 0.496063 
vn 0.496063 -0.708661 0.496063 
vn -0.708661 0 -0.708661 
vn -0.708661 0 -0.708661 
vn -0.708661 0 -0.708661 
vn -0.708661 0 -0.708661 
vn 1 0 0 
vn 1 0 0 
vn 1 0 0 
vn 1 0 0 
vn 1 0 0 
vn 1 0 0 
vn 0.952756 0 0.299213 
vn 0.952756 0 0.299213 
vn 0.952756 0 0.299213 
vn 0.952756 0 0.299213 
vn -0.503937 -0.708661 0.503937 
vn -0.503937 -0.708661 0.503937 
vn -0.503937 -0.708661 0.503937 
vn 0.708661 -0.653543 -0.267717 
vn 0.708661 -0.653543 -0.267717 
vn 0.708661 -0.653543 -0.267717 
vn 0.708661 -0.653543 -0.267717 
vn -0.496063 -0.708661 0.496063 
vn -0.496063 -0.708661 0.496063 
vn -0.496063 -0.708661 0.496063 
vn 1 0 0 
vn 1 0 0 
vn 1 0 0 
vn 1 0 0 
vn 0.952756 0 0.299213 
vn 0.952756 0 0.299213 
vn 0.952756 0 0.299213 
vn 0.952756 0 0.299213 
vn 0.913386 0.125984 -0.377953 
vn 0.913386 0.125984 -0.377953 
vn 0.913386 0.125984 -0.377953 
vn 0.913386 0.125984 -0.377953 
vn 0.952756 0 0.299213 
vn 0.952756 0 0.299213 
vn 0.952756 0 0.299213 
vn 0.952756 0 0.299213 
vn 1 0 0 
vn 1 0 0 
vn 1 0 0 
vn 1 0 0 
vn -1 0 0 
vn -1 0 0 
vn -1 0 0 
vn -1 0 0 
vn -1 0 0 
vn -1 0 0 
vn -1 0 0 
vn -1 0 0 
vn 0.708661 -0.708661 0 
vn 0.708661 -0.708661 0 
vn 0.708661 -0.708661 0 
vn 0.708661 -0.708661 0 
vn 0.708661 -0.708661 0 
vn 0.708661 -0.708661 0 
vn -1 0 0 
vn -1 0 0 
vn -1 0 0 
vn -1 0 0 
vn -1 0 0 
vn -1 0 0 
vn 1 0 0 
vn 1 0 0 
vn 1 0 0 
vn 1 0 0 
vn -0.708661 -0.653543 -0.267717 
vn -0.708661 -0.653543 -0.267717 
vn -0.708661 -0.653543 -0.267717 
vn -0.708661 -0.653543 -0.267717 
vn 0.952756 0 0.299213 
vn 0.952756 0 0.299213 
vn 0.952756 0 0.299213 
vn 0.952756 0 0.299213 
vn 0.708661 0.653543 -0.267717 
vn 0.708661 0.653543 -0.267717 
vn 0.708661 0.653543 -0.267717 
vn 0.708661 0.653543 -0.267717 
vn 0.952756 0 0.299213 
vn 0.952756 0 0.299213 
vn 0.952756 0 0.299213 
vn 0.952756 0 0.299213 
vn -0.952756 0 0.299213 
vn -0.952756 0 0.299213 
vn -0.952756 0 0.299213 
vn -0.952756 0 0.299213 
vn 1 0 0 
vn 1 0 0 
vn 1 0 0 
vn 1 0 0 
vn -1 0 0 
vn -1 0 0 
vn -1 0 0 
vn -1 0 0 
vn -1 0 0 
vn -1 0 0 
vn -1 0 0 
vn -1 0 0 
vn -1 0 0 
vn -1 0 0 
vn 0.952756 0 0.299213 
vn 0.952756 0 0.299213 
vn 0.952756 0 0.299213 
vn 0.952756 0 0.299213 
vn -0.952756 0 0.299213 
vn -0.952756 0 0.299213 
vn -0.952756 0 0.299213 
vn -0.952756 0 0.299213 
vn -0.708661 -0.708661 0 
vn -0.708661 -0.708661 0 
vn -0.708661 -0.708661 0 
vn -0.708661 -0.708661 0 
vn -0.708661 -0.708661 0 
vn -0.708661 -0.708661 0 
vn -1 0 0 
vn -1 0 0 
vn -1 0 0 
vn -1 0 0 
vn -0.913386 0.125984 -0.377953 
vn -0.913386 0.125984 -0.377953 
vn -0.913386 0.125984 -0.377953 
vn -0.913386 0.125984 -0.377953 
vn 0.503937 0.708661 -0.503937 
vn 0.503937 0.708661 -0.503937 
vn 0.503937 0.708661 -0.503937 
vn 0.496063 0.708661 -0.496063 
vn 0.496063 0.708661 -0.496063 
vn 0.496063 0.708661 -0.496063 
vn 0.952756 0 0.299213 
vn 0.952756 0 0.299213 
vn 0.952756 0 0.299213 
vn 0.952756 0 0.299213 
vn -1 0 0 
vn -1 0 0 
vn -1 0 0 
vn -1 0 0 
vn -1 0 0 
vn -1 0 0 
vn -1 0 0 
vn -1 0 0 
vn -1 0 0 
vn -1 0 0 
vn -1 0 0 
vn -1 0 0 
vn -1 0 0 
vn -1 0 0 
vn -1 0 0 
vn -1 0 0 
vn -1 0 0 
vn -1 0 0 
vn -1 0 0 
vn -1 0 0 
vn -0.952756 0 0.299213 
vn -0.952756 0 0.299213 
vn -0.952756 0 0.299213 
vn -0.952756 0 0.299213 
vn -1 0 0 
vn -1 0 0 
vn -1 0 0 
vn -1 0 0 
vn -0.708661 0.653543 -0.267717 
vn -0.708661 0.653543 -0.267717 
vn -0.708661 0.653543 -0.267717 
vn -0.708661 0.653543 -0.267717 
vn 0.716535 0.700787 0 
vn 0.716535 0.700787 0 
vn 0.716535 0.700787 0 
vn 0.716535 0.700787 0 
vn -1 0 0 
vn -1 0 0 
vn -1 0 0 
vn -1 0 0 
vn 0.952756 0 0.299213 
vn 0.952756 0 0.299213 
vn 0.952756 0 0.299213 
vn 0.952756 0 0.299213 
vn -0.952756 0 0.299213 
vn -0.952756 0 0.299213 
vn -0.952756 0 0.299213 
vn -0.952756 0 0.299213 
vn 0.448819 0.606299 0.653543 
vn 0.448819 0.606299 0.653543 
vn 0.448819 0.606299 0.653543 
vn 0.448819 0.606299 0.653543 
vn 0.952756 0 0.299213 
vn 0.952756 0 0.299213 
vn 0.952756 0 0.299213 
vn 0.952756 0 0.299213 
vn -0.496063 0.708661 -0.496063 
vn -0.496063 0.708661 -0.496063 
vn -0.496063 0.708661 -0.496063 
vn -0.952756 0 0.299213 
vn -0.952756 0 0.299213 
vn -0.952756 0 0.299213 
vn -0.952756 0 0.299213 
vn -1 0 0 
vn -1 0 0 
vn -1 0 0 
vn -1 0 0 
vn -0.503937 0.708661 -0.503937 
vn -0.503937 0.708661 -0.503937 
vn -0.503937 0.708661 -0.503937 
vn 0.692913 0.685039 0.228346 
vn 0.692913 0.685039 0.228346 
vn 0.692913 0.685039 0.228346 
vn 0.692913 0.685039 0.228346 
vn 0.708661 0.708661 0 
vn 0.708661 0.708661 0 
vn 0.708661 0.708661 0 
vn 0.708661 0.708661 0 
vn 0.708661 0.708661 0 
vn 0.708661 0.708661 0 
vn -1 0 0 
vn -1 0 0 
vn -1 0 0 
vn -1 0 0 
vn 0.952756 0 0.299213 
vn 0.952756 0 0.299213 
vn 0.952756 0 0.299213 
vn 0.952756 0 0.299213 
vn 0.141732 0 0.992126 
vn 0.141732 0 0.992126 
vn 0.141732 0 0.992126 
vn 0.141732 0 0.992126 
vn -0.448819 0.606299 0.653543 
vn -0.448819 0.606299 0.653543 
vn -0.448819 0.606299 0.653543 
vn -0.448819 0.606299 0.653543 
vn -0.952756 0 0.299213 
vn -0.952756 0 0.299213 
vn -0.952756 0 0.299213 
vn -0.952756 0 0.299213 
vn 0 0 1 
vn 0 0 1 
vn 0 0 1 
vn 0 0 1 
vn 0.952756 0 0.299213 
vn 0.952756 0 0.299213 
vn 0.952756 0 0.299213 
vn 0.952756 0 0.299213 
vn -0.952756 0 0.299213 
vn -0.952756 0 0.299213 
vn -0.952756 0 0.299213 
vn -0.952756 0 0.299213 
vn -0.141732 0 0.992126 
vn -0.141732 0 0.992126 
vn -0.141732 0 0.992126 
vn -0.141732 0 0.992126 
vn -0.716535 0.700787 0 
vn -0.716535 0.700787 0 
vn -0.716535 0.700787 0 
vn -0.716535 0.700787 0 
vn 0 -0.708661 0.708661 
vn 0 -0.708661 0.708661 
vn 0 -0.708661 0.708661 
vn 0 -0.708661 0.708661 
vn 0.606299 0.748031 -0.251969 
vn 0.606299 0.748031 -0.251969 
vn 0.606299 0.748031 -0.251969 
vn 0.606299 0.748031 -0.251969 
vn 0.606299 0.748031 -0.251969 
vn 0.606299 0.748031 -0.251969 
vn 0.952756 0 0.299213 
vn 0.952756 0 0.299213 
vn 0.952756 0 0.299213 
vn 0.952756 0 0.299213 
vn -0.952756 0 0.299213 
vn -0.952756 0 0.299213 
vn -0.952756 0 0.299213 
vn -0.952756 0 0.299213 
vn 0.913386 0.125984 0.377953 
vn 0.913386 0.125984 0.377953 
vn 0.913386 0.125984 0.377953 
vn 0.913386 0.125984 0.377953 
vn -0.692913 0.685039 0.228346 
vn -0.692913 0.685039 0.228346 
vn -0.692913 0.685039 0.228346 
vn -0.692913 0.685039 0.228346 
vn 0.952756 0 0.299213 
vn 0.952756 0 0.299213 
vn 0.952756 0 0.299213 
vn 0.952756 0 0.299213 
vn -0.952756 0 0.299213 
vn -0.952756 0 0.299213 
vn -0.952756 0 0.299213 
vn -0.952756 0 0.299213 
vn 0.377953 0.125984 -0.913386 
vn 0.377953 0.125984 -0.913386 
vn 0.377953 0.125984 -0.913386 
vn 0.377953 0.125984 -0.913386 
vn 0.708661 -0.653543 0.267717 
vn 0.708661 -0.653543 0.267717 
vn 0.708661 -0.653543 0.267717 
vn 0.708661 -0.653543 0.267717 
vn -0.708661 0.708661 0 
vn -0.708661 0.708661 0 
vn -0.708661 0.708661 0 
vn -0.708661 0.708661 0 
vn -0.708661 0.708661 0 
vn -0.708661 0.708661 0 
vn 0 0 1 
vn 0 0 1 
vn 0 0 1 
vn 0 0 1 
vn 0 0 -1 
vn 0 0 -1 
vn 0 0 -1 
vn 0 0 -1 
vn 0.952756 0 0.299213 
vn 0.952756 0 0.299213 
vn 0.952756 0 0.299213 
vn 0.952756 0 0.299213 
vn -0.952756 0 0.299213 
vn -0.952756 0 0.299213 
vn -0.952756 0 0.299213 
vn -0.952756 0 0.299213 
vn -0.606299 0.748031 -0.251969 
vn -0.606299 0.748031 -0.251969 
vn -0.606299 0.748031 -0.251969 
vn 0 0.291339 -0.952756 
vn 0 0.291339 -0.952756 
vn 0 0.291339 -0.952756 
vn 0 0.291339 -0.952756 
vn -0.606299 0.748031 -0.251969 
vn -0.606299 0.748031 -0.251969 
vn -0.606299 0.748031 -0.251969 
vn -0.377953 0.125984 -0.913386 
vn -0.377953 0.125984 -0.913386 
vn -0.377953 0.125984 -0.913386 
vn -0.377953 0.125984 -0.913386 
vn 0.952756 0 0.299213 
vn 0.952756 0 0.299213 
vn 0.952756 0 0.299213 
vn 0.952756 0 0.299213 
vn -0.952756 0 0.299213 
vn -0.952756 0 0.299213 
vn -0.952756 0 0.299213 
vn -0.952756 0 0.299213 
vn 0 0 -1 
vn 0 0 -1 
vn 0 0 -1 
vn 0 0 -1 
vn 0 0.409449 -0.913386 
vn 0 0.409449 -0.913386 
vn 0 0.409449 -0.913386 
vn 0 0.409449 -0.913386 
vn 0 0 -1 
vn 0 0 -1 
vn 0 0 -1 
vn 0 0 -1 
vn 0 0 -1 
vn 0 0 -1 
vn 0 0 -1 
vn 0 0 -1 
vn 0 -0.385827 -0.92126 
vn 0 -0.385827 -0.92126 
vn 0 -0.385827 -0.92126 
vn 0 -0.385827 -0.92126 
vn 0 -0.385827 -0.92126 
vn 0 -0.385827 -0.92126 
vn 0 -0.385827 -0.92126 
vn 0 -0.385827 -0.92126 
vn 0.598425 0 -0.80315 
vn 0.598425 0 -0.80315 
vn 0.598425 0 -0.80315 
vn 0.598425 0 -0.80315 
vn 0 0 -1 
vn 0 0 -1 
vn 0 0 -1 
vn 0 0 -1 
vn -0.708661 -0.653543 0.267717 
vn -0.708661 -0.653543 0.267717 
vn -0.708661 -0.653543 0.267717 
vn -0.708661 -0.653543 0.267717 
vn 0.952756 0 0.299213 
vn 0.952756 0 0.299213 
vn 0.952756 0 0.299213 
vn 0.952756 0 0.299213 
vn -0.952756 0 0.299213 
vn -0.952756 0 0.299213 
vn -0.952756 0 0.299213 
vn -0.952756 0 0.299213 
vn -0.913386 0.125984 0.377953 
vn -0.913386 0.125984 0.377953 
vn -0.913386 0.125984 0.377953 
vn -0.913386 0.125984 0.377953 
vn 0.708661 0.653543 0.267717 
vn 0.708661 0.653543 0.267717 
vn 0.708661 0.653543 0.267717 
vn 0.708661 0.653543 0.267717 
vn 0.952756 0 0.299213 
vn 0.952756 0 0.299213 
vn 0.952756 0 0.299213 
vn 0.952756 0 0.299213 
vn -0.952756 0 0.299213 
vn -0.952756 0 0.299213 
vn -0.952756 0 0.299213 
vn -0.952756 0 0.299213 
vn 0.598425 0 -0.80315 
vn 0.598425 0 -0.80315 
vn 0.598425 0 -0.80315 
vn 0.598425 0 -0.80315 
vn 0.574803 0.110236 -0.811024 
vn 0.574803 0.110236 -0.811024 
vn 0.574803 0.110236 -0.811024 
vn 0.582677 0.102362 -0.80315 
vn 0.582677 0.102362 -0.80315 
vn 0.582677 0.102362 -0.80315 
vn 0 0.385827 -0.92126 
vn 0 0.385827 -0.92126 
vn 0 0.385827 -0.92126 
vn 0 0.385827 -0.92126 
vn 0 0.385827 -0.92126 
vn 0 0.385827 -0.92126 
vn 0 0.385827 -0.92126 
vn 0 0.385827 -0.92126 
vn -0.952756 0 0.299213 
vn -0.952756 0 0.299213 
vn -0.952756 0 0.299213 
vn -0.952756 0 0.299213 
vn 0.952756 0 0.299213 
vn 0.952756 0 0.299213 
vn 0.952756 0 0.299213 
vn 0.952756 0 0.299213 
vn 0.606299 0.748031 0.251969 
vn 0.606299 0.748031 0.251969 
vn 0.606299 0.748031 0.251969 
vn 0.661417 0.440945 -0.606299 
vn 0.661417 0.440945 -0.606299 
vn 0.661417 0.440945 -0.606299 
vn 0.606299 0.748031 0.251969 
vn 0.606299 0.748031 0.251969 
vn 0.606299 0.748031 0.251969 
vn 0.251969 0.748031 -0.606299 
vn 0.251969 0.748031 -0.606299 
vn 0.251969 0.748031 -0.606299 
vn -0.598425 0 -0.80315 
vn -0.598425 0 -0.80315 
vn -0.598425 0 -0.80315 
vn -0.598425 0 -0.80315 
vn 0.251969 0.748031 -0.606299 
vn 0.251969 0.748031 -0.606299 
vn 0.251969 0.748031 -0.606299 
vn 0.653543 0.448819 -0.606299 
vn 0.653543 0.448819 -0.606299 
vn 0.653543 0.448819 -0.606299 
vn -0.952756 0 0.299213 
vn -0.952756 0 0.299213 
vn -0.952756 0 0.299213 
vn -0.952756 0 0.299213 
vn 0.952756 0 0.299213 
vn 0.952756 0 0.299213 
vn 0.952756 0 0.299213 
vn 0.952756 0 0.299213 
vn 0 0.708661 -0.708661 
vn 0 0.708661 -0.708661 
vn 0 0.708661 -0.708661 
vn 0 0.708661 -0.708661 
vn -0.708661 0.653543 0.267717 
vn -0.708661 0.653543 0.267717 
vn -0.708661 0.653543 0.267717 
vn -0.708661 0.653543 0.267717 
vn -0.708661 0.653543 0.267717 
vn -0.708661 0.653543 0.267717 
vn -0.251969 0.748031 -0.606299 
vn -0.251969 0.748031 -0.606299 
vn -0.251969 0.748031 -0.606299 
vn -0.574803 0.110236 -0.811024 
vn -0.574803 0.110236 -0.811024 
vn -0.574803 0.110236 -0.811024 
vn -0.251969 0.748031 -0.606299 
vn -0.251969 0.748031 -0.606299 
vn -0.251969 0.748031 -0.606299 
vn 0.716535 -0.23622 -0.661417 
vn 0.716535 -0.23622 -0.661417 
vn 0.716535 -0.23622 -0.661417 
vn -0.582677 0.102362 -0.80315 
vn -0.582677 0.102362 -0.80315 
vn -0.582677 0.102362 -0.80315 
vn 0 0 -1 
vn 0 0 -1 
vn 0 0 -1 
vn 0 0 -1 
vn 0 0.582677 0.811024 
vn 0 0.582677 0.811024 
vn 0 0.582677 0.811024 
vn 0 0.582677 0.811024 
vn -0.598425 0 -0.80315 
vn -0.598425 0 -0.80315 
vn -0.598425 0 -0.80315 
vn -0.598425 0 -0.80315 
vn 0 0 1 
vn 0 0 1 
vn 0 0 1 
vn 0 0 1 
vn 0 0 1 
vn 0 0 1 
vn 0 0 1 
vn 0 0 1 
vn 0 0 1 
vn 0 0 1 
vn 0 0 1 
vn 0 0 1 
vn 0 0 1 
vn 0 0 1 
vn 0 0 1 
vn 0 0 1 
vn 0 0 1 
vn 0 0 1 
vn 0 0 1 
vn 0 0 1 
vn 0 0 1 
vn 0 0 1 
vn 0 0 1 
vn 0 0 1 
vn 0 0 1 
vn 0 0 1 
vn 0 0 1 
vn 0 0 1 
vn 0 0 1 
vn 0 0 1 
vn 0 0 1 
vn 0 0 1 
vn -0.952756 0 0.299213 
vn -0.952756 0 0.299213 
vn -0.952756 0 0.299213 
vn -0.952756 0 0.299213 
vn 0.952756 0 0.299213 
vn 0.952756 0 0.299213 
vn 0.952756 0 0.299213 
vn 0.952756 0 0.299213 
vn 0.338583 -0.354331 -0.874016 
vn 0.338583 -0.354331 -0.874016 
vn 0.338583 -0.354331 -0.874016 
vn 0.952756 0 0.299213 
vn 0.952756 0 0.299213 
vn 0.952756 0 0.299213 
vn 0.952756 0 0.299213 
vn 0.354331 -0.362205 -0.866142 
vn 0.354331 -0.362205 -0.866142 
vn 0.354331 -0.362205 -0.866142 
vn 0.015748 -0.00787402 -1 
vn 0.015748 -0.00787402 -1 
vn 0.015748 -0.00787402 -1 
vn 0.598425 0 -0.80315 
vn 0.598425 0 -0.80315 
vn 0.598425 0 -0.80315 
vn 0.598425 0 -0.80315 
vn -0.952756 0 0.299213 
vn -0.952756 0 0.299213 
vn -0.952756 0 0.299213 
vn -0.952756 0 0.299213 
vn -0.606299 0.748031 0.251969 
vn -0.606299 0.748031 0.251969 
vn -0.606299 0.748031 0.251969 
vn -0.015748 -0.00787402 -1 
vn -0.015748 -0.00787402 -1 
vn -0.015748 -0.00787402 -1 
vn 0 0 -1 
vn 0 0 -1 
vn 0 0 -1 
vn 0 0 -1 
vn 0.00787402 0 -1 
vn 0.00787402 0 -1 
vn 0.00787402 0 -1 
vn -0.00787402 0 -1 
vn -0.00787402 0 -1 
vn -0.00787402 0 -1 
vn -0.606299 0.748031 0.251969 
vn -0.606299 0.748031 0.251969 
vn -0.606299 0.748031 0.251969 
vn -0.661417 0.440945 -0.606299 
vn -0.661417 0.440945 -0.606299 
vn -0.661417 0.440945 -0.606299 
vn 0 0 -1 
vn 0 0 -1 
vn 0 0 -1 
vn 0 0 -1 
vn 0 0 -1 
vn 0 0 -1 
vn 0 0 -1 
vn 0 0 -1 
vn 0 0 -1 
vn 0 0 -1 
vn 0 0 -1 
vn 0 0 -1 
vn -0.653543 0.448819 -0.606299 
vn -0.653543 0.448819 -0.606299 
vn -0.653543 0.448819 -0.606299 
vn 0 0 1 
vn 0 0 1 
vn 0 0 1 
vn 0 0 1 
vn 0 0 1 
vn 0 0 1 
vn 0 0 1 
vn 0 0 1 
vn 0 0 1 
vn 0 0 1 
vn 0 0 1 
vn 0 0 1 
vn 0 0 1 
vn 0 0 1 
vn 0 0 1 
vn 0 0 1 
vn 0 0 1 
vn 0 0 1 
vn 0 0 1 
vn 0 0 1 
vn 0 0 1 
vn 0 0 1 
vn 0 0 1 
vn 0 0 1 
vn 0 0 1 
vn 0 0 1 
vn 0 0 1 
vn 0 0 1 
vn 0 0 1 
vn 0 0 1 
vn 0 0 1 
vn 0 0 1 
vn -0.338583 -0.354331 -0.874016 
vn -0.338583 -0.354331 -0.874016 
vn -0.338583 -0.354331 -0.874016 
vn 0.952756 0 0.299213 
vn 0.952756 0 0.299213 
vn 0.952756 0 0.299213 
vn 0.952756 0 0.299213 
vn 0.598425 0 -0.80315 
vn 0.598425 0 -0.80315 
vn 0.598425 0 -0.80315 
vn 0.598425 0 -0.80315 
vn -0.354331 -0.362205 -0.866142 
vn -0.354331 -0.362205 -0.866142 
vn -0.354331 -0.362205 -0.866142 
vn -0.952756 0 0.299213 
vn -0.952756 0 0.299213 
vn -0.952756 0 0.299213 
vn -0.952756 0 0.299213 
vn 0.708661 -0.267717 0.653543 
vn 0.708661 -0.267717 0.653543 
vn 0.708661 -0.267717 0.653543 
vn 0.708661 -0.267717 0.653543 
vn 0.952756 0 0.299213 
vn 0.952756 0 0.299213 
vn 0.952756 0 0.299213 
vn 0.952756 0 0.299213 
vn -0.952756 0 0.299213 
vn -0.952756 0 0.299213 
vn -0.952756 0 0.299213 
vn -0.952756 0 0.299213 
vn -0.716535 -0.23622 -0.661417 
vn -0.716535 -0.23622 -0.661417 
vn -0.716535 -0.23622 -0.661417 
vn 0.291339 0.322835 -0.897638 
vn 0.291339 0.322835 -0.897638 
vn 0.291339 0.322835 -0.897638 
vn -0.598425 0 -0.80315 
vn -0.598425 0 -0.80315 
vn -0.598425 0 -0.80315 
vn -0.598425 0 -0.80315 
vn 0.598425 0 -0.80315 
vn 0.598425 0 -0.80315 
vn 0.598425 0 -0.80315 
vn 0.598425 0 -0.80315 
vn 0.283465 0.314961 -0.905512 
vn 0.283465 0.314961 -0.905512 
vn 0.283465 0.314961 -0.905512 
vn 0.0393701 0.716535 -0.692913 
vn 0.0393701 0.716535 -0.692913 
vn 0.0393701 0.716535 -0.692913 
vn 1 0 0 
vn 1 0 0 
vn 1 0 0 
vn 1 0 0 
vn 0.023622 0.716535 -0.700787 
vn 0.023622 0.716535 -0.700787 
vn 0.023622 0.716535 -0.700787 
vn 0.708661 0.267717 0.653543 
vn 0.708661 0.267717 0.653543 
vn 0.708661 0.267717 0.653543 
vn 0.708661 0.267717 0.653543 
vn -0.0393701 0.716535 -0.692913 
vn -0.0393701 0.716535 -0.692913 
vn -0.0393701 0.716535 -0.692913 
vn -0.023622 0.716535 -0.700787 
vn -0.023622 0.716535 -0.700787 
vn -0.023622 0.716535 -0.700787 
vn 0.952756 0 0.299213 
vn 0.952756 0 0.299213 
vn 0.952756 0 0.299213 
vn 0.952756 0 0.299213 
vn -0.952756 0 0.299213 
vn -0.952756 0 0.299213 
vn -0.952756 0 0.299213 
vn -0.952756 0 0.299213 
vn -0.291339 0.322835 -0.897638 
vn -0.291339 0.322835 -0.897638 
vn -0.291339 0.322835 -0.897638 
vn 0 -0.724409 -0.685039 
vn 0 -0.724409 -0.685039 
vn 0 -0.724409 -0.685039 
vn 0 -0.724409 -0.685039 
vn 0 0.850394 -0.527559 
vn 0 0.850394 -0.527559 
vn 0 0.850394 -0.527559 
vn 0 0.850394 -0.527559 
vn 0 0.850394 -0.527559 
vn 0 0.850394 -0.527559 
vn 0 0.850394 -0.527559 
vn 0 0.850394 -0.527559 
vn 0 0.850394 -0.527559 
vn 0 0.850394 -0.527559 
vn 0 0.850394 -0.527559 
vn 0 0.850394 -0.527559 
vn 0 0.850394 -0.527559 
vn 0 0.850394 -0.527559 
vn 0 0.850394 -0.527559 
vn 0 0.850394 -0.527559 
vn 0 0.708661 -0.708661 
vn 0 0.708661 -0.708661 
vn 0 0.708661 -0.708661 
vn -0.283465 0.314961 -0.905512 
vn -0.283465 0.314961 -0.905512 
vn -0.283465 0.314961 -0.905512 
vn 0 0.708661 -0.700787 
vn 0 0.708661 -0.700787 
vn 0 0.708661 -0.700787 
vn 0.952756 0 0.299213 
vn 0.952756 0 0.299213 
vn 0.952756 0 0.299213 
vn 0.952756 0 0.299213 
vn 0 0.897638 -0.440945 
vn 0 0.897638 -0.440945 
vn 0 0.897638 -0.440945 
vn 0 0.897638 -0.440945 
vn 0 0.708661 -0.708661 
vn 0 0.708661 -0.708661 
vn 0 0.708661 -0.708661 
vn 0 0.708661 -0.708661 
vn -0.952756 0 0.299213 
vn -0.952756 0 0.299213 
vn -0.952756 0 0.299213 
vn -0.952756 0 0.299213 
vn -0.598425 0 -0.80315 
vn -0.598425 0 -0.80315 
vn -0.598425 0 -0.80315 
vn -0.598425 0 -0.80315 
vn 0.598425 0 -0.80315 
vn 0.598425 0 -0.80315 
vn 0.598425 0 -0.80315 
vn 0.598425 0 -0.80315 
vn 0 0.976378 -0.212598 
vn 0 0.976378 -0.212598 
vn 0 0.976378 -0.212598 
vn 0 0.976378 -0.212598 
vn 0.259843 0.96063 -0.110236 
vn 0.259843 0.96063 -0.110236 
vn 0.259843 0.96063 -0.110236 
vn 0 0.976378 -0.204724 
vn 0 0.976378 -0.204724 
vn 0 0.976378 -0.204724 
vn 0 0.976378 -0.204724 
vn 0 0.551181 -0.834646 
vn 0 0.551181 -0.834646 
vn 0 0.551181 -0.834646 
vn 0 0.551181 -0.834646 
vn -0.708661 -0.267717 0.653543 
vn -0.708661 -0.267717 0.653543 
vn -0.708661 -0.267717 0.653543 
vn -0.708661 -0.267717 0.653543 
vn 0.259843 0.96063 -0.110236 
vn 0.259843 0.96063 -0.110236 
vn 0.259843 0.96063 -0.110236 
vn 0 -0.527559 -0.850394 
vn 0 -0.527559 -0.850394 
vn 0 -0.527559 -0.850394 
vn 0 -0.527559 -0.850394 
vn 0 -0.527559 -0.850394 
vn 0 -0.527559 -0.850394 
vn 0 -0.527559 -0.850394 
vn 0 -0.527559 -0.850394 
vn 0 -0.527559 -0.850394 
vn 0 -0.527559 -0.850394 
vn 0 -0.527559 -0.850394 
vn 0 -0.527559 -0.850394 
vn 0 -0.527559 -0.850394 
vn 0 -0.527559 -0.850394 
vn 0 -0.527559 -0.850394 
vn 0 -0.527559 -0.850394 
vn 0.228346 0.968504 -0.0944882 
vn 0.228346 0.968504 -0.0944882 
vn 0.228346 0.968504 -0.0944882 
vn 0.228346 0.968504 -0.0944882 
vn 0 -0.92126 -0.385827 
vn 0 -0.92126 -0.385827 
vn 0 -0.92126 -0.385827 
vn 0 -0.92126 -0.385827 
vn 0 -0.92126 -0.385827 
vn 0 -0.92126 -0.385827 
vn 0 -0.92126 -0.385827 
vn 0 -0.92126 -0.385827 
vn 0.598425 0 -0.80315 
vn 0.598425 0 -0.80315 
vn 0.598425 0 -0.80315 
vn 0.598425 0 -0.80315 
vn 0 1 0.0787402 
vn 0 1 0.0787402 
vn 0 1 0.0787402 
vn 0 1 0.0787402 
vn -0.598425 0 -0.80315 
vn -0.598425 0 -0.80315 
vn -0.598425 0 -0.80315 
vn -0.598425 0 -0.80315 
vn 0.952756 0 0.299213 
vn 0.952756 0 0.299213 
vn 0.952756 0 0.299213 
vn 0.952756 0 0.299213 
vn 0.598425 0 -0.80315 
vn 0.598425 0 -0.80315 
vn 0.598425 0 -0.80315 
vn 0.598425 0 -0.80315 
vn -0.952756 0 0.299213 
vn -0.952756 0 0.299213 
vn -0.952756 0 0.299213 
vn -0.952756 0 0.299213 
vn -0.259843 0.96063 -0.110236 
vn -0.259843 0.96063 -0.110236 
vn -0.259843 0.96063 -0.110236 
vn -0.259843 0.96063 -0.110236 
vn -0.259843 0.96063 -0.110236 
vn -0.259843 0.96063 -0.110236 
vn 0.606299 -0.653543 -0.448819 
vn 0.606299 -0.653543 -0.448819 
vn 0.606299 -0.653543 -0.448819 
vn 0 0 1 
vn 0 0 1 
vn 0 0 1 
vn 0 0 1 
vn 0 0 1 
vn 0 0 1 
vn 0 0 1 
vn 0 0 1 
vn 0 0 1 
vn 0 0 1 
vn 0 0 1 
vn 0 0 1 
vn 0 0 1 
vn 0 0 1 
vn 0 0 1 
vn 0 0 1 
vn 0 0 1 
vn 0 0 1 
vn 0 0 1 
vn 0 0 1 
vn 0 0 1 
vn 0 0 1 
vn 0 0 1 
vn 0 0 1 
vn 0 0 1 
vn 0 0 1 
vn 0 0 1 
vn 0 0 1 
vn 0 0 1 
vn 0 0 1 
vn 0 0 1 
vn 0 0 1 
vn 0 0 1 
vn 0 0 1 
vn 0 0 1 
vn 0 0 1 
vn -0.228346 0.968504 -0.0944882 
vn -0.228346 0.968504 -0.0944882 
vn -0.228346 0.968504 -0.0944882 
vn -0.228346 0.968504 -0.0944882 
vn 0.622047 -0.653543 -0.433071 
vn 0.622047 -0.653543 -0.433071 
vn 0.622047 -0.653543 -0.433071 
vn -0.952756 0 0.299213 
vn -0.952756 0 0.299213 
vn -0.952756 0 0.299213 
vn -0.952756 0 0.299213 
vn 0.952756 0 0.299213 
vn 0.952756 0 0.299213 
vn 0.952756 0 0.299213 
vn 0.952756 0 0.299213 
vn -0.708661 0.267717 0.653543 
vn -0.708661 0.267717 0.653543 
vn -0.708661 0.267717 0.653543 
vn -0.708661 0.267717 0.653543 
vn 0.598425 0 -0.80315 
vn 0.598425 0 -0.80315 
vn 0.598425 0 -0.80315 
vn 0.598425 0 -0.80315 
vn 0 0.944882 0.322835 
vn 0 0.944882 0.322835 
vn 0 0.944882 0.322835 
vn 0 0.944882 0.322835 
vn -0.598425 0 -0.80315 
vn -0.598425 0 -0.80315 
vn -0.598425 0 -0.80315 
vn -0.598425 0 -0.80315 
vn 0.598425 0 -0.80315 
vn 0.598425 0 -0.80315 
vn 0.598425 0 -0.80315 
vn 0.598425 0 -0.80315 
vn -0.559055 -0.598425 -0.574803 
vn -0.559055 -0.598425 -0.574803 
vn -0.559055 -0.598425 -0.574803 
vn 0.110236 0.96063 -0.259843 
vn 0.110236 0.96063 -0.259843 
vn 0.110236 0.96063 -0.259843 
vn 0.259843 0.96063 0.110236 
vn 0.259843 0.96063 0.110236 
vn 0.259843 0.96063 0.110236 
vn -1 0 0 
vn -1 0 0 
vn -1 0 0 
vn -1 0 0 
vn 0.952756 0 0.299213 
vn 0.952756 0 0.299213 
vn 0.952756 0 0.299213 
vn 0.952756 0 0.299213 
vn 0 0 1 
vn 0 0 1 
vn 0 0 1 
vn 0 0 1 
vn 0 0 1 
vn 0 0 1 
vn 0 0 1 
vn 0 0 1 
vn 0 0 1 
vn 0 0 1 
vn 0 0 1 
vn 0 0 1 
vn 0 0 1 
vn 0 0 1 
vn 0 0 1 
vn 0 0 1 
vn 0 0 1 
vn 0 0 1 
vn 0 0 1 
vn 0 0 1 
vn 0 0 1 
vn 0 0 1 
vn 0 0 1 
vn 0 0 1 
vn 0 0 1 
vn 0 0 1 
vn 0 0 1 
vn 0 0 1 
vn 0 0 1 
vn 0 0 1 
vn 0 0 1 
vn 0 0 1 
vn 0 0 1 
vn 0 0 1 
vn 0 0 1 
vn 0 0 1 
vn 0.228346 0.968504 0.0944882 
vn 0.228346 0.968504 0.0944882 
vn 0.228346 0.968504 0.0944882 
vn 0.228346 0.968504 0.0944882 
vn 0.110236 0.96063 -0.259843 
vn 0.110236 0.96063 -0.259843 
vn 0.110236 0.96063 -0.259843 
vn -0.952756 0 0.299213 
vn -0.952756 0 0.299213 
vn -0.952756 0 0.299213 
vn -0.952756 0 0.299213 
vn 0.0944882 0.968504 -0.228346 
vn 0.0944882 0.968504 -0.228346 
vn 0.0944882 0.968504 -0.228346 
vn -0.110236 0.96063 -0.259843 
vn -0.110236 0.96063 -0.259843 
vn -0.110236 0.96063 -0.259843 
vn 0.0944882 0.968504 -0.228346 
vn 0.0944882 0.968504 -0.228346 
vn 0.0944882 0.968504 -0.228346 
vn 0.259843 0.96063 0.110236 
vn 0.259843 0.96063 0.110236 
vn 0.259843 0.96063 0.110236 
vn -0.598425 0 -0.80315 
vn -0.598425 0 -0.80315 
vn -0.598425 0 -0.80315 
vn -0.598425 0 -0.80315 
vn 0.598425 0 -0.80315 
vn 0.598425 0 -0.80315 
vn 0.598425 0 -0.80315 
vn 0.598425 0 -0.80315 
vn 0.952756 0 0.299213 
vn 0.952756 0 0.299213 
vn 0.952756 0 0.299213 
vn 0.952756 0 0.299213 
vn -0.0944882 0.968504 -0.228346 
vn -0.0944882 0.968504 -0.228346 
vn -0.0944882 0.968504 -0.228346 
vn -0.110236 0.96063 -0.259843 
vn -0.110236 0.96063 -0.259843 
vn -0.110236 0.96063 -0.259843 
vn 0 0.314961 -0.944882 
vn 0 0.314961 -0.944882 
vn 0 0.314961 -0.944882 
vn -0.0944882 0.968504 -0.228346 
vn -0.0944882 0.968504 -0.228346 
vn -0.0944882 0.968504 -0.228346 
vn -0.259843 0.96063 0.110236 
vn -0.259843 0.96063 0.110236 
vn -0.259843 0.96063 0.110236 
vn -0.952756 0 0.299213 
vn -0.952756 0 0.299213 
vn -0.952756 0 0.299213 
vn -0.952756 0 0.299213 
vn -0.598425 0 -0.80315 
vn -0.598425 0 -0.80315 
vn -0.598425 0 -0.80315 
vn -0.598425 0 -0.80315 
vn -0.259843 0.96063 0.110236 
vn -0.259843 0.96063 0.110236 
vn -0.259843 0.96063 0.110236 
vn 0 -1 0 
vn 0 -1 0 
vn 0 -1 0 
vn 0 -1 0 
vn 0 -1 0 
vn 0 -1 0 
vn 0 -1 0 
vn 0 -1 0 
vn 0 -1 0 
vn 0 -1 0 
vn 0 -1 0 
vn 0 -1 0 
vn 0 -1 0 
vn 0 -1 0 
vn 0 -1 0 
vn 0 -1 0 
vn -0.606299 -0.653543 -0.448819 
vn -0.606299 -0.653543 -0.448819 
vn -0.606299 -0.653543 -0.448819 
vn -0.228346 0.968504 0.0944882 
vn -0.228346 0.968504 0.0944882 
vn -0.228346 0.968504 0.0944882 
vn -0.228346 0.968504 0.0944882 
vn 0 1 0 
vn 0 1 0 
vn 0 1 0 
vn 0 1 0 
vn -0.622047 -0.653543 -0.433071 
vn -0.622047 -0.653543 -0.433071 
vn -0.622047 -0.653543 -0.433071 
vn 0 -1 0 
vn 0 -1 0 
vn 0 -1 0 
vn 0 -1 0 
vn 0 -1 0 
vn 0 -1 0 
vn 0 -1 0 
vn 0 -1 0 
vn -0.598425 0 -0.80315 
vn -0.598425 0 -0.80315 
vn -0.598425 0 -0.80315 
vn -0.598425 0 -0.80315 
vn 0.952756 0 0.299213 
vn 0.952756 0 0.299213 
vn 0.952756 0 0.299213 
vn 0.952756 0 0.299213 
vn 0.598425 0 -0.80315 
vn 0.598425 0 -0.80315 
vn 0.598425 0 -0.80315 
vn 0.598425 0 -0.80315 
vn -0.952756 0 0.299213 
vn -0.952756 0 0.299213 
vn -0.952756 0 0.299213 
vn -0.952756 0 0.299213 
vn 0 0.80315 0.598425 
vn 0 0.80315 0.598425 
vn 0 0.80315 0.598425 
vn 0 0.80315 0.598425 
vn -0.598425 0 -0.80315 
vn -0.598425 0 -0.80315 
vn -0.598425 0 -0.80315 
vn -0.598425 0 -0.80315 
vn 0.952756 0 0.299213 
vn 0.952756 0 0.299213 
vn 0.952756 0 0.299213 
vn 0.952756 0 0.299213 
vn 0 0.92126 -0.385827 
vn 0 0.92126 -0.385827 
vn 0 0.92126 -0.385827 
vn 0 0.92126 -0.385827 
vn 0 0.92126 -0.385827 
vn 0 0.92126 -0.385827 
vn 0 0.92126 -0.385827 
vn 0 0.92126 -0.385827 
vn 0.102362 0.992126 -0.0393701 
vn 0.102362 0.992126 -0.0393701 
vn 0.102362 0.992126 -0.0393701 
vn 0.102362 0.992126 -0.0393701 
vn -0.952756 0 0.299213 
vn -0.952756 0 0.299213 
vn -0.952756 0 0.299213 
vn -0.952756 0 0.299213 
vn 0.598425 0 -0.80315 
vn 0.598425 0 -0.80315 
vn 0.598425 0 -0.80315 
vn 0.598425 0 -0.80315 
vn 0 0.834646 -0.551181 
vn 0 0.834646 -0.551181 
vn 0 0.834646 -0.551181 
vn 0 0.834646 -0.551181 
vn -0.598425 0 -0.80315 
vn -0.598425 0 -0.80315 
vn -0.598425 0 -0.80315 
vn -0.598425 0 -0.80315 
vn 0.598425 0 -0.80315 
vn 0.598425 0 -0.80315 
vn 0.598425 0 -0.80315 
vn 0.598425 0 -0.80315 
vn -0.102362 0.992126 -0.0393701 
vn -0.102362 0.992126 -0.0393701 
vn -0.102362 0.992126 -0.0393701 
vn -0.102362 0.992126 -0.0393701 
vn 0.102362 0.992126 0.0393701 
vn 0.102362 0.992126 0.0393701 
vn 0.102362 0.992126 0.0393701 
vn 0.102362 0.992126 0.0393701 
vn 0.102362 0.992126 0.0393701 
vn 0.102362 0.992126 0.0393701 
vn 0.0393701 0.992126 -0.102362 
vn 0.0393701 0.992126 -0.102362 
vn 0.0393701 0.992126 -0.102362 
vn 0.0393701 0.992126 -0.102362 
vn 0.0393701 0.992126 -0.102362 
vn 0.0393701 0.992126 -0.102362 
vn -0.0393701 0.992126 -0.102362 
vn -0.0393701 0.992126 -0.102362 
vn -0.0393701 0.992126 -0.102362 
vn -0.0393701 0.992126 -0.102362 
vn -0.0393701 0.992126 -0.102362 
vn -0.0393701 0.992126 -0.102362 
vn 0.952756 0 0.299213 
vn 0.952756 0 0.299213 
vn 0.952756 0 0.299213 
vn 0.952756 0 0.299213 
vn 0.338583 0.858268 -0.393701 
vn 0.338583 0.858268 -0.393701 
vn 0.338583 0.858268 -0.393701 
vn -0.102362 0.992126 0.0393701 
vn -0.102362 0.992126 0.0393701 
vn -0.102362 0.992126 0.0393701 
vn -0.102362 0.992126 0.0393701 
vn -0.102362 0.992126 0.0393701 
vn -0.102362 0.992126 0.0393701 
vn 0.598425 0 -0.80315 
vn 0.598425 0 -0.80315 
vn 0.598425 0 -0.80315 
vn 0.598425 0 -0.80315 
vn 0.362205 0.850394 -0.377953 
vn 0.362205 0.850394 -0.377953 
vn 0.362205 0.850394 -0.377953 
vn -0.952756 0 0.299213 
vn -0.952756 0 0.299213 
vn -0.952756 0 0.299213 
vn -0.952756 0 0.299213 
vn -0.598425 0 -0.80315 
vn -0.598425 0 -0.80315 
vn -0.598425 0 -0.80315 
vn -0.598425 0 -0.80315 
vn 0.598425 0 -0.80315 
vn 0.598425 0 -0.80315 
vn 0.598425 0 -0.80315 
vn 0.598425 0 -0.80315 
vn 0.952756 0 0.299213 
vn 0.952756 0 0.299213 
vn 0.952756 0 0.299213 
vn 0.952756 0 0.299213 
vn -0.952756 0 0.299213 
vn -0.952756 0 0.299213 
vn -0.952756 0 0.299213 
vn -0.952756 0 0.299213 
vn 0 0.700787 -0.716535 
vn 0 0.700787 -0.716535 
vn 0 0.700787 -0.716535 
vn 0 0.700787 -0.716535 
vn 0 0 1 
vn 0 0 1 
vn 0 0 1 
vn 0 0 1 
vn 0 0 1 
vn 0 0 1 
vn 0 0 1 
vn 0 0 1 
vn 0 0 1 
vn 0 0 1 
vn 0 0 1 
vn 0 0 1 
vn 0 0 1 
vn 0 0 1 
vn 0 0 1 
vn 0 0 1 
vn 0 0 1 
vn 0 0 1 
vn 0 0 1 
vn 0 0 1 
vn 0 0 1 
vn 0 0 1 
vn 0 0 1 
vn 0 0 1 
vn 0 0 1 
vn 0 0 1 
vn 0 0 1 
vn 0 0 1 
vn 0 0 1 
vn 0 0 1 
vn 0 0 1 
vn 0 0 1 
vn -0.598425 0 -0.80315 
vn -0.598425 0 -0.80315 
vn -0.598425 0 -0.80315 
vn -0.598425 0 -0.80315 
vn 0.598425 0 -0.80315 
vn 0.598425 0 -0.80315 
vn 0.598425 0 -0.80315 
vn 0.598425 0 -0.80315 
vn 0.251969 0.748031 -0.606299 
vn 0.251969 0.748031 -0.606299 
vn 0.251969 0.748031 -0.606299 
vn 0 0 -1 
vn 0 0 -1 
vn 0 0 -1 
vn 0 0 -1 
vn 0 0 -1 
vn 0 0 -1 
vn -0.598425 0 -0.80315 
vn -0.598425 0 -0.80315 
vn -0.598425 0 -0.80315 
vn -0.598425 0 -0.80315 
vn 0.251969 0.748031 -0.606299 
vn 0.251969 0.748031 -0.606299 
vn 0.251969 0.748031 -0.606299 
vn 0.559055 0.598425 -0.574803 
vn 0.559055 0.598425 -0.574803 
vn 0.559055 0.598425 -0.574803 
vn 0.598425 0 -0.80315 
vn 0.598425 0 -0.80315 
vn 0.598425 0 -0.80315 
vn 0.598425 0 -0.80315 
vn -0.338583 0.858268 -0.393701 
vn -0.338583 0.858268 -0.393701 
vn -0.338583 0.858268 -0.393701 
vn 0 1 0 
vn 0 1 0 
vn 0 1 0 
vn 0 1 0 
vn 0.0944882 0.968504 -0.228346 
vn 0.0944882 0.968504 -0.228346 
vn 0.0944882 0.968504 -0.228346 
vn 0.952756 0 0.299213 
vn 0.952756 0 0.299213 
vn 0.952756 0 0.299213 
vn 0.952756 0 0.299213 
vn 0.251969 0.748031 0.606299 
vn 0.251969 0.748031 0.606299 
vn 0.251969 0.748031 0.606299 
vn 0.251969 0.748031 0.606299 
vn 0.0944882 0.968504 -0.228346 
vn 0.0944882 0.968504 -0.228346 
vn 0.0944882 0.968504 -0.228346 
vn -0.362205 0.850394 -0.377953 
vn -0.362205 0.850394 -0.377953 
vn -0.362205 0.850394 -0.377953 
vn 0.0944882 0.968504 0.228346 
vn 0.0944882 0.968504 0.228346 
vn 0.0944882 0.968504 0.228346 
vn 0.0944882 0.968504 0.228346 
vn -0.952756 0 0.299213 
vn -0.952756 0 0.299213 
vn -0.952756 0 0.299213 
vn -0.952756 0 0.299213 
vn 0.0393701 0.992126 0.102362 
vn 0.0393701 0.992126 0.102362 
vn 0.0393701 0.992126 0.102362 
vn 0.0393701 0.992126 0.102362 
vn 0.0393701 0.992126 -0.102362 
vn 0.0393701 0.992126 -0.102362 
vn 0.0393701 0.992126 -0.102362 
vn 0.0393701 0.992126 -0.102362 
vn -0.0944882 0.968504 -0.228346 
vn -0.0944882 0.968504 -0.228346 
vn -0.0944882 0.968504 -0.228346 
vn -0.0944882 0.968504 -0.228346 
vn -0.0944882 0.968504 -0.228346 
vn -0.0944882 0.968504 -0.228346 
vn -0.0944882 0.968504 0.228346 
vn -0.0944882 0.968504 0.228346 
vn -0.0944882 0.968504 0.228346 
vn -0.0393701 0.992126 0.102362 
vn -0.0393701 0.992126 0.102362 
vn -0.0393701 0.992126 0.102362 
vn -0.0393701 0.992126 0.102362 
vn -0.0393701 0.992126 -0.102362 
vn -0.0393701 0.992126 -0.102362 
vn -0.0393701 0.992126 -0.102362 
vn -0.0393701 0.992126 -0.102362 
vn -0.0393701 0.992126 -0.102362 
vn -0.0393701 0.992126 -0.102362 
vn 0.299213 0.905512 -0.299213 
vn 0.299213 0.905512 -0.299213 
vn 0.299213 0.905512 -0.299213 
vn 0 0 1 
vn 0 0 1 
vn 0 0 1 
vn 0 0 1 
vn 0 0 1 
vn 0 0 1 
vn 0 0 1 
vn 0 0 1 
vn 0 0 1 
vn 0 0 1 
vn 0 0 1 
vn 0 0 1 
vn 0 0 1 
vn 0 0 1 
vn 0 0 1 
vn 0 0 1 
vn 0 0 1 
vn 0 0 1 
vn 0 0 1 
vn 0 0 1 
vn 0 0 1 
vn 0 0 1 
vn 0 0 1 
vn 0 0 1 
vn 0 0 1 
vn 0 0 1 
vn 0 0 1 
vn 0 0 1 
vn 0 0 1 
vn 0 0 1 
vn 0 0 1 
vn 0 0 1 
vn -0.0944882 0.968504 0.228346 
vn -0.0944882 0.968504 0.228346 
vn -0.0944882 0.968504 0.228346 
vn 0 1 0 
vn 0 1 0 
vn 0 1 0 
vn 0 1 0 
vn 0 1 0 
vn 0 1 0 
vn 0 1 0 
vn 0 1 0 
vn 0 1 0 
vn 0 1 0 
vn 0 1 0 
vn 0 1 0 
vn 0 1 0 
vn 0 1 0 
vn 0 1 0 
vn 0 1 0 
vn 0 1 0 
vn 0 1 0 
vn 0 1 0 
vn 0 1 0 
vn 0 1 0 
vn 0 1 0 
vn 0 1 0 
vn 0 1 0 
vn 0 1 0 
vn 0 1 0 
vn 0 1 0 
vn 0 1 0 
vn 0 1 0 
vn 0 1 0 
vn 0 1 0 
vn 0 1 0 
vn 0 1 0 
vn 0 1 0 
vn 0 1 0 
vn 0.299213 0.905512 -0.299213 
vn 0.299213 0.905512 -0.299213 
vn 0.299213 0.905512 -0.299213 
vn 0.110236 0.96063 -0.259843 
vn 0.110236 0.96063 -0.259843 
vn 0.110236 0.96063 -0.259843 
vn -0.952756 0 0.299213 
vn -0.952756 0 0.299213 
vn -0.952756 0 0.299213 
vn -0.952756 0 0.299213 
vn 0.952756 0 0.299213 
vn 0.952756 0 0.299213 
vn 0.952756 0 0.299213 
vn 0.952756 0 0.299213 
vn 0.110236 0.96063 0.259843 
vn 0.110236 0.96063 0.259843 
vn 0.110236 0.96063 0.259843 
vn 0 1 0 
vn 0 1 0 
vn 0 1 0 
vn 0 1 0 
vn -0.251969 0.748031 -0.606299 
vn -0.251969 0.748031 -0.606299 
vn -0.251969 0.748031 -0.606299 
vn -0.251969 0.748031 -0.606299 
vn -0.251969 0.748031 -0.606299 
vn -0.251969 0.748031 -0.606299 
vn 0.110236 0.96063 -0.259843 
vn 0.110236 0.96063 -0.259843 
vn 0.110236 0.96063 -0.259843 
vn -0.598425 0 -0.80315 
vn -0.598425 0 -0.80315 
vn -0.598425 0 -0.80315 
vn -0.598425 0 -0.80315 
vn 0.598425 0 -0.80315 
vn 0.598425 0 -0.80315 
vn 0.598425 0 -0.80315 
vn 0.598425 0 -0.80315 
vn -0.598425 0 -0.80315 
vn -0.598425 0 -0.80315 
vn -0.598425 0 -0.80315 
vn -0.598425 0 -0.80315 
vn 0.598425 0 -0.80315 
vn 0.598425 0 -0.80315 
vn 0.598425 0 -0.80315 
vn 0.598425 0 -0.80315 
vn -0.251969 0.748031 0.606299 
vn -0.251969 0.748031 0.606299 
vn -0.251969 0.748031 0.606299 
vn -0.251969 0.748031 0.606299 
vn 0.110236 0.96063 0.259843 
vn 0.110236 0.96063 0.259843 
vn 0.110236 0.96063 0.259843 
vn -0.110236 0.96063 -0.259843 
vn -0.110236 0.96063 -0.259843 
vn -0.110236 0.96063 -0.259843 
vn -0.110236 0.96063 0.259843 
vn -0.110236 0.96063 0.259843 
vn -0.110236 0.96063 0.259843 
vn -0.110236 0.96063 -0.259843 
vn -0.110236 0.96063 -0.259843 
vn -0.110236 0.96063 -0.259843 
vn 0.377953 0.125984 -0.913386 
vn 0.377953 0.125984 -0.913386 
vn 0.377953 0.125984 -0.913386 
vn 0.377953 0.125984 -0.913386 
vn -0.110236 0.96063 0.259843 
vn -0.110236 0.96063 0.259843 
vn -0.110236 0.96063 0.259843 
vn 0.0314961 1 -0.00787402 
vn 0.0314961 1 -0.00787402 
vn 0.0314961 1 -0.00787402 
vn -0.299213 0.905512 -0.299213 
vn -0.299213 0.905512 -0.299213 
vn -0.299213 0.905512 -0.299213 
vn -0.299213 0.905512 -0.299213 
vn -0.299213 0.905512 -0.299213 
vn -0.299213 0.905512 -0.299213 
vn 0 -1 0 
vn 0 -1 0 
vn 0 -1 0 
vn 0 -1 0 
vn 0 -1 0 
vn 0 -1 0 
vn 0.598425 0 -0.80315 
vn 0.598425 0 -0.80315 
vn 0.598425 0 -0.80315 
vn 0.598425 0 -0.80315 
vn 0 1 0 
vn 0 1 0 
vn 0 1 0 
vn 0 1 0 
vn 0 1 0 
vn 0 1 0 
vn 0 1 0 
vn 0 1 0 
vn 0 1 0 
vn 0 1 0 
vn 0 1 0 
vn 0 1 0 
vn 0 1 0 
vn 0 1 0 
vn -0.0314961 1 -0.00787402 
vn -0.0314961 1 -0.00787402 
vn -0.0314961 1 -0.00787402 
vn 0.377953 0.125984 0.913386 
vn 0.377953 0.125984 0.913386 
vn 0.377953 0.125984 0.913386 
vn 0.377953 0.125984 0.913386 
vn 0.952756 0 0.299213 
vn 0.952756 0 0.299213 
vn 0.952756 0 0.299213 
vn 0.952756 0 0.299213 
vn -0.598425 0 -0.80315 
vn -0.598425 0 -0.80315 
vn -0.598425 0 -0.80315 
vn -0.598425 0 -0.80315 
vn 0.598425 0 -0.80315 
vn 0.598425 0 -0.80315 
vn 0.598425 0 -0.80315 
vn 0.598425 0 -0.80315 
vn -0.559055 0.598425 -0.574803 
vn -0.559055 0.598425 -0.574803 
vn -0.559055 0.598425 -0.574803 
vn 0 1 0 
vn 0 1 0 
vn 0 1 0 
vn 0 1 0 
vn 0 1 0 
vn 0 1 0 
vn 0 1 0 
vn 0 1 0 
vn 0 1 0 
vn 0 1 0 
vn 0 1 0 
vn 0 1 0 
vn 0 1 0 
vn 0 1 0 
vn 0 1 0 
vn 0 1 0 
vn -0.952756 0 0.299213 
vn -0.952756 0 0.299213 
vn -0.952756 0 0.299213 
vn -0.952756 0 0.299213 
vn 0 1 0.00787402 
vn 0 1 0.00787402 
vn 0 1 0.00787402 
vn 0 1 0.00787402 
vn 0 1 0.00787402 
vn 0 1 0.00787402 
vn -0.598425 0 -0.80315 
vn -0.598425 0 -0.80315 
vn -0.598425 0 -0.80315 
vn -0.598425 0 -0.80315 
vn 0.952756 0 0.299213 
vn 0.952756 0 0.299213 
vn 0.952756 0 0.299213 
vn 0.952756 0 0.299213 
vn 0 1 0 
vn 0 1 0 
vn 0 1 0 
vn 0 1 0 
vn 0 1 0 
vn 0 1 0 
vn 0 1 0 
vn 0 1 0 
vn 0 1 0 
vn 0 1 0 
vn 0 1 0 
vn 0 1 0 
vn 0 1 0 
vn 0 1 0 
vn 0 1 0 
vn 0 1 0 
vn 0 1 0 
vn 0 1 0 
vn 0 1 0 
vn 0 1 0 
vn 0 1 0 
vn 0 1 0 
vn 0 1 0 
vn 0 1 0 
vn 0 1 0 
vn 0 1 0 
vn 0 1 0 
vn 0 1 0 
vn 0 1 0 
vn 0 1 0 
vn 0 1 0 
vn 0 1 0 
vn 0 1 0 
vn 0 1 0 
vn 0 1 0 
vn 0 1 0 
vn 0 1 0 
vn 0 1 0 
vn 0 1 0 
vn 0 1 0 
vn 0 -1 0 
vn 0 -1 0 
vn 0 -1 0 
vn 0 -1 0 
vn 0 -1 0 
vn 0 -1 0 
vn 0 -1 0 
vn 0 -1 0 
vn 0 -1 0 
vn 0 -1 0 
vn 0 -1 0 
vn 0 -1 0 
vn 0 -1 0 
vn 0 -1 0 
vn 0 -1 0 
vn 0 -1 0 
vn 0 -1 0 
vn 0 -1 0 
vn 0 -1 0 
vn 0 -1 0 
vn 0 -1 0 
vn 0 -1 0 
vn 0 -1 0 
vn 0 -1 0 
vn 0 -1 0 
vn 0 -1 0 
vn 0 -1 0 
vn 0 -1 0 
vn 0 -1 0 
vn 0 -1 0 
vn 0 -1 0 
vn 0 -1 0 
vn 0 -1 0 
vn 0 -1 0 
vn 0 -1 0 
vn 0 -1 0 
vn 0 -1 0 
vn 0 -1 0 
vn 0 -1 0 
vn 0 -1 0 
vn 0 -1 0 
vn 0 -1 0 
vn 0 -1 0 
vn 0 -1 0 
vn 0 -1 0 
vn 0 -1 0 
vn 0 -1 0 
vn 0 -1 0 
vn 0 -1 0 
vn 0 -1 0 
vn 0 -1 0 
vn 0 -1 0 
vn 0 -1 0 
vn 0 -1 0 
vn 0 -1 0 
vn 0 -1 0 
vn 0 -1 0 
vn 0 -1 0 
vn 0 -1 0 
vn 0 -1 0 
vn 0 -1 0 
vn 0 -1 0 
vn 0 -1 0 
vn 0 -1 0 
vn 0 -1 0 
vn 0 -1 0 
vn 0 -1 0 
vn 0 -1 0 
vn 0 -1 0 
vn 0 -1 0 
vn 0 -1 0 
vn 0 -1 0 
vn 0 -1 0 
vn 0 -1 0 
vn 0 -1 0 
vn 0 -1 0 
vn 0 -1 0 
vn 0 -1 0 
vn 0 -1 0 
vn 0 -1 0 
vn 0 -1 0 
vn 0 -1 0 
vn 0 -1 0 
vn 0 -1 0 
vn 0 -1 0 
vn 0 -1 0 
vn 0 -1 0 
vn 0 -1 0 
vn 0 -1 0 
vn 0 -1 0 
vn 0 -1 0 
vn 0 -1 0 
vn 0 -1 0 
vn 0 -1 0 
vn 0 -1 0 
vn 0 -1 0 
vn 0 -1 0 
vn 0 -1 0 
vn 0 -1 0 
vn 0 -1 0 
vn 0 -1 0 
vn 0 -1 0 
vn 0 -1 0 
vn 0 -1 0 
vn 0 -1 0 
vn 0 -1 0 
vn 0 -1 0 
vn 0 -1 0 
vn 0 -1 0 
vn 0 -1 0 
vn 0 -1 0 
vn 0 -1 0 
vn 0 -1 0 
vn 0 -1 0 
vn 0 -1 0 
vn 0 -1 0 
vn 0 -1 0 
vn 0 -1 0 
vn 0 -1 0 
vn 0 -1 0 
vn 0 -1 0 
vn 0 -1 0 
vn 0 -1 0 
vn 0 -1 0 
vn 0 -1 0 
vn 0 -1 0 
vn 0 -1 0 
vn 0 -1 0 
vn 0 -1 0 
vn 0 -1 0 
vn 0 -1 0 
vn 0 -1 0 
vn 0 -1 0 
vn 0 -1 0 
vn 0 -1 0 
vn 0 -1 0 
vn 0 -1 0 
vn 0 -1 0 
vn 0 -1 0 
vn 0 -1 0 
vn 0 -1 0 
vn 0 -1 0 
vn 0 -1 0 
vn 0 -1 0 
vn 0 -1 0 
vn 0 -1 0 
vn 0 -1 0 
vn 0 -1 0 
vn 0 -1 0 
vn 0 -1 0 
vn 0 -1 0 
vn 0 -1 0 
vn 0 -1 0 
vn 0 -1 0 
vn 0 -1 0 
vn 0 -1 0 
vn 0 -1 0 
vn 0 -1 0 
vn 0 -1 0 
vn 0 -1 0 
vn 0 -1 0 
vn 0 -1 0 
vn 0 -1 0 
vn 0 -1 0 
vn 0 -1 0 
vn 0 -1 0 
vn 0 -1 0 
vn 0 -1 0 
vn 0 -1 0 
vn 0 -1 0 
vn 0 -1 0 
vn 0 -1 0 
vn 0 -1 0 
vn 0 -1 0 
vn 0 -1 0 
vn 0 -1 0 
vn 0 -1 0 
vn 0 -1 0 
vn 0 -1 0 
vn 0 -1 0 
vn 0 -1 0 
vn 0 -1 0 
vn 0.102362 0.992126 -0.0393701 
vn 0.102362 0.992126 -0.0393701 
vn 0.102362 0.992126 -0.0393701 
vn 0.102362 0.992126 -0.0393701 
vn 0 0.952756 0.314961 
vn 0 0.952756 0.314961 
vn 0 0.952756 0.314961 
vn 0 0.952756 0.314961 
vn 0 0.952756 0.314961 
vn 0 0.952756 0.314961 
vn 0 0.952756 0.314961 
vn 0 0.952756 0.314961 
vn 0 0.952756 0.314961 
vn 0 0.952756 0.314961 
vn -0.952756 0 0.299213 
vn -0.952756 0 0.299213 
vn -0.952756 0 0.299213 
vn -0.952756 0 0.299213 
vn 0 0.952756 0.314961 
vn 0 0.952756 0.314961 
vn 0 0.952756 0.314961 
vn 0 0.952756 0.314961 
vn 0.0393701 0.992126 0.102362 
vn 0.0393701 0.992126 0.102362 
vn 0.0393701 0.992126 0.102362 
vn 0.0393701 0.992126 0.102362 
vn 0 0.952756 0.314961 
vn 0 0.952756 0.314961 
vn 0 0.952756 0.314961 
vn 0 0.952756 0.314961 
vn 0 0.952756 0.314961 
vn 0 0.952756 0.314961 
vn -0.0393701 0.992126 0.102362 
vn -0.0393701 0.992126 0.102362 
vn -0.0393701 0.992126 0.102362 
vn -0.0393701 0.992126 0.102362 
vn -0.102362 0.992126 -0.0393701 
vn -0.102362 0.992126 -0.0393701 
vn -0.102362 0.992126 -0.0393701 
vn -0.102362 0.992126 -0.0393701 
vn -0.377953 0.125984 -0.913386 
vn -0.377953 0.125984 -0.913386 
vn -0.377953 0.125984 -0.913386 
vn -0.377953 0.125984 -0.913386 
vn 0.598425 0 -0.80315 
vn 0.598425 0 -0.80315 
vn 0.598425 0 -0.80315 
vn 0.598425 0 -0.80315 
vn 0 1 0 
vn 0 1 0 
vn 0 1 0 
vn 0 1 0 
vn 0 1 0 
vn 0 1 0 
vn 0 1 0 
vn 0 1 0 
vn 0 1 0 
vn 0 1 0 
vn 0 1 0 
vn 0 1 0 
vn 0 1 0 
vn 0 1 0 
vn 0 1 0 
vn 0 1 0 
vn 0 1 0 
vn 0 1 0 
vn 0 1 0 
vn 0 1 0 
vn 0 1 0 
vn 0 1 0 
vn 0 1 0 
vn 0 1 0 
vn 0 1 0 
vn 0 1 0 
vn 0 1 0 
vn 0 1 0 
vn 0 1 0 
vn 0 1 0 
vn 0 1 0 
vn 0 1 0 
vn 0 1 0 
vn 0 1 0 
vn 0 1 0 
vn 0 1 0 
vn 0 1 0 
vn 0 1 0 
vn 0 1 0 
vn 0 1 0 
vn 0 1 0 
vn 0 1 0 
vn 0 1 0 
vn 0 1 0 
vn 0 1 0 
vn 0.598425 0 -0.80315 
vn 0.598425 0 -0.80315 
vn 0.598425 0 -0.80315 
vn 0.598425 0 -0.80315 
vn 0.102362 0.992126 0.0393701 
vn 0.102362 0.992126 0.0393701 
vn 0.102362 0.992126 0.0393701 
vn -0.377953 0.125984 0.913386 
vn -0.377953 0.125984 0.913386 
vn -0.377953 0.125984 0.913386 
vn -0.377953 0.125984 0.913386 
vn -0.598425 0 -0.80315 
vn -0.598425 0 -0.80315 
vn -0.598425 0 -0.80315 
vn -0.598425 0 -0.80315 
vn 0.102362 0.992126 0.0393701 
vn 0.102362 0.992126 0.0393701 
vn 0.102362 0.992126 0.0393701 
vn -0.598425 0 -0.80315 
vn -0.598425 0 -0.80315 
vn -0.598425 0 -0.80315 
vn -0.598425 0 -0.80315 
vn 0 1 0 
vn 0 1 0 
vn 0 1 0 
vn 0 1 0 
vn 0 1 0 
vn 0 1 0 
vn 0.952756 0 0.299213 
vn 0.952756 0 0.299213 
vn 0.952756 0 0.299213 
vn 0.952756 0 0.299213 
vn -0.952756 0 0.299213 
vn -0.952756 0 0.299213 
vn -0.952756 0 0.299213 
vn -0.952756 0 0.299213 
vn -0.102362 0.992126 0.0393701 
vn -0.102362 0.992126 0.0393701 
vn -0.102362 0.992126 0.0393701 
vn -0.102362 0.992126 0.0393701 
vn -0.102362 0.992126 0.0393701 
vn -0.102362 0.992126 0.0393701 
vn -0.598425 0 -0.80315 
vn -0.598425 0 -0.80315 
vn -0.598425 0 -0.80315 
vn -0.598425 0 -0.80315 
vn 0.598425 0 -0.80315 
vn 0.598425 0 -0.80315 
vn 0.598425 0 -0.80315 
vn 0.598425 0 -0.80315 
vn 0.952756 0 0.299213 
vn 0.952756 0 0.299213 
vn 0.952756 0 0.299213 
vn 0.952756 0 0.299213 
vn -0.598425 0 -0.80315 
vn -0.598425 0 -0.80315 
vn -0.598425 0 -0.80315 
vn -0.598425 0 -0.80315 
vn 0 -1 0 
vn 0 -1 0 
vn 0 -1 0 
vn 0 -1 0 
vn 0 -1 0 
vn 0 -1 0 
vn 0 -1 0 
vn 0 -1 0 
vn 0 -1 0 
vn 0 -1 0 
vn 0 -1 0 
vn 0 -1 0 
vn 0 -1 0 
vn 0 -1 0 
vn 0 -1 0 
vn 0 -1 0 
vn 0 -1 0 
vn 0 -1 0 
vn 0 -1 0 
vn 0 -1 0 
vn 0 -1 0 
vn 0 -1 0 
vn 0 -1 0 
vn 0 -1 0 
vn 0 -1 0 
vn 0 -1 0 
vn 0 -1 0 
vn 0 -1 0 
vn 0 -1 0 
vn 0 -1 0 
vn 0 -1 0 
vn 0 -1 0 
vn 0 -1 0 
vn 0 -1 0 
vn 0 -1 0 
vn 0 -1 0 
vn 0 -1 0 
vn 0 -1 0 
vn 0 -1 0 
vn 0 -1 0 
vn 0 -1 0 
vn 0 -1 0 
vn 0 -1 0 
vn 0 -1 0 
vn 0 -1 0 
vn 0 -1 0 
vn 0 -1 0 
vn 0 -1 0 
vn 0 -1 0 
vn 0 -1 0 
vn 0 -1 0 
vn 0 -1 0 
vn 0 -1 0 
vn 0 -1 0 
vn 0 -1 0 
vn 0 -1 0 
vn 0 -1 0 
vn 0 -1 0 
vn 0 -1 0 
vn 0 -1 0 
vn 0 -1 0 
vn 0 -1 0 
vn 0 -1 0 
vn 0 -1 0 
vn 0 -1 0 
vn 0 -1 0 
vn 0 -1 0 
vn 0 -1 0 
vn 0 -1 0 
vn 0 -1 0 
vn 0 -1 0 
vn 0 -1 0 
vn 0 -1 0 
vn 0 -1 0 
vn 0 -1 0 
vn 0 -1 0 
vn 0 -1 0 
vn 0 -1 0 
vn 0 -1 0 
vn 0 -1 0 
vn 0 -1 0 
vn 0 -1 0 
vn 0 -1 0 
vn 0 -1 0 
vn 0 -1 0 
vn 0 -1 0 
vn 0 -1 0 
vn 0 -1 0 
vn 0 -1 0 
vn 0 -1 0 
vn 0 -1 0 
vn 0 -1 0 
vn 0 -1 0 
vn 0 -1 0 
vn 0 -1 0 
vn 0 -1 0 
vn 0 -1 0 
vn 0 -1 0 
vn 0 -1 0 
vn 0 -1 0 
vn 0 -1 0 
vn 0 -1 0 
vn 0 -1 0 
vn 0 -1 0 
vn 0 -1 0 
vn 0 -1 0 
vn 0 -1 0 
vn 0 -1 0 
vn 0 -1 0 
vn 0 -1 0 
vn 0 -1 0 
vn 0 -1 0 
vn 0 -1 0 
vn 0 -1 0 
vn 0 -1 0 
vn 0 -1 0 
vn 0 -1 0 
vn 0 -1 0 
vn 0 -1 0 
vn 0 -1 0 
vn 0 -1 0 
vn 0 -1 0 
vn 0 -1 0 
vn 0 -1 0 
vn 0 -1 0 
vn 0 -1 0 
vn 0 -1 0 
vn 0 -1 0 
vn 0 -1 0 
vn 0 -1 0 
vn 0 -1 0 
vn 0 -1 0 
vn 0 -1 0 
vn 0 -1 0 
vn 0 -1 0 
vn 0 -1 0 
vn 0 -1 0 
vn 0 -1 0 
vn 0 -1 0 
vn 0 -1 0 
vn 0 -1 0 
vn 0 -1 0 
vn 0 -1 0 
vn 0 -1 0 
vn 0 -1 0 
vn 0 -1 0 
vn 0 -1 0 
vn 0 -1 0 
vn 0 -1 0 
vn 0 -1 0 
vn 0 -1 0 
vn 0 -1 0 
vn 0 -1 0 
vn 0 -1 0 
vn 0 -1 0 
vn 0 -1 0 
vn 0 -1 0 
vn 0 -1 0 
vn 0 -1 0 
vn 0 -1 0 
vn 0 -1 0 
vn 0 -1 0 
vn 0 -1 0 
vn 0 -1 0 
vn 0 -1 0 
vn 0 -1 0 
vn 0 -1 0 
vn 0 -1 0 
vn 0 -1 0 
vn 0 -1 0 
vn 0 -1 0 
vn 0 -1 0 
vn 0 -1 0 
vn 0 -1 0 
vn 0 -1 0 
vn 0 -1 0 
vn 0 -1 0 
vn 0 -1 0 
vn 0 -1 0 
vn 0 -1 0 
vn 0 -1 0 
vn 0 -1 0 
vn 0 -1 0 
vn 0 -1 0 
vn 0 -1 0 
vn 0 -1 0 
vn 0 -1 0 
vn 0 -1 0 
vn 0 -1 0 
vn 0 -1 0 
vn 0 -1 0 
vn 0 -1 0 
vn 0 -1 0 
vn 0 -1 0 
vn 0 -1 0 
vn 0 -1 0 
vn 0 -1 0 
vn 0 -1 0 
vn -0.952756 0 0.299213 
vn -0.952756 0 0.299213 
vn -0.952756 0 0.299213 
vn -0.952756 0 0.299213 
vn 0.598425 0 -0.80315 
vn 0.598425 0 -0.80315 
vn 0.598425 0 -0.80315 
vn 0.598425 0 -0.80315 
vn 0.15748 0.984252 0 
vn 0.15748 0.984252 0 
vn 0.15748 0.984252 0 
vn 0.15748 0.984252 0 
vn 0.228346 0.968504 -0.0944882 
vn 0.228346 0.968504 -0.0944882 
vn 0.228346 0.968504 -0.0944882 
vn 0.228346 0.968504 -0.0944882 
vn 0 0 1 
vn 0 0 1 
vn 0 0 1 
vn 0 0 1 
vn 0 0 1 
vn 0 0 1 
vn 0 0 1 
vn 0 0 1 
vn 0 0 1 
vn 0 0 1 
vn 0 0 1 
vn 0 0 1 
vn 0 0 1 
vn 0 0 1 
vn 0 0 1 
vn 0 0 1 
vn 0 0 1 
vn 0 0 1 
vn 0 0 1 
vn 0 0 1 
vn 0 0 1 
vn 0 0 1 
vn 0 0 1 
vn 0 0 1 
vn 0 0 1 
vn 0 0 1 
vn 0 0 1 
vn 0 0 1 
vn 0 0 1 
vn 0 0 1 
vn 0 0 1 
vn 0 0 1 
vn 0 0 1 
vn 0 0 1 
vn 0 0 1 
vn 0 0 1 
vn 0 1 0 
vn 0 1 0 
vn 0 1 0 
vn 0 1 0 
vn 0 1 0 
vn 0 1 0 
vn 0 1 0 
vn 0 1 0 
vn 0 1 0 
vn 0 1 0 
vn 0 1 0 
vn 0 1 0 
vn 0 1 0 
vn 0 1 0 
vn 0 1 0 
vn 0 1 0 
vn 0 1 0 
vn 0 1 0 
vn 0 1 0 
vn 0 1 0 
vn 0 1 0 
vn 0 1 0 
vn 0 1 0 
vn 0 1 0 
vn 0 1 0 
vn 0 1 0 
vn 0 1 0 
vn 0 1 0 
vn 0 1 0 
vn 0 1 0 
vn 0 1 0 
vn 0 1 0 
vn 0 1 0 
vn 0 1 0 
vn 0 1 0 
vn 0 1 0 
vn 0 1 0 
vn 0 1 0 
vn 0 1 0 
vn 0 1 0 
vn 0.622047 0.464567 0.629921 
vn 0.622047 0.464567 0.629921 
vn 0.622047 0.464567 0.629921 
vn 0.614173 0.480315 0.629921 
vn 0.614173 0.480315 0.629921 
vn 0.614173 0.480315 0.629921 
vn 0.0944882 0.968504 0.228346 
vn 0.0944882 0.968504 0.228346 
vn 0.0944882 0.968504 0.228346 
vn 0.0944882 0.968504 0.228346 
vn -0.598425 0 -0.80315 
vn -0.598425 0 -0.80315 
vn -0.598425 0 -0.80315 
vn -0.598425 0 -0.80315 
vn 0.598425 0 -0.80315 
vn 0.598425 0 -0.80315 
vn 0.598425 0 -0.80315 
vn 0.598425 0 -0.80315 
vn 0.952756 0 0.299213 
vn 0.952756 0 0.299213 
vn 0.952756 0 0.299213 
vn 0.952756 0 0.299213 
vn -0.598425 0 -0.80315 
vn -0.598425 0 -0.80315 
vn -0.598425 0 -0.80315 
vn -0.598425 0 -0.80315 
vn -0.0944882 0.968504 0.228346 
vn -0.0944882 0.968504 0.228346 
vn -0.0944882 0.968504 0.228346 
vn -0.0944882 0.968504 0.228346 
vn -0.0944882 0.968504 0.228346 
vn -0.0944882 0.968504 0.228346 
vn 0.259843 0.96063 -0.110236 
vn 0.259843 0.96063 -0.110236 
vn 0.259843 0.96063 -0.110236 
vn 0.110236 0.96063 0.259843 
vn 0.110236 0.96063 0.259843 
vn 0.110236 0.96063 0.259843 
vn -0.228346 0.968504 -0.0944882 
vn -0.228346 0.968504 -0.0944882 
vn -0.228346 0.968504 -0.0944882 
vn -0.228346 0.968504 -0.0944882 
vn 0.669291 0.740157 -0.0944882 
vn 0.669291 0.740157 -0.0944882 
vn 0.669291 0.740157 -0.0944882 
vn -0.952756 0 0.299213 
vn -0.952756 0 0.299213 
vn -0.952756 0 0.299213 
vn -0.952756 0 0.299213 
vn 0.598425 0 -0.80315 
vn 0.598425 0 -0.80315 
vn 0.598425 0 -0.80315 
vn 0.598425 0 -0.80315 
vn -0.952756 0 0.299213 
vn -0.952756 0 0.299213 
vn -0.952756 0 0.299213 
vn -0.952756 0 0.299213 
vn 0.952756 0 0.299213 
vn 0.952756 0 0.299213 
vn 0.952756 0 0.299213 
vn 0.952756 0 0.299213 
vn -0.110236 0.96063 0.259843 
vn -0.110236 0.96063 0.259843 
vn -0.110236 0.96063 0.259843 
vn 0.259843 0.96063 -0.110236 
vn 0.259843 0.96063 -0.110236 
vn 0.259843 0.96063 -0.110236 
vn 0.598425 0 -0.80315 
vn 0.598425 0 -0.80315 
vn 0.598425 0 -0.80315 
vn 0.598425 0 -0.80315 
vn 0 -1 0 
vn 0 -1 0 
vn 0 -1 0 
vn 0 -1 0 
vn 0 -1 0 
vn 0 -1 0 
vn 0 -1 0 
vn 0 -1 0 
vn 0 -1 0 
vn 0 -1 0 
vn 0 -1 0 
vn 0 -1 0 
vn 0 -1 0 
vn 0 -1 0 
vn 0 -1 0 
vn 0 -1 0 
vn 0 -1 0 
vn 0 -1 0 
vn 0 -1 0 
vn 0 -1 0 
vn 0 -1 0 
vn 0 -1 0 
vn 0 -1 0 
vn 0 -1 0 
vn 0 -1 0 
vn 0 -1 0 
vn 0 -1 0 
vn 0 -1 0 
vn 0 -1 0 
vn 0 -1 0 
vn 0 -1 0 
vn 0 -1 0 
vn 0 -1 0 
vn 0 -1 0 
vn 0 -1 0 
vn 0 -1 0 
vn 0 -1 0 
vn 0 -1 0 
vn 0 -1 0 
vn 0 -1 0 
vn 0 -1 0 
vn 0 -1 0 
vn 0 -1 0 
vn 0 -1 0 
vn 0 -1 0 
vn 0 -1 0 
vn 0 -1 0 
vn 0 -1 0 
vn 0 -1 0 
vn 0 -1 0 
vn 0 -1 0 
vn 0 -1 0 
vn 0 -1 0 
vn 0 -1 0 
vn 0 -1 0 
vn 0 -1 0 
vn 0 -1 0 
vn 0 -1 0 
vn 0 -1 0 
vn 0 -1 0 
vn 0 -1 0 
vn 0 -1 0 
vn 0 -1 0 
vn 0 -1 0 
vn 0 -1 0 
vn 0 -1 0 
vn 0 -1 0 
vn 0 -1 0 
vn 0 -1 0 
vn 0 -1 0 
vn 0 -1 0 
vn 0 -1 0 
vn 0 -1 0 
vn 0 -1 0 
vn 0 -1 0 
vn 0 -1 0 
vn 0 -1 0 
vn 0 -1 0 
vn 0 -1 0 
vn 0 -1 0 
vn 0 -1 0 
vn 0 -1 0 
vn 0 -1 0 
vn 0 -1 0 
vn 0 -1 0 
vn 0 -1 0 
vn 0 -1 0 
vn 0 -1 0 
vn 0 -1 0 
vn 0 -1 0 
vn 0 -1 0 
vn 0 -1 0 
vn 0 -1 0 
vn 0 -1 0 
vn 0 -1 0 
vn 0 -1 0 
vn 0 -1 0 
vn 0 -1 0 
vn 0 -1 0 
vn 0 -1 0 
vn 0 -1 0 
vn 0 -1 0 
vn 0 -1 0 
vn 0 -1 0 
vn 0 -1 0 
vn 0 -1 0 
vn 0 -1 0 
vn 0 -1 0 
vn 0 -1 0 
vn 0 -1 0 
vn 0 -1 0 
vn 0 -1 0 
vn 0 -1 0 
vn 0 -1 0 
vn 0 -1 0 
vn 0 -1 0 
vn 0 -1 0 
vn 0 -1 0 
vn 0 -1 0 
vn 0 -1 0 
vn 0 -1 0 
vn 0 -1 0 
vn 0 -1 0 
vn 0 -1 0 
vn 0 -1 0 
vn 0 -1 0 
vn 0 -1 0 
vn 0 -1 0 
vn 0 -1 0 
vn 0 -1 0 
vn 0 -1 0 
vn 0 -1 0 
vn 0 -1 0 
vn 0 -1 0 
vn 0 -1 0 
vn 0 -1 0 
vn 0 -1 0 
vn 0 -1 0 
vn 0 -1 0 
vn 0 -1 0 
vn 0 -1 0 
vn 0 -1 0 
vn 0 -1 0 
vn 0 -1 0 
vn 0 -1 0 
vn 0 -1 0 
vn 0 -1 0 
vn 0 -1 0 
vn 0 -1 0 
vn 0 -1 0 
vn 0 -1 0 
vn 0 -1 0 
vn 0 -1 0 
vn 0 -1 0 
vn 0 -1 0 
vn 0 -1 0 
vn 0 -1 0 
vn 0 -1 0 
vn 0 -1 0 
vn 0 -1 0 
vn 0 -1 0 
vn 0 -1 0 
vn 0 -1 0 
vn 0 -1 0 
vn 0 -1 0 
vn 0 -1 0 
vn 0 -1 0 
vn 0 -1 0 
vn 0 -1 0 
vn 0 -1 0 
vn 0 -1 0 
vn 0 -1 0 
vn 0 -1 0 
vn 0 -1 0 
vn 0 -1 0 
vn 0 -1 0 
vn 0 0 1 
vn 0 0 1 
vn 0 0 1 
vn 0 0 1 
vn 0 0 1 
vn 0 0 1 
vn 0 0 1 
vn 0 0 1 
vn 0 0 1 
vn 0 0 1 
vn 0 0 1 
vn 0 0 1 
vn 0 0 1 
vn 0 0 1 
vn 0 0 1 
vn 0 0 1 
vn 0 0 1 
vn 0 0 1 
vn 0 0 1 
vn 0 0 1 
vn 0 0 1 
vn 0 0 1 
vn 0 0 1 
vn 0 0 1 
vn 0 0 1 
vn 0 0 1 
vn 0 0 1 
vn 0 0 1 
vn 0 0 1 
vn 0 0 1 
vn 0 0 1 
vn 0 0 1 
vn 0 0 1 
vn 0 0 1 
vn 0 0 1 
vn 0 0 1 
vn 0 1 0 
vn 0 1 0 
vn 0 1 0 
vn 0 1 0 
vn 0 0.0629921 1 
vn 0 0.0629921 1 
vn 0 0.0629921 1 
vn 0 0.0629921 1 
vn -0.598425 0 -0.80315 
vn -0.598425 0 -0.80315 
vn -0.598425 0 -0.80315 
vn -0.598425 0 -0.80315 
vn 0.598425 0 -0.80315 
vn 0.598425 0 -0.80315 
vn 0.598425 0 -0.80315 
vn 0.598425 0 -0.80315 
vn 0.110236 0.96063 0.259843 
vn 0.110236 0.96063 0.259843 
vn 0.110236 0.96063 0.259843 
vn -0.598425 0 -0.80315 
vn -0.598425 0 -0.80315 
vn -0.598425 0 -0.80315 
vn -0.598425 0 -0.80315 
vn -0.259843 0.96063 -0.110236 
vn -0.259843 0.96063 -0.110236 
vn -0.259843 0.96063 -0.110236 
vn -0.110236 0.96063 0.259843 
vn -0.110236 0.96063 0.259843 
vn -0.110236 0.96063 0.259843 
vn 0 0.637795 0.771654 
vn 0 0.637795 0.771654 
vn 0 0.637795 0.771654 
vn 0 0.637795 0.771654 
vn 0 1 0 
vn 0 1 0 
vn 0 1 0 
vn 0 1 0 
vn 0 1 0 
vn 0 1 0 
vn 0 1 0 
vn 0 1 0 
vn 0 1 0 
vn 0 1 0 
vn 0 1 0 
vn 0 1 0 
vn 0 1 0 
vn 0 1 0 
vn 0 1 0 
vn 0 1 0 
vn 0 1 0 
vn 0 1 0 
vn 0 1 0 
vn 0 1 0 
vn 0 1 0 
vn 0 1 0 
vn 0 1 0 
vn 0 1 0 
vn 0 1 0 
vn 0 1 0 
vn 0 1 0 
vn 0 1 0 
vn 0 1 0 
vn 0 1 0 
vn 0 1 0 
vn 0 1 0 
vn 0 1 0 
vn 0 1 0 
vn 0 1 0 
vn 0 1 0 
vn 0 1 0 
vn 0 1 0 
vn 0 1 0 
vn 0 1 0 
vn 0 1 0 
vn 0 1 0 
vn 0 1 0 
vn 0 1 0 
vn 0 1 0 
vn 0.228346 0.968504 0.0944882 
vn 0.228346 0.968504 0.0944882 
vn 0.228346 0.968504 0.0944882 
vn 0.228346 0.968504 0.0944882 
vn 0 0.96063 0.267717 
vn 0 0.96063 0.267717 
vn 0 0.96063 0.267717 
vn 0 0.96063 0.267717 
vn 0 0.96063 0.267717 
vn 0 0.96063 0.267717 
vn -0.15748 -0.984252 0 
vn -0.15748 -0.984252 0 
vn -0.15748 -0.984252 0 
vn -0.15748 -0.984252 0 
vn 0 0.96063 0.267717 
vn 0 0.96063 0.267717 
vn 0 0.96063 0.267717 
vn 0 0.96063 0.267717 
vn -0.259843 0.96063 -0.110236 
vn -0.259843 0.96063 -0.110236 
vn -0.259843 0.96063 -0.110236 
vn -0.952756 0 0.299213 
vn -0.952756 0 0.299213 
vn -0.952756 0 0.299213 
vn -0.952756 0 0.299213 
vn 0.952756 0 0.299213 
vn 0.952756 0 0.299213 
vn 0.952756 0 0.299213 
vn 0.952756 0 0.299213 
vn 0.598425 0 -0.80315 
vn 0.598425 0 -0.80315 
vn 0.598425 0 -0.80315 
vn 0.598425 0 -0.80315 
vn -0.614173 0.480315 0.629921 
vn -0.614173 0.480315 0.629921 
vn -0.614173 0.480315 0.629921 
vn -0.622047 0.464567 0.629921 
vn -0.622047 0.464567 0.629921 
vn -0.622047 0.464567 0.629921 
vn 0 -0.92126 0.385827 
vn 0 -0.92126 0.385827 
vn 0 -0.92126 0.385827 
vn 0 -0.92126 0.385827 
vn 0 -0.92126 0.385827 
vn 0 -0.92126 0.385827 
vn 0 -0.92126 0.385827 
vn 0 -0.92126 0.385827 
vn 0.251969 0.944882 0.220472 
vn 0.251969 0.944882 0.220472 
vn 0.251969 0.944882 0.220472 
vn -0.598425 0 -0.80315 
vn -0.598425 0 -0.80315 
vn -0.598425 0 -0.80315 
vn -0.598425 0 -0.80315 
vn 0.598425 0 -0.80315 
vn 0.598425 0 -0.80315 
vn 0.598425 0 -0.80315 
vn 0.598425 0 -0.80315 
vn 0.637795 -0.574803 0.511811 
vn 0.637795 -0.574803 0.511811 
vn 0.637795 -0.574803 0.511811 
vn 0.952756 0 0.299213 
vn 0.952756 0 0.299213 
vn 0.952756 0 0.299213 
vn 0.952756 0 0.299213 
vn 0.637795 0.771654 0.0314961 
vn 0.637795 0.771654 0.0314961 
vn 0.637795 0.771654 0.0314961 
vn -0.952756 0 0.299213 
vn -0.952756 0 0.299213 
vn -0.952756 0 0.299213 
vn -0.952756 0 0.299213 
vn -0.598425 0 -0.80315 
vn -0.598425 0 -0.80315 
vn -0.598425 0 -0.80315 
vn -0.598425 0 -0.80315 
vn 0.267717 0.937008 0.228346 
vn 0.267717 0.937008 0.228346 
vn 0.267717 0.937008 0.228346 
vn -0.228346 0.968504 0.0944882 
vn -0.228346 0.968504 0.0944882 
vn -0.228346 0.968504 0.0944882 
vn -0.228346 0.968504 0.0944882 
vn 0 -1 0 
vn 0 -1 0 
vn 0 -1 0 
vn 0 -1 0 
vn 0 -1 0 
vn 0 -1 0 
vn 0 -1 0 
vn 0 -1 0 
vn 0 -1 0 
vn 0 -1 0 
vn 0 -1 0 
vn 0 -1 0 
vn 0 -1 0 
vn 0 -1 0 
vn 0 -1 0 
vn 0 -1 0 
vn 0 -1 0 
vn 0 -1 0 
vn 0 -1 0 
vn 0 -1 0 
vn 0 -1 0 
vn 0 -1 0 
vn 0 -1 0 
vn 0 -1 0 
vn 0 -1 0 
vn 0 -1 0 
vn 0 -1 0 
vn 0 -1 0 
vn 0 -1 0 
vn 0 -1 0 
vn 0 -1 0 
vn 0 -1 0 
vn 0 -1 0 
vn 0 -1 0 
vn 0 -1 0 
vn 0 -1 0 
vn 0 -1 0 
vn 0 -1 0 
vn 0 -1 0 
vn 0 -1 0 
vn 0 -1 0 
vn 0 -1 0 
vn 0 -1 0 
vn 0 -1 0 
vn 0 -1 0 
vn 0 -1 0 
vn 0 -1 0 
vn 0 -1 0 
vn 0 -1 0 
vn 0 -1 0 
vn 0 -1 0 
vn 0 -1 0 
vn 0 -1 0 
vn 0 -1 0 
vn 0 -1 0 
vn 0 -1 0 
vn 0 -1 0 
vn 0 -1 0 
vn 0 -1 0 
vn 0 -1 0 
vn 0 -1 0 
vn 0 -1 0 
vn 0 -1 0 
vn 0 -1 0 
vn 0 -1 0 
vn 0 -1 0 
vn 0 -1 0 
vn 0 -1 0 
vn 0 -1 0 
vn 0 -1 0 
vn 0 -1 0 
vn 0 -1 0 
vn 0 -1 0 
vn 0 -1 0 
vn 0 -1 0 
vn 0 -1 0 
vn 0 -1 0 
vn 0 -1 0 
vn 0 -1 0 
vn 0 -1 0 
vn 0 -1 0 
vn 0 -1 0 
vn 0 -1 0 
vn 0 -1 0 
vn 0 -1 0 
vn 0 -1 0 
vn 0 -1 0 
vn 0 -1 0 
vn 0 -1 0 
vn 0 -1 0 
vn 0 -1 0 
vn 0 -1 0 
vn 0 -1 0 
vn 0 -1 0 
vn 0 -1 0 
vn 0 -1 0 
vn 0 -1 0 
vn 0 -1 0 
vn 0 -1 0 
vn 0 -1 0 
vn 0 -1 0 
vn 0 -1 0 
vn 0 -1 0 
vn 0 -1 0 
vn 0 -1 0 
vn 0 -1 0 
vn 0 -1 0 
vn 0 -1 0 
vn 0 -1 0 
vn 0 -1 0 
vn 0 -1 0 
vn 0 -1 0 
vn 0 -1 0 
vn 0 -1 0 
vn 0 -1 0 
vn 0 -1 0 
vn 0 -1 0 
vn 0 -1 0 
vn 0 -1 0 
vn 0 -1 0 
vn 0 -1 0 
vn 0 -1 0 
vn 0 -1 0 
vn 0 -1 0 
vn 0 -1 0 
vn 0 -1 0 
vn 0 -1 0 
vn 0 -1 0 
vn 0 -1 0 
vn 0 -1 0 
vn 0 -1 0 
vn 0 -1 0 
vn 0 -1 0 
vn 0 -1 0 
vn 0 -1 0 
vn 0 -1 0 
vn 0 -1 0 
vn 0 -1 0 
vn 0 -1 0 
vn 0 -1 0 
vn 0 -1 0 
vn 0 -1 0 
vn 0 -1 0 
vn 0 -1 0 
vn 0 -1 0 
vn 0 -1 0 
vn 0 -1 0 
vn 0 -1 0 
vn 0 -1 0 
vn 0 -1 0 
vn 0 -1 0 
vn 0 -1 0 
vn 0 -1 0 
vn 0 -1 0 
vn 0 -1 0 
vn 0 -1 0 
vn 0 -1 0 
vn 0 -1 0 
vn 0 -1 0 
vn 0 -1 0 
vn 0 -1 0 
vn 0 -1 0 
vn 0.259843 0.96063 0.110236 
vn 0.259843 0.96063 0.110236 
vn 0.259843 0.96063 0.110236 
vn -0.669291 0.740157 -0.0944882 
vn -0.669291 0.740157 -0.0944882 
vn -0.669291 0.740157 -0.0944882 
vn 0.614173 0.787402 0.0787402 
vn 0.614173 0.787402 0.0787402 
vn 0.614173 0.787402 0.0787402 
vn -0.598425 0 -0.80315 
vn -0.598425 0 -0.80315 
vn -0.598425 0 -0.80315 
vn -0.598425 0 -0.80315 
vn 0.598425 0 -0.80315 
vn 0.598425 0 -0.80315 
vn 0.598425 0 -0.80315 
vn 0.598425 0 -0.80315 
vn 0 -1 0 
vn 0 -1 0 
vn 0 -1 0 
vn 0 -1 0 
vn 0.259843 0.96063 0.110236 
vn 0.259843 0.96063 0.110236 
vn 0.259843 0.96063 0.110236 
vn -0.598425 0 -0.80315 
vn -0.598425 0 -0.80315 
vn -0.598425 0 -0.80315 
vn -0.598425 0 -0.80315 
vn 0.598425 0 -0.80315 
vn 0.598425 0 -0.80315 
vn 0.598425 0 -0.80315 
vn 0.598425 0 -0.80315 
vn -0.251969 0.944882 0.220472 
vn -0.251969 0.944882 0.220472 
vn -0.251969 0.944882 0.220472 
vn 0 1 0 
vn 0 1 0 
vn 0 1 0 
vn 0 1 0 
vn 0 1 0 
vn 0 1 0 
vn 0 1 0 
vn 0 1 0 
vn 0 1 0 
vn 0 1 0 
vn 0 1 0 
vn 0 1 0 
vn 0 1 0 
vn 0 1 0 
vn 0 1 0 
vn 0 1 0 
vn 0 1 0 
vn 0 1 0 
vn 0 1 0 
vn 0 1 0 
vn 0 1 0 
vn 0 1 0 
vn 0 1 0 
vn 0 1 0 
vn 0 1 0 
vn 0 1 0 
vn 0 1 0 
vn 0 1 0 
vn 0 1 0 
vn 0 1 0 
vn 0 1 0 
vn 0 1 0 
vn 0 1 0 
vn 0 1 0 
vn 0 1 0 
vn 0 1 0 
vn 0 1 0 
vn 0 1 0 
vn 0 1 0 
vn 0 1 0 
vn 0.952756 0 0.299213 
vn 0.952756 0 0.299213 
vn 0.952756 0 0.299213 
vn 0.952756 0 0.299213 
vn 0.559055 -0.598425 0.574803 
vn 0.559055 -0.598425 0.574803 
vn 0.559055 -0.598425 0.574803 
vn -0.267717 0.937008 0.228346 
vn -0.267717 0.937008 0.228346 
vn -0.267717 0.937008 0.228346 
vn -0.952756 0 0.299213 
vn -0.952756 0 0.299213 
vn -0.952756 0 0.299213 
vn -0.952756 0 0.299213 
vn -0.259843 0.96063 0.110236 
vn -0.259843 0.96063 0.110236 
vn -0.259843 0.96063 0.110236 
vn 0.952756 0 0.299213 
vn 0.952756 0 0.299213 
vn 0.952756 0 0.299213 
vn 0.952756 0 0.299213 
vn 0 -1 0 
vn 0 -1 0 
vn 0 -1 0 
vn 0 -1 0 
vn 0 -1 0 
vn 0 -1 0 
vn 0 -1 0 
vn 0 -1 0 
vn 0 -1 0 
vn 0 -1 0 
vn 0 -1 0 
vn 0 -1 0 
vn 0 -1 0 
vn 0 -1 0 
vn 0 -1 0 
vn 0 -1 0 
vn 0 -1 0 
vn 0 -1 0 
vn 0 -1 0 
vn 0 -1 0 
vn 0 -1 0 
vn 0 -1 0 
vn 0 -1 0 
vn 0 -1 0 
vn 0 -1 0 
vn 0 -1 0 
vn -0.952756 0 0.299213 
vn -0.952756 0 0.299213 
vn -0.952756 0 0.299213 
vn -0.952756 0 0.299213 
vn -0.259843 0.96063 0.110236 
vn -0.259843 0.96063 0.110236 
vn -0.259843 0.96063 0.110236 
vn -0.80315 -0.598425 0 
vn -0.80315 -0.598425 0 
vn -0.80315 -0.598425 0 
vn -0.598425 0 -0.80315 
vn -0.598425 0 -0.80315 
vn -0.598425 0 -0.80315 
vn -0.598425 0 -0.80315 
vn 0.598425 0 -0.80315 
vn 0.598425 0 -0.80315 
vn 0.598425 0 -0.80315 
vn 0.598425 0 -0.80315 
vn -0.598425 0 -0.80315 
vn -0.598425 0 -0.80315 
vn -0.598425 0 -0.80315 
vn -0.598425 0 -0.80315 
vn 0.598425 0 -0.80315 
vn 0.598425 0 -0.80315 
vn 0.598425 0 -0.80315 
vn 0.598425 0 -0.80315 
vn -0.637795 -0.574803 0.511811 
vn -0.637795 -0.574803 0.511811 
vn -0.637795 -0.574803 0.511811 
vn -0.637795 0.771654 0.0314961 
vn -0.637795 0.771654 0.0314961 
vn -0.637795 0.771654 0.0314961 
vn 0 -1 0 
vn 0 -1 0 
vn 0 -1 0 
vn 0 -1 0 
vn 0.598425 0 -0.80315 
vn 0.598425 0 -0.80315 
vn 0.598425 0 -0.80315 
vn 0.598425 0 -0.80315 
vn 0 -0.181102 0.984252 
vn 0 -0.181102 0.984252 
vn 0 -0.181102 0.984252 
vn 0 -0.181102 0.984252 
vn 0.952756 0 0.299213 
vn 0.952756 0 0.299213 
vn 0.952756 0 0.299213 
vn 0.952756 0 0.299213 
vn -0.614173 0.787402 0.0787402 
vn -0.614173 0.787402 0.0787402 
vn -0.614173 0.787402 0.0787402 
vn 0 0 1 
vn 0 0 1 
vn 0 0 1 
vn 0 0 1 
vn 0 0 1 
vn 0 0 1 
vn -0.952756 0 0.299213 
vn -0.952756 0 0.299213 
vn -0.952756 0 0.299213 
vn -0.952756 0 0.299213 
vn -0.598425 0 -0.80315 
vn -0.598425 0 -0.80315 
vn -0.598425 0 -0.80315 
vn -0.598425 0 -0.80315 
vn 0.598425 0 -0.80315 
vn 0.598425 0 -0.80315 
vn 0.598425 0 -0.80315 
vn 0.598425 0 -0.80315 
vn 0 0.992126 0.141732 
vn 0 0.992126 0.141732 
vn 0 0.992126 0.141732 
vn -0.559055 -0.598425 0.574803 
vn -0.559055 -0.598425 0.574803 
vn -0.559055 -0.598425 0.574803 
vn 0 1 0 
vn 0 1 0 
vn 0 1 0 
vn 0 1 0 
vn 0 1 0 
vn 0 1 0 
vn 0 1 0 
vn 0 1 0 
vn -0.598425 0 -0.80315 
vn -0.598425 0 -0.80315 
vn -0.598425 0 -0.80315 
vn -0.598425 0 -0.80315 
vn 0.952756 0 0.299213 
vn 0.952756 0 0.299213 
vn 0.952756 0 0.299213 
vn 0.952756 0 0.299213 
vn -0.952756 0 0.299213 
vn -0.952756 0 0.299213 
vn -0.952756 0 0.299213 
vn -0.952756 0 0.299213 
vn 0 -1 0 
vn 0 -1 0 
vn 0 -1 0 
vn 0 -1 0 
vn 0 0.92126 0.385827 
vn 0 0.92126 0.385827 
vn 0 0.92126 0.385827 
vn 0 0.92126 0.385827 
vn 0 0.92126 0.385827 
vn 0 0.92126 0.385827 
vn 0 0.92126 0.385827 
vn 0 0.92126 0.385827 
vn 0 0.496063 0.866142 
vn 0 0.496063 0.866142 
vn 0 0.496063 0.866142 
vn 0 0.496063 0.866142 
vn 0.598425 0 -0.80315 
vn 0.598425 0 -0.80315 
vn 0.598425 0 -0.80315 
vn 0.598425 0 -0.80315 
vn -0.598425 0 -0.80315 
vn -0.598425 0 -0.80315 
vn -0.598425 0 -0.80315 
vn -0.598425 0 -0.80315 
vn 0.598425 0 -0.80315 
vn 0.598425 0 -0.80315 
vn 0.598425 0 -0.80315 
vn 0.598425 0 -0.80315 
vn 0.472441 0.795276 0.385827 
vn 0.472441 0.795276 0.385827 
vn 0.472441 0.795276 0.385827 
vn 0.952756 0 0.299213 
vn 0.952756 0 0.299213 
vn 0.952756 0 0.299213 
vn 0.952756 0 0.299213 
vn -0.952756 0 0.299213 
vn -0.952756 0 0.299213 
vn -0.952756 0 0.299213 
vn -0.952756 0 0.299213 
vn -0.598425 0 -0.80315 
vn -0.598425 0 -0.80315 
vn -0.598425 0 -0.80315 
vn -0.598425 0 -0.80315 
vn 0.606299 0.748031 -0.251969 
vn 0.606299 0.748031 -0.251969 
vn 0.606299 0.748031 -0.251969 
vn 0.606299 0.748031 -0.251969 
vn 0.606299 0.748031 -0.251969 
vn 0.606299 0.748031 -0.251969 
vn -0.598425 0 -0.80315 
vn -0.598425 0 -0.80315 
vn -0.598425 0 -0.80315 
vn -0.598425 0 -0.80315 
vn 0.598425 0 -0.80315 
vn 0.598425 0 -0.80315 
vn 0.598425 0 -0.80315 
vn 0.598425 0 -0.80315 
vn -0.952756 0 0.299213 
vn -0.952756 0 0.299213 
vn -0.952756 0 0.299213 
vn -0.952756 0 0.299213 
vn 0.952756 0 0.299213 
vn 0.952756 0 0.299213 
vn 0.952756 0 0.299213 
vn 0.952756 0 0.299213 
vn -0.598425 0 -0.80315 
vn -0.598425 0 -0.80315 
vn -0.598425 0 -0.80315 
vn -0.598425 0 -0.80315 
vn 0.598425 0 -0.80315 
vn 0.598425 0 -0.80315 
vn 0.598425 0 -0.80315 
vn 0.598425 0 -0.80315 
vn 0.251969 0.748031 0.606299 
vn 0.251969 0.748031 0.606299 
vn 0.251969 0.748031 0.606299 
vn 0.251969 0.748031 0.606299 
vn 0.251969 0.748031 0.606299 
vn 0.251969 0.748031 0.606299 
vn -0.598425 0 -0.80315 
vn -0.598425 0 -0.80315 
vn -0.598425 0 -0.80315 
vn -0.598425 0 -0.80315 
vn -0.472441 0.795276 0.385827 
vn -0.472441 0.795276 0.385827 
vn -0.472441 0.795276 0.385827 
vn 0.598425 0 -0.80315 
vn 0.598425 0 -0.80315 
vn 0.598425 0 -0.80315 
vn 0.598425 0 -0.80315 
vn -0.952756 0 0.299213 
vn -0.952756 0 0.299213 
vn -0.952756 0 0.299213 
vn -0.952756 0 0.299213 
vn -0.251969 0.748031 0.606299 
vn -0.251969 0.748031 0.606299 
vn -0.251969 0.748031 0.606299 
vn 0.952756 0 0.299213 
vn 0.952756 0 0.299213 
vn 0.952756 0 0.299213 
vn 0.952756 0 0.299213 
vn 0 -1 0 
vn 0 -1 0 
vn 0 -1 0 
vn 0 -1 0 
vn 0 -1 0 
vn 0 -1 0 
vn 0 -1 0 
vn 0 -1 0 
vn 0 -1 0 
vn 0 -1 0 
vn 0 -1 0 
vn 0 -1 0 
vn 0 -1 0 
vn 0 -1 0 
vn 0 -1 0 
vn 0 -1 0 
vn 0 -1 0 
vn 0 -1 0 
vn 0 -1 0 
vn 0 -1 0 
vn -0.598425 0 -0.80315 
vn -0.598425 0 -0.80315 
vn -0.598425 0 -0.80315 
vn -0.598425 0 -0.80315 
vn 0.598425 0 -0.80315 
vn 0.598425 0 -0.80315 
vn 0.598425 0 -0.80315 
vn 0.598425 0 -0.80315 
vn -0.251969 0.748031 0.606299 
vn -0.251969 0.748031 0.606299 
vn -0.251969 0.748031 0.606299 
vn -0.606299 0.748031 -0.251969 
vn -0.606299 0.748031 -0.251969 
vn -0.606299 0.748031 -0.251969 
vn 0.952756 0 0.299213 
vn 0.952756 0 0.299213 
vn 0.952756 0 0.299213 
vn 0.952756 0 0.299213 
vn -0.952756 0 0.299213 
vn -0.952756 0 0.299213 
vn -0.952756 0 0.299213 
vn -0.952756 0 0.299213 
vn -0.606299 0.748031 -0.251969 
vn -0.606299 0.748031 -0.251969 
vn -0.606299 0.748031 -0.251969 
vn 0.598425 0 -0.80315 
vn 0.598425 0 -0.80315 
vn 0.598425 0 -0.80315 
vn 0.598425 0 -0.80315 
vn -0.598425 0 -0.80315 
vn -0.598425 0 -0.80315 
vn -0.598425 0 -0.80315 
vn -0.598425 0 -0.80315 
vn 0.598425 0 -0.80315 
vn 0.598425 0 -0.80315 
vn 0.598425 0 -0.80315 
vn 0.598425 0 -0.80315 
vn 0 0 1 
vn 0 0 1 
vn 0 0 1 
vn 0 0 1 
vn -0.598425 0 -0.80315 
vn -0.598425 0 -0.80315 
vn -0.598425 0 -0.80315 
vn -0.598425 0 -0.80315 
vn 0 -0.850394 0.527559 
vn 0 -0.850394 0.527559 
vn 0 -0.850394 0.527559 
vn 0 -0.850394 0.527559 
vn 0 -0.850394 0.527559 
vn 0 -0.850394 0.527559 
vn 0 -0.850394 0.527559 
vn 0 -0.850394 0.527559 
vn 0 -0.850394 0.527559 
vn 0 -0.850394 0.527559 
vn 0 -0.850394 0.527559 
vn 0 -0.850394 0.527559 
vn 0 -0.850394 0.527559 
vn 0 -0.850394 0.527559 
vn 0 -0.850394 0.527559 
vn 0 -0.850394 0.527559 
vn 0 -0.409449 0.913386 
vn 0 -0.409449 0.913386 
vn 0 -0.409449 0.913386 
vn 0 -0.409449 0.913386 
vn 1 0 0 
vn 1 0 0 
vn 1 0 0 
vn 1 0 0 
vn 0.952756 0 0.299213 
vn 0.952756 0 0.299213 
vn 0.952756 0 0.299213 
vn 0.952756 0 0.299213 
vn -0.952756 0 0.299213 
vn -0.952756 0 0.299213 
vn -0.952756 0 0.299213 
vn -0.952756 0 0.299213 
vn 0.598425 0 -0.80315 
vn 0.598425 0 -0.80315 
vn 0.598425 0 -0.80315 
vn 0.598425 0 -0.80315 
vn 0.952756 0 0.299213 
vn 0.952756 0 0.299213 
vn 0.952756 0 0.299213 
vn 0.952756 0 0.299213 
vn -0.952756 0 0.299213 
vn -0.952756 0 0.299213 
vn -0.952756 0 0.299213 
vn -0.952756 0 0.299213 
vn -0.598425 0 -0.80315 
vn -0.598425 0 -0.80315 
vn -0.598425 0 -0.80315 
vn -0.598425 0 -0.80315 
vn 0.598425 0 -0.80315 
vn 0.598425 0 -0.80315 
vn 0.598425 0 -0.80315 
vn 0.598425 0 -0.80315 
vn -0.598425 0 -0.80315 
vn -0.598425 0 -0.80315 
vn -0.598425 0 -0.80315 
vn -0.598425 0 -0.80315 
vn -0.598425 0 -0.80315 
vn -0.598425 0 -0.80315 
vn -0.598425 0 -0.80315 
vn -0.598425 0 -0.80315 
vn 0.598425 0 -0.80315 
vn 0.598425 0 -0.80315 
vn 0.598425 0 -0.80315 
vn 0.598425 0 -0.80315 
vn -0.598425 0 -0.80315 
vn -0.598425 0 -0.80315 
vn -0.598425 0 -0.80315 
vn -0.598425 0 -0.80315 
vn 0 -1 0.0551181 
vn 0 -1 0.0551181 
vn 0 -1 0.0551181 
vn 0 -1 0.0551181 
vn 0.598425 0 -0.80315 
vn 0.598425 0 -0.80315 
vn 0.598425 0 -0.80315 
vn 0.598425 0 -0.80315 
vn 0 -1 0.0629921 
vn 0 -1 0.0629921 
vn 0 -1 0.0629921 
vn 0 -1 0.0629921 
vn 0 -1 0.0629921 
vn 0 -1 0.0629921 
vn 0 -1 0.0629921 
vn 0 -1 0.0629921 
vn 0 -1 0.0629921 
vn 0 -1 0.0629921 
vn 0.952756 0 0.299213 
vn 0.952756 0 0.299213 
vn 0.952756 0 0.299213 
vn 0.952756 0 0.299213 
vn -0.952756 0 0.299213 
vn -0.952756 0 0.299213 
vn -0.952756 0 0.299213 
vn -0.952756 0 0.299213 
vn 0 0.527559 0.850394 
vn 0 0.527559 0.850394 
vn 0 0.527559 0.850394 
vn 0 0.527559 0.850394 
vn 0 0.527559 0.850394 
vn 0 0.527559 0.850394 
vn 0 0.527559 0.850394 
vn 0 0.527559 0.850394 
vn 0 0.527559 0.850394 
vn 0 0.527559 0.850394 
vn 0 0.527559 0.850394 
vn 0 0.527559 0.850394 
vn 0 0.527559 0.850394 
vn 0 0.527559 0.850394 
vn 0 0.527559 0.850394 
vn 0 0.527559 0.850394 
vn 0 -0.984252 0.173228 
vn 0 -0.984252 0.173228 
vn 0 -0.984252 0.173228 
vn 0 -0.984252 0.173228 
vn 0.952756 0 0.299213 
vn 0.952756 0 0.299213 
vn 0.952756 0 0.299213 
vn 0.952756 0 0.299213 
vn 0.606299 0.748031 0.251969 
vn 0.606299 0.748031 0.251969 
vn 0.606299 0.748031 0.251969 
vn 0.606299 0.748031 0.251969 
vn 0.606299 0.748031 0.251969 
vn 0.606299 0.748031 0.251969 
vn -0.952756 0 0.299213 
vn -0.952756 0 0.299213 
vn -0.952756 0 0.299213 
vn -0.952756 0 0.299213 
vn 0.598425 0 -0.80315 
vn 0.598425 0 -0.80315 
vn 0.598425 0 -0.80315 
vn 0.598425 0 -0.80315 
vn -0.598425 0 -0.80315 
vn -0.598425 0 -0.80315 
vn -0.598425 0 -0.80315 
vn -0.598425 0 -0.80315 
vn -0.598425 0 -0.80315 
vn -0.598425 0 -0.80315 
vn -0.598425 0 -0.80315 
vn -0.598425 0 -0.80315 
vn 0.598425 0 -0.80315 
vn 0.598425 0 -0.80315 
vn 0.598425 0 -0.80315 
vn 0.598425 0 -0.80315 
vn 0 -0.385827 0.92126 
vn 0 -0.385827 0.92126 
vn 0 -0.385827 0.92126 
vn 0 -0.385827 0.92126 
vn 0 -0.385827 0.92126 
vn 0 -0.385827 0.92126 
vn 0 -0.385827 0.92126 
vn 0 -0.385827 0.92126 
vn 0 0.708661 0.708661 
vn 0 0.708661 0.708661 
vn 0 0.708661 0.708661 
vn 0 0.708661 0.708661 
vn 0.598425 0 -0.80315 
vn 0.598425 0 -0.80315 
vn 0.598425 0 -0.80315 
vn 0.598425 0 -0.80315 
vn 0.952756 0 0.299213 
vn 0.952756 0 0.299213 
vn 0.952756 0 0.299213 
vn 0.952756 0 0.299213 
vn -1 0 0 
vn -1 0 0 
vn -1 0 0 
vn -1 0 0 
vn -0.952756 0 0.299213 
vn -0.952756 0 0.299213 
vn -0.952756 0 0.299213 
vn -0.952756 0 0.299213 
vn -0.598425 0 -0.80315 
vn -0.598425 0 -0.80315 
vn -0.598425 0 -0.80315 
vn -0.598425 0 -0.80315 
vn 0.598425 0 -0.80315 
vn 0.598425 0 -0.80315 
vn 0.598425 0 -0.80315 
vn 0.598425 0 -0.80315 
vn -0.598425 0 -0.80315 
vn -0.598425 0 -0.80315 
vn -0.598425 0 -0.80315 
vn -0.598425 0 -0.80315 
vn -0.952756 0 0.299213 
vn -0.952756 0 0.299213 
vn -0.952756 0 0.299213 
vn -0.952756 0 0.299213 
vn 0.952756 0 0.299213 
vn 0.952756 0 0.299213 
vn 0.952756 0 0.299213 
vn 0.952756 0 0.299213 
vn 0.913386 0.125984 -0.377953 
vn 0.913386 0.125984 -0.377953 
vn 0.913386 0.125984 -0.377953 
vn 0.913386 0.125984 -0.377953 
vn -0.606299 0.748031 0.251969 
vn -0.606299 0.748031 0.251969 
vn -0.606299 0.748031 0.251969 
vn -0.606299 0.748031 0.251969 
vn -0.606299 0.748031 0.251969 
vn -0.606299 0.748031 0.251969 
vn 0.598425 0 -0.80315 
vn 0.598425 0 -0.80315 
vn 0.598425 0 -0.80315 
vn 0.598425 0 -0.80315 
vn 0 0.385827 0.92126 
vn 0 0.385827 0.92126 
vn 0 0.385827 0.92126 
vn 0 0.385827 0.92126 
vn 0 0.385827 0.92126 
vn 0 0.385827 0.92126 
vn 0 0.385827 0.92126 
vn 0 0.385827 0.92126 
vn -0.598425 0 -0.80315 
vn -0.598425 0 -0.80315 
vn -0.598425 0 -0.80315 
vn -0.598425 0 -0.80315 
vn 0.598425 0 -0.80315 
vn 0.598425 0 -0.80315 
vn 0.598425 0 -0.80315 
vn 0.598425 0 -0.80315 
vn -0.598425 0 -0.80315 
vn -0.598425 0 -0.80315 
vn -0.598425 0 -0.80315 
vn -0.598425 0 -0.80315 
vn 0.952756 0 0.299213 
vn 0.952756 0 0.299213 
vn 0.952756 0 0.299213 
vn 0.952756 0 0.299213 
vn -0.952756 0 0.299213 
vn -0.952756 0 0.299213 
vn -0.952756 0 0.299213 
vn -0.952756 0 0.299213 
vn 0.598425 0 -0.80315 
vn 0.598425 0 -0.80315 
vn 0.598425 0 -0.80315 
vn 0.598425 0 -0.80315 
vn 0.952756 0 0.299213 
vn 0.952756 0 0.299213 
vn 0.952756 0 0.299213 
vn 0.952756 0 0.299213 
vn -0.598425 0 -0.80315 
vn -0.598425 0 -0.80315 
vn -0.598425 0 -0.80315 
vn -0.598425 0 -0.80315 
vn 0.141732 0 -0.992126 
vn 0.141732 0 -0.992126 
vn 0.141732 0 -0.992126 
vn 0.141732 0 -0.992126 
vn -0.952756 0 0.299213 
vn -0.952756 0 0.299213 
vn -0.952756 0 0.299213 
vn -0.952756 0 0.299213 
vn -0.598425 0 -0.80315 
vn -0.598425 0 -0.80315 
vn -0.598425 0 -0.80315 
vn -0.598425 0 -0.80315 
vn 0.377953 0.125984 0.913386 
vn 0.377953 0.125984 0.913386 
vn 0.377953 0.125984 0.913386 
vn 0.377953 0.125984 0.913386 
vn 0.598425 0 -0.80315 
vn 0.598425 0 -0.80315 
vn 0.598425 0 -0.80315 
vn 0.598425 0 -0.80315 
vn 0 0.88189 -0.472441 
vn 0 0.88189 -0.472441 
vn 0 0.88189 -0.472441 
vn 0 0.88189 -0.472441 
vn -0.141732 0 -0.992126 
vn -0.141732 0 -0.992126 
vn -0.141732 0 -0.992126 
vn -0.141732 0 -0.992126 
vn 0.952756 0 0.299213 
vn 0.952756 0 0.299213 
vn 0.952756 0 0.299213 
vn 0.952756 0 0.299213 
vn 0.598425 0 -0.80315 
vn 0.598425 0 -0.80315 
vn 0.598425 0 -0.80315 
vn 0.598425 0 -0.80315 
vn -0.952756 0 0.299213 
vn -0.952756 0 0.299213 
vn -0.952756 0 0.299213 
vn -0.952756 0 0.299213 
vn 0 0.0629921 -1 
vn 0 0.0629921 -1 
vn 0 0.0629921 -1 
vn -0.598425 0 -0.80315 
vn -0.598425 0 -0.80315 
vn -0.598425 0 -0.80315 
vn -0.598425 0 -0.80315 
vn -0.598425 0 -0.80315 
vn -0.598425 0 -0.80315 
vn -0.598425 0 -0.80315 
vn -0.598425 0 -0.80315 
vn 0.598425 0 -0.80315 
vn 0.598425 0 -0.80315 
vn 0.598425 0 -0.80315 
vn 0.598425 0 -0.80315 
vn 0.952756 0 0.299213 
vn 0.952756 0 0.299213 
vn 0.952756 0 0.299213 
vn 0.952756 0 0.299213 
vn -0.377953 0.125984 0.913386 
vn -0.377953 0.125984 0.913386 
vn -0.377953 0.125984 0.913386 
vn -0.377953 0.125984 0.913386 
vn 0 0 1 
vn 0 0 1 
vn 0 0 1 
vn 0 0 1 
vn -0.952756 0 0.299213 
vn -0.952756 0 0.299213 
vn -0.952756 0 0.299213 
vn -0.952756 0 0.299213 
vn -0.913386 0.125984 -0.377953 
vn -0.913386 0.125984 -0.377953 
vn -0.913386 0.125984 -0.377953 
vn -0.913386 0.125984 -0.377953 
vn -0.598425 0 -0.80315 
vn -0.598425 0 -0.80315 
vn -0.598425 0 -0.80315 
vn -0.598425 0 -0.80315 
vn 0.598425 0 -0.80315 
vn 0.598425 0 -0.80315 
vn 0.598425 0 -0.80315 
vn 0.598425 0 -0.80315 
vn -0.598425 0 -0.80315 
vn -0.598425 0 -0.80315 
vn -0.598425 0 -0.80315 
vn -0.598425 0 -0.80315 
vn 0.700787 0.708661 0 
vn 0.700787 0.708661 0 
vn 0.700787 0.708661 0 
vn 0.700787 0.708661 0 
vn 0.700787 0.708661 0 
vn 0.700787 0.708661 0 
vn 0.952756 0 0.299213 
vn 0.952756 0 0.299213 
vn 0.952756 0 0.299213 
vn 0.952756 0 0.299213 
vn 0.700787 0.708661 0 
vn 0.700787 0.708661 0 
vn 0.700787 0.708661 0 
vn 0.708661 0.708661 0 
vn 0.708661 0.708661 0 
vn 0.708661 0.708661 0 
vn -0.952756 0 0.299213 
vn -0.952756 0 0.299213 
vn -0.952756 0 0.299213 
vn -0.952756 0 0.299213 
vn 0.952756 0 0.299213 
vn 0.952756 0 0.299213 
vn 0.952756 0 0.299213 
vn 0.952756 0 0.299213 
vn -0.598425 0 -0.80315 
vn -0.598425 0 -0.80315 
vn -0.598425 0 -0.80315 
vn -0.598425 0 -0.80315 
vn 0 0 -1 
vn 0 0 -1 
vn 0 0 -1 
vn 0 0 -1 
vn -0.952756 0 0.299213 
vn -0.952756 0 0.299213 
vn -0.952756 0 0.299213 
vn -0.952756 0 0.299213 
vn 0.708661 0.669291 0.220472 
vn 0.708661 0.669291 0.220472 
vn 0.708661 0.669291 0.220472 
vn 0.708661 0.669291 0.220472 
vn 0.598425 0 -0.80315 
vn 0.598425 0 -0.80315 
vn 0.598425 0 -0.80315 
vn 0.598425 0 -0.80315 
vn -0.598425 0 -0.80315 
vn -0.598425 0 -0.80315 
vn -0.598425 0 -0.80315 
vn -0.598425 0 -0.80315 
vn 0 0 1 
vn 0 0 1 
vn 0 0 1 
vn 0 0 1 
vn 0 0 1 
vn 0 0 1 
vn 0 0 1 
vn 0 0 1 
vn -0.598425 0 -0.80315 
vn -0.598425 0 -0.80315 
vn -0.598425 0 -0.80315 
vn -0.598425 0 -0.80315 
vn 0.598425 0 -0.80315 
vn 0.598425 0 -0.80315 
vn 0.598425 0 -0.80315 
vn 0.598425 0 -0.80315 
vn 0.952756 0 0.299213 
vn 0.952756 0 0.299213 
vn 0.952756 0 0.299213 
vn 0.952756 0 0.299213 
vn -0.952756 0 0.299213 
vn -0.952756 0 0.299213 
vn -0.952756 0 0.299213 
vn -0.952756 0 0.299213 
vn 0.952756 0 0.299213 
vn 0.952756 0 0.299213 
vn 0.952756 0 0.299213 
vn 0.952756 0 0.299213 
vn -0.952756 0 0.299213 
vn -0.952756 0 0.299213 
vn -0.952756 0 0.299213 
vn -0.952756 0 0.299213 
vn 0 0 1 
vn 0 0 1 
vn 0 0 1 
vn 0 0 1 
vn 0 0 1 
vn 0 0 1 
vn 0 0 1 
vn 0 0 1 
vn 0 -0.409449 0.913386 
vn 0 -0.409449 0.913386 
vn 0 -0.409449 0.913386 
vn 0 -0.409449 0.913386 
vn 0.598425 0 -0.80315 
vn 0.598425 0 -0.80315 
vn 0.598425 0 -0.80315 
vn 0.598425 0 -0.80315 
vn -0.598425 0 -0.80315 
vn -0.598425 0 -0.80315 
vn -0.598425 0 -0.80315 
vn -0.598425 0 -0.80315 
vn -0.700787 0.708661 0 
vn -0.700787 0.708661 0 
vn -0.700787 0.708661 0 
vn -0.700787 0.708661 0 
vn -0.700787 0.708661 0 
vn -0.700787 0.708661 0 
vn -0.708661 0.708661 0 
vn -0.708661 0.708661 0 
vn -0.708661 0.708661 0 
vn -0.708661 0.708661 0 
vn -0.708661 0.708661 0 
vn -0.708661 0.708661 0 
vn 0 0 1 
vn 0 0 1 
vn 0 0 1 
vn 0 0 1 
vn 0 -0.291339 0.952756 
vn 0 -0.291339 0.952756 
vn 0 -0.291339 0.952756 
vn 0 -0.291339 0.952756 
vn 0.952756 0 0.299213 
vn 0.952756 0 0.299213 
vn 0.952756 0 0.299213 
vn 0.952756 0 0.299213 
vn 0.503937 0.708661 0.496063 
vn 0.503937 0.708661 0.496063 
vn 0.503937 0.708661 0.496063 
vn -0.952756 0 0.299213 
vn -0.952756 0 0.299213 
vn -0.952756 0 0.299213 
vn -0.952756 0 0.299213 
vn 0.598425 0 -0.80315 
vn 0.598425 0 -0.80315 
vn 0.598425 0 -0.80315 
vn 0.598425 0 -0.80315 
vn 0.496063 0.708661 0.496063 
vn 0.496063 0.708661 0.496063 
vn 0.496063 0.708661 0.496063 
vn -0.708661 0.669291 0.220472 
vn -0.708661 0.669291 0.220472 
vn -0.708661 0.669291 0.220472 
vn -0.708661 0.669291 0.220472 
vn -0.598425 0 -0.80315 
vn -0.598425 0 -0.80315 
vn -0.598425 0 -0.80315 
vn -0.598425 0 -0.80315 
vn -0.952756 0 0.299213 
vn -0.952756 0 0.299213 
vn -0.952756 0 0.299213 
vn -0.952756 0 0.299213 
vn 0.913386 0.125984 0.377953 
vn 0.913386 0.125984 0.377953 
vn 0.913386 0.125984 0.377953 
vn 0.913386 0.125984 0.377953 
vn 0.598425 0 -0.80315 
vn 0.598425 0 -0.80315 
vn 0.598425 0 -0.80315 
vn 0.598425 0 -0.80315 
vn -0.952756 0 0.299213 
vn -0.952756 0 0.299213 
vn -0.952756 0 0.299213 
vn -0.952756 0 0.299213 
vn -0.598425 0 -0.80315 
vn -0.598425 0 -0.80315 
vn -0.598425 0 -0.80315 
vn -0.598425 0 -0.80315 
vn -0.496063 0.708661 0.496063 
vn -0.496063 0.708661 0.496063 
vn -0.496063 0.708661 0.496063 
vn -0.496063 0.708661 0.496063 
vn 0.952756 0 0.299213 
vn 0.952756 0 0.299213 
vn 0.952756 0 0.299213 
vn 0.952756 0 0.299213 
vn 0.527559 0.811024 -0.251969 
vn 0.527559 0.811024 -0.251969 
vn 0.527559 0.811024 -0.251969 
vn -0.952756 0 0.299213 
vn -0.952756 0 0.299213 
vn -0.952756 0 0.299213 
vn -0.952756 0 0.299213 
vn -0.598425 0 -0.80315 
vn -0.598425 0 -0.80315 
vn -0.598425 0 -0.80315 
vn -0.598425 0 -0.80315 
vn 0.598425 0 -0.80315 
vn 0.598425 0 -0.80315 
vn 0.598425 0 -0.80315 
vn 0.598425 0 -0.80315 
vn 0 0.267717 -0.96063 
vn 0 0.267717 -0.96063 
vn 0 0.267717 -0.96063 
vn 0 0.267717 -0.96063 
vn 0.519685 0.818898 -0.251969 
vn 0.519685 0.818898 -0.251969 
vn 0.519685 0.818898 -0.251969 
vn 0.952756 0 0.299213 
vn 0.952756 0 0.299213 
vn 0.952756 0 0.299213 
vn 0.952756 0 0.299213 
vn -0.952756 0 0.299213 
vn -0.952756 0 0.299213 
vn -0.952756 0 0.299213 
vn -0.952756 0 0.299213 
vn 0.598425 0 -0.80315 
vn 0.598425 0 -0.80315 
vn 0.598425 0 -0.80315 
vn 0.598425 0 -0.80315 
vn -0.598425 0 -0.80315 
vn -0.598425 0 -0.80315 
vn -0.598425 0 -0.80315 
vn -0.598425 0 -0.80315 
vn -0.913386 0.125984 0.377953 
vn -0.913386 0.125984 0.377953 
vn -0.913386 0.125984 0.377953 
vn -0.913386 0.125984 0.377953 
vn 1 0 0 
vn 1 0 0 
vn 1 0 0 
vn 1 0 0 
vn 1 0 0 
vn 1 0 0 
vn 1 0 0 
vn 1 0 0 
vn 1 0 0 
vn 1 0 0 
vn 1 0 0 
vn 1 0 0 
vn 1 0 0 
vn 1 0 0 
vn -0.598425 0 -0.80315 
vn -0.598425 0 -0.80315 
vn -0.598425 0 -0.80315 
vn -0.598425 0 -0.80315 
vn -0.527559 0.811024 -0.251969 
vn -0.527559 0.811024 -0.251969 
vn -0.527559 0.811024 -0.251969 
vn 1 0 0 
vn 1 0 0 
vn 1 0 0 
vn 1 0 0 
vn -0.519685 0.818898 -0.251969 
vn -0.519685 0.818898 -0.251969 
vn -0.519685 0.818898 -0.251969 
vn -0.952756 0 0.299213 
vn -0.952756 0 0.299213 
vn -0.952756 0 0.299213 
vn -0.952756 0 0.299213 
vn -0.598425 0 -0.80315 
vn -0.598425 0 -0.80315 
vn -0.598425 0 -0.80315 
vn -0.598425 0 -0.80315 
vn 1 0 0 
vn 1 0 0 
vn 1 0 0 
vn 1 0 0 
vn 1 0 0 
vn 1 0 0 
vn 1 0 0 
vn 1 0 0 
vn -0.952756 0 0.299213 
vn -0.952756 0 0.299213 
vn -0.952756 0 0.299213 
vn -0.952756 0 0.299213 
vn 1 0 0 
vn 1 0 0 
vn 1 0 0 
vn 1 0 0 
vn 1 0 0 
vn 1 0 0 
vn 1 0 0 
vn 1 0 0 
vn 1 0 0 
vn 1 0 0 
vn 1 0 0 
vn 1 0 0 
vn 1 0 0 
vn 1 0 0 
vn 1 0 0 
vn 1 0 0 
vn 1 0 0 
vn 1 0 0 
vn 1 0 0 
vn 1 0 0 
vn 1 0 0 
vn 1 0 0 
vn 1 0 0 
vn 1 0 0 
vn -1 0 0 
vn -1 0 0 
vn -1 0 0 
vn -1 0 0 
vn -1 0 0 
vn -1 0 0 
vn -1 0 0 
vn -1 0 0 
vn -1 0 0 
vn -1 0 0 
vn -1 0 0 
vn -1 0 0 
vn -1 0 0 
vn -1 0 0 
vn -1 0 0 
vn -1 0 0 
vn -1 0 0 
vn -1 0 0 
vn -1 0 0 
vn -1 0 0 
vn -1 0 0 
vn -1 0 0 
vn 0.708661 0 0.708661 
vn 0.708661 0 0.708661 
vn 0.708661 0 0.708661 
vn 0.708661 0 0.708661 
vn 0.716535 0.181102 -0.669291 
vn 0.716535 0.181102 -0.669291 
vn 0.716535 0.181102 -0.669291 
vn 0.724409 0.173228 -0.669291 
vn 0.724409 0.173228 -0.669291 
vn 0.724409 0.173228 -0.669291 
vn -0.708661 0 0.708661 
vn -0.708661 0 0.708661 
vn -0.708661 0 0.708661 
vn -0.708661 0 0.708661 
vn -0.716535 0.181102 -0.669291 
vn -0.716535 0.181102 -0.669291 
vn -0.716535 0.181102 -0.669291 
vn -0.724409 0.173228 -0.669291 
vn -0.724409 0.173228 -0.669291 
vn -0.724409 0.173228 -0.669291 

vt -0.779803 -0.860639 
vt -0.761184 -0.880299 
vt -0.761184 -0.854478 
vt -0.779803 -0.880299 
vt -1.21828 1.50978 
vt -1.22733 1.49957 
vt -1.22392 1.49616 
vt -1.22311 1.50978 
vt -1.21828 1.50978 
vt -1.22733 1.51998 
vt -1.22311 1.50978 
vt -1.22392 1.52339 
vt -1.09063 -0.882561 
vt -1.07449 -0.817369 
vt -1.09063 -0.817369 
vt -1.07449 -0.882561 
vt -1.07869 -0.860639 
vt -1.09731 -0.880299 
vt -1.07869 -0.880299 
vt -1.09731 -0.854478 
vt -0.497225 3.33741 
vt -0.487582 3.36985 
vt -0.497225 3.36985 
vt -0.487582 3.33741 
vt -1.31564 1.49957 
vt -1.32469 1.50978 
vt -1.31905 1.49616 
vt -1.31986 1.50978 
vt -1.32469 1.50978 
vt -1.31564 1.51998 
vt -1.31905 1.52339 
vt -1.31986 1.50978 
vt -1.23754 1.52421 
vt -1.25198 1.50978 
vt -1.23754 1.49534 
vt -1.24775 1.51998 
vt -1.24775 1.49957 
vt -1.22733 1.51998 
vt -1.22311 1.50978 
vt -1.22733 1.49957 
vt -0.912042 -0.880299 
vt -1.03248 -0.854478 
vt -1.03248 -0.880299 
vt -0.912042 -0.814605 
vt -0.892176 -0.880299 
vt -0.892176 -0.8146 
vt -1.0511 -0.882561 
vt -1.03496 -0.817369 
vt -1.0511 -0.817369 
vt -1.03496 -0.882561 
vt -1.09505 -0.949341 
vt -1.09731 -0.950275 
vt -1.07869 -0.968894 
vt -1.09505 -0.949341 
vt -1.07869 -0.968894 
vt -1.07775 -0.966637 
vt -0.190705 3.33741 
vt -0.181062 3.36985 
vt -0.190705 3.36985 
vt -0.181062 3.33741 
vt -0.847654 -0.817369 
vt -0.899034 -0.882561 
vt -0.847654 -0.882561 
vt -0.899034 -0.817369 
vt -0.823534 -0.817369 
vt -0.823534 -0.882561 
vt 0.781247 1.30407 
vt 0.766094 1.30034 
vt 0.781247 1.30034 
vt 0.766094 1.30407 
vt -0.780738 -0.966637 
vt -0.779803 -0.968894 
vt -0.761184 -0.950275 
vt -1.23754 1.49052 
vt -1.22733 1.49957 
vt -1.23754 1.49534 
vt -1.22392 1.49616 
vt -0.780738 -0.966637 
vt -0.761184 -0.950275 
vt -0.763441 -0.949341 
vt -0.236685 3.36985 
vt -0.290841 3.33741 
vt -0.236685 3.33741 
vt -0.290841 3.36985 
vt 0.772547 1.30034 
vt 0.778783 1.27146 
vt 0.778783 1.30034 
vt 0.772547 1.27146 
vt -1.26509 1.54381 
vt -1.27636 1.5374 
vt -1.26445 1.5374 
vt -1.27636 1.54381 
vt 0.753754 1.2949 
vt 0.738601 1.29117 
vt 0.753754 1.29117 
vt 0.738601 1.2949 
vt -1.24153 1.54671 
vt -1.24531 1.54293 
vt -1.24153 1.54293 
vt -1.24531 1.54671 
vt -1.29099 1.50978 
vt -1.30543 1.52421 
vt -1.31986 1.50978 
vt -1.31564 1.51998 
vt -1.29522 1.51998 
vt -1.30543 1.49534 
vt -1.29522 1.49957 
vt -1.31564 1.49957 
vt -0.892176 -0.882556 
vt -0.912042 -0.880299 
vt -0.912042 -0.882556 
vt -0.892176 -0.880299 
vt -1.03155 -0.882556 
vt -1.03248 -0.880299 
vt -0.826008 -0.854478 
vt -0.946451 -0.880299 
vt -0.826008 -0.880299 
vt -0.946451 -0.814605 
vt -0.966317 -0.880299 
vt -0.966317 -0.8146 
vt 1.5308 1.88714 
vt 1.53778 1.91079 
vt 1.52529 1.89055 
vt 1.54329 1.90739 
vt -1.30543 1.49052 
vt -1.31564 1.49957 
vt -1.31905 1.49616 
vt -1.30543 1.49534 
vt 0.745054 1.29117 
vt 0.751289 1.2623 
vt 0.751289 1.29117 
vt 0.745054 1.2623 
vt -1.23754 1.52904 
vt -1.22733 1.51998 
vt -1.22392 1.52339 
vt -1.23754 1.52421 
vt 0.836234 1.3224 
vt 0.821081 1.31867 
vt 0.836234 1.31867 
vt 0.821081 1.3224 
vt 0.79058 1.30407 
vt 0.775427 1.30034 
vt 0.79058 1.30034 
vt 0.775427 1.30407 
vt 0.727779 1.28432 
vt 0.716762 1.26093 
vt 0.727779 1.26093 
vt 0.716762 1.28432 
vt -1.01084 -0.817369 
vt -1.03496 -0.882561 
vt -1.01084 -0.882561 
vt -1.03496 -0.817369 
vt -0.959459 -0.817369 
vt -0.959459 -0.882561 
vt -0.387446 3.36985 
vt -0.441602 3.33741 
vt -0.387446 3.33741 
vt -0.441602 3.36985 
vt 0.827534 1.31867 
vt 0.833769 1.28979 
vt 0.833769 1.31867 
vt 0.827534 1.28979 
vt 0.777891 1.30034 
vt 0.784127 1.27146 
vt 0.784127 1.30034 
vt 0.777891 1.27146 
vt -0.946451 -0.882556 
vt -0.966317 -0.880299 
vt -0.966317 -0.882556 
vt -0.946451 -0.880299 
vt -0.826943 -0.882556 
vt -0.826008 -0.880299 
vt 1.54182 1.93108 
vt 1.53327 1.92253 
vt 1.54182 1.92253 
vt 1.53327 1.93108 
vt -1.27852 1.5374 
vt -1.26661 1.54381 
vt -1.27788 1.54381 
vt -1.26661 1.5374 
vt -0.77061 -0.742463 
vt -0.784006 -0.72518 
vt -0.785144 -0.727928 
vt -0.77061 -0.742463 
vt -0.767862 -0.741324 
vt -0.784006 -0.72518 
vt 0.808741 1.31323 
vt 0.793587 1.3095 
vt 0.808741 1.3095 
vt 0.793587 1.31323 
vt 1.53455 1.92253 
vt 1.53758 1.9129 
vt 1.54054 1.92253 
vt 1.5316 1.9129 
vt 1.53758 1.90998 
vt 1.5316 1.90998 
vt -1.31026 1.56846 
vt -1.24133 1.57521 
vt -1.24183 1.58293 
vt -1.31026 1.563 
vt -1.23632 1.57554 
vt -1.23695 1.58532 
vt -1.2313 1.57586 
vt -1.23199 1.58639 
vt -1.22693 1.58597 
vt -1.22629 1.57619 
vt -1.22178 1.58424 
vt -1.22128 1.57651 
vt -1.21862 1.58187 
vt -1.21828 1.57669 
vt 0.818073 1.2949 
vt 0.80292 1.29117 
vt 0.818073 1.29117 
vt 0.80292 1.2949 
vt -1.29766 1.54671 
vt -1.30144 1.54293 
vt -1.29766 1.54293 
vt -1.30144 1.54671 
vt -1.31564 1.51998 
vt -1.30543 1.52904 
vt -1.31905 1.52339 
vt -1.30543 1.52421 
vt -0.89521 -0.811513 
vt -0.912042 -0.814605 
vt -0.892176 -0.8146 
vt -0.912042 -0.811513 
vt 1.5603 1.88714 
vt 1.55332 1.91079 
vt 1.5478 1.90739 
vt 1.56581 1.89055 
vt 0.80004 1.3095 
vt 0.806276 1.28063 
vt 0.806276 1.3095 
vt 0.80004 1.28063 
vt 0.805385 1.29117 
vt 0.81162 1.2623 
vt 0.81162 1.29117 
vt 0.805385 1.2623 
vt -0.781106 -0.856593 
vt -0.761184 -0.854478 
vt -0.764218 -0.851003 
vt -0.779803 -0.860639 
vt 0.781247 1.30407 
vt 0.766094 1.30034 
vt 0.781247 1.30034 
vt 0.766094 1.30407 
vt -1.08788 -0.742463 
vt -1.07449 -0.72518 
vt -1.09063 -0.741324 
vt 0.735593 1.3224 
vt 0.72044 1.31867 
vt 0.735593 1.31867 
vt 0.72044 1.3224 
vt 0.839912 1.28432 
vt 0.828895 1.26093 
vt 0.839912 1.26093 
vt 0.828895 1.28432 
vt -1.08788 -0.742463 
vt -1.07335 -0.727928 
vt -1.07449 -0.72518 
vt -0.912042 -0.814605 
vt -1.03134 -0.851003 
vt -1.03248 -0.854478 
vt -0.912042 -0.811513 
vt -0.767862 -0.765444 
vt -0.77061 -0.816825 
vt -0.767862 -0.816825 
vt -0.77061 -0.765444 
vt -0.77061 -0.742463 
vt -0.767862 -0.741324 
vt 1.5316 1.90826 
vt 1.53127 1.89413 
vt 1.53758 1.90826 
vt 1.52529 1.89413 
vt 0.772547 1.30034 
vt 0.778783 1.27146 
vt 0.778783 1.30034 
vt 0.772547 1.27146 
vt 0.881621 1.26093 
vt 0.921758 1.28432 
vt 0.881621 1.28432 
vt 0.921758 1.26093 
vt -1.07739 -0.856593 
vt -1.09731 -0.854478 
vt -1.07869 -0.860639 
vt -1.09428 -0.851003 
vt 0.722905 1.31867 
vt 0.72914 1.28979 
vt 0.72914 1.31867 
vt 0.722905 1.28979 
vt -0.779803 -0.860639 
vt -1.07869 -0.880299 
vt -0.779803 -0.880299 
vt -1.07869 -0.860639 
vt 0.753754 1.2949 
vt 0.738601 1.29117 
vt 0.753754 1.29117 
vt 0.738601 1.2949 
vt 0.763087 1.31323 
vt 0.747933 1.3095 
vt 0.763087 1.3095 
vt 0.747933 1.31323 
vt 0.675053 1.28432 
vt 0.634916 1.26093 
vt 0.675053 1.26093 
vt 0.634916 1.28432 
vt -0.963283 -0.811513 
vt -0.946451 -0.814605 
vt -0.946451 -0.811513 
vt -0.966317 -0.8146 
vt -0.780738 -0.882556 
vt -1.07869 -0.880299 
vt -1.07775 -0.882556 
vt -0.779803 -0.880299 
vt -1.13376 1.54485 
vt -1.13604 1.54257 
vt -1.13231 1.53357 
vt -1.13376 1.54485 
vt -1.13231 1.53357 
vt -1.12909 1.53357 
vt 0.745054 1.29117 
vt 0.751289 1.2623 
vt 0.751289 1.29117 
vt 0.745054 1.2623 
vt 0.750398 1.3095 
vt 0.756634 1.28063 
vt 0.756634 1.3095 
vt 0.750398 1.28063 
vt -1.27636 1.54381 
vt -1.28827 1.5374 
vt -1.27636 1.5374 
vt -1.28764 1.54381 
vt -0.827157 -0.851003 
vt -0.946451 -0.814605 
vt -0.826008 -0.854478 
vt -0.946451 -0.811513 
vt 0.836234 1.3224 
vt 0.821081 1.31867 
vt 0.836234 1.31867 
vt 0.821081 1.3224 
vt 0.79058 1.30407 
vt 0.775427 1.30034 
vt 0.79058 1.30034 
vt 0.775427 1.30407 
vt -1.39793 1.5374 
vt -1.40921 1.54381 
vt -1.40984 1.5374 
vt -1.39793 1.54381 
vt -1.25116 1.49616 
vt -1.23754 1.49534 
vt -1.24775 1.49957 
vt -1.23754 1.49052 
vt -1.01084 -0.814621 
vt -0.959459 -0.817369 
vt -0.959459 -0.814621 
vt -1.01084 -0.817369 
vt -1.03382 -0.814621 
vt -1.03496 -0.817369 
vt 0.881621 1.28432 
vt 0.675053 1.26093 
vt 0.881621 1.26093 
vt 0.675053 1.28432 
vt -0.784006 -0.817369 
vt -1.07449 -0.882561 
vt -0.784006 -0.882561 
vt -1.07449 -0.817369 
vt 0.827534 1.31867 
vt 0.833769 1.28979 
vt 0.833769 1.31867 
vt 0.827534 1.28979 
vt 0.777891 1.30034 
vt 0.784127 1.27146 
vt 0.784127 1.30034 
vt 0.777891 1.27146 
vt -1.41066 1.53357 
vt -1.40693 1.54257 
vt -1.40921 1.54485 
vt 1.69303 1.92253 
vt 1.69637 1.9129 
vt 1.69637 1.92253 
vt 1.69303 1.9129 
vt -1.41066 1.53357 
vt -1.40921 1.54485 
vt -1.41388 1.53357 
vt -1.14504 1.5374 
vt -1.13376 1.54381 
vt -1.14504 1.54381 
vt -1.13313 1.5374 
vt 0.808741 1.31323 
vt 0.793587 1.3095 
vt 0.808741 1.3095 
vt 0.793587 1.31323 
vt 0.818073 1.2949 
vt 0.80292 1.29117 
vt 0.818073 1.29117 
vt 0.80292 1.2949 
vt -0.190705 3.36985 
vt -0.487582 3.33741 
vt -0.190705 3.33741 
vt -0.487582 3.36985 
vt 1.67948 1.90826 
vt 1.68232 1.89413 
vt 1.68232 1.90826 
vt 1.67948 1.89413 
vt 1.69303 1.9129 
vt 1.69637 1.90998 
vt 1.69637 1.9129 
vt 1.69303 1.90998 
vt 1.68232 1.91118 
vt 1.68232 1.90826 
vt 1.67948 1.90826 
vt 1.67948 1.91118 
vt -1.43768 1.50978 
vt -1.41091 1.49616 
vt -1.41091 1.50978 
vt -1.43768 1.49616 
vt -1.13206 1.49616 
vt -1.10529 1.50978 
vt -1.13206 1.50978 
vt -1.10529 1.49616 
vt 0.635746 1.3224 
vt 0.623211 1.31867 
vt 0.635746 1.31867 
vt 0.623211 1.3224 
vt 1.69765 1.93108 
vt 1.69175 1.92253 
vt 1.69765 1.92253 
vt 1.69175 1.93108 
vt -1.29181 1.49616 
vt -1.30543 1.49534 
vt -1.30543 1.49052 
vt -1.29522 1.49957 
vt 0.80004 1.3095 
vt 0.806276 1.28063 
vt 0.806276 1.3095 
vt 0.80004 1.28063 
vt 0.805385 1.29117 
vt 0.81162 1.2623 
vt 0.81162 1.29117 
vt 0.805385 1.2623 
vt -1.25469 1.5374 
vt -1.26661 1.54381 
vt -1.26661 1.5374 
vt -1.25533 1.54381 
vt -1.25116 1.52339 
vt -1.23754 1.52421 
vt -1.23754 1.52904 
vt -1.24775 1.51998 
vt 0.781247 1.30407 
vt 0.766094 1.30034 
vt 0.781247 1.30034 
vt 0.766094 1.30407 
vt 0.735593 1.3224 
vt 0.72044 1.31867 
vt 0.735593 1.31867 
vt 0.72044 1.3224 
vt 0.630588 1.31867 
vt 0.635746 1.28979 
vt 0.635746 1.31867 
vt 0.630588 1.28979 
vt -0.976664 -0.813038 
vt -0.974098 -0.817009 
vt -0.972543 -0.816077 
vt -0.976664 -0.813038 
vt -0.978221 -0.81398 
vt -0.974098 -0.817009 
vt -1.41091 1.52339 
vt -1.43768 1.50978 
vt -1.41091 1.50978 
vt -1.43768 1.52339 
vt -1.13206 1.50978 
vt -1.10529 1.52339 
vt -1.13206 1.52339 
vt -1.10529 1.50978 
vt 0.722905 1.31867 
vt 0.72914 1.28979 
vt 0.72914 1.31867 
vt 0.722905 1.28979 
vt 0.772547 1.30034 
vt 0.778783 1.27146 
vt 0.778783 1.30034 
vt 0.772547 1.27146 
vt -1.13376 1.5223 
vt -1.13231 1.53357 
vt -1.13604 1.52458 
vt -0.842465 -0.81398 
vt -0.841459 -0.813038 
vt -0.851372 -0.813085 
vt -1.13376 1.5223 
vt -1.12909 1.53357 
vt -1.13231 1.53357 
vt -1.14504 1.54952 
vt -1.14504 1.5463 
vt -1.13604 1.54257 
vt 0.933463 1.3224 
vt 0.920928 1.31867 
vt 0.933463 1.31867 
vt 0.920928 1.3224 
vt -1.14504 1.54952 
vt -1.13604 1.54257 
vt -1.13376 1.54485 
vt -0.842465 -0.81398 
vt -0.851372 -0.813085 
vt -0.851399 -0.81397 
vt 0.763087 1.31323 
vt 0.747933 1.3095 
vt 0.763087 1.3095 
vt 0.747933 1.31323 
vt 0.753754 1.2949 
vt 0.738601 1.29117 
vt 0.753754 1.29117 
vt 0.738601 1.2949 
vt -1.07335 -0.814621 
vt -0.784006 -0.817369 
vt -0.785144 -0.814621 
vt -1.07449 -0.817369 
vt -1.30543 1.52421 
vt -1.29181 1.52339 
vt -1.30543 1.52904 
vt -1.30543 1.52421 
vt -1.29522 1.51998 
vt -1.29181 1.52339 
vt -1.40693 1.54257 
vt -1.39793 1.5463 
vt -1.39793 1.54952 
vt -0.884395 -0.817009 
vt -0.881829 -0.813038 
vt -0.88595 -0.816077 
vt -1.40693 1.54257 
vt -1.39793 1.54952 
vt -1.40921 1.54485 
vt -0.839094 -0.817009 
vt -0.842465 -0.81398 
vt -0.851399 -0.81397 
vt -0.884395 -0.817009 
vt -0.880271 -0.81398 
vt -0.881829 -0.813038 
vt -1.11912 1.54671 
vt -1.42385 1.54293 
vt -1.11912 1.54293 
vt -1.42385 1.54671 
vt -1.07739 -0.856593 
vt -0.779803 -0.860639 
vt -0.781106 -0.856593 
vt -1.07869 -0.860639 
vt 0.920928 1.31867 
vt 0.926086 1.28979 
vt 0.926086 1.31867 
vt 0.920928 1.28979 
vt 0.803908 1.2949 
vt 0.788414 1.29117 
vt 0.803908 1.29117 
vt 0.788414 1.2949 
vt 0.839556 1.2949 
vt 0.824061 1.29117 
vt 0.839556 1.29117 
vt 0.824061 1.2949 
vt 0.875203 1.2949 
vt 0.859709 1.29117 
vt 0.875203 1.29117 
vt 0.859709 1.2949 
vt 0.910851 1.2949 
vt 0.895357 1.29117 
vt 0.910851 1.29117 
vt 0.895357 1.2949 
vt 0.76826 1.2949 
vt 0.752766 1.29117 
vt 0.76826 1.29117 
vt 0.752766 1.2949 
vt 0.732613 1.2949 
vt 0.717118 1.29117 
vt 0.732613 1.29117 
vt 0.717118 1.2949 
vt 0.696965 1.2949 
vt 0.681471 1.29117 
vt 0.696965 1.29117 
vt 0.681471 1.2949 
vt 0.661317 1.2949 
vt 0.645823 1.29117 
vt 0.661317 1.29117 
vt 0.645823 1.2949 
vt 0.750398 1.3095 
vt 0.756634 1.28063 
vt 0.756634 1.3095 
vt 0.750398 1.28063 
vt 0.745054 1.29117 
vt 0.751289 1.2623 
vt 0.751289 1.29117 
vt 0.745054 1.2623 
vt -0.939566 -0.849766 
vt -0.972543 -0.816077 
vt -0.974098 -0.817009 
vt 0.836234 1.3224 
vt 0.821081 1.31867 
vt 0.836234 1.31867 
vt 0.821081 1.3224 
vt -0.939566 -0.849766 
vt -0.938102 -0.848824 
vt -0.972543 -0.816077 
vt -0.968281 -0.815998 
vt -0.972543 -0.816077 
vt -0.938102 -0.848824 
vt 0.671394 1.3224 
vt 0.658859 1.31867 
vt 0.671394 1.31867 
vt 0.658859 1.3224 
vt 0.79058 1.30407 
vt 0.775427 1.30034 
vt 0.79058 1.30034 
vt 0.775427 1.30407 
vt -1.40921 1.5223 
vt -1.40693 1.52458 
vt -1.41066 1.53357 
vt -0.890212 -0.815998 
vt -0.920391 -0.848824 
vt -0.88595 -0.816077 
vt -0.935689 -0.845435 
vt -0.920391 -0.848824 
vt -0.922804 -0.845435 
vt -0.938102 -0.848824 
vt -0.968281 -0.815998 
vt -0.938102 -0.848824 
vt -0.935689 -0.845435 
vt -0.890212 -0.815998 
vt -0.922804 -0.845435 
vt -0.920391 -0.848824 
vt -1.40921 1.5223 
vt -1.41066 1.53357 
vt -1.41388 1.53357 
vt -1.01603 -0.81398 
vt -1.00712 -0.813085 
vt -1.01703 -0.813038 
vt -1.08251 -0.84694 
vt -0.941506 -0.84694 
vt -0.949688 -0.838735 
vt -0.971045 -0.81732 
vt -1.08251 -0.817318 
vt -0.906004 -0.834448 
vt -0.912749 -0.841944 
vt -0.77598 -0.84694 
vt -0.917244 -0.84694 
vt -0.900106 -0.828918 
vt -0.887599 -0.817188 
vt -0.77598 -0.817231 
vt -1.01603 -0.81398 
vt -1.00709 -0.81397 
vt -1.00712 -0.813085 
vt 0.792973 1.29117 
vt 0.799349 1.2623 
vt 0.799349 1.29117 
vt 0.792973 1.2623 
vt 0.834996 1.29117 
vt 0.828621 1.2623 
vt 0.834996 1.2623 
vt 0.828621 1.29117 
vt 0.870644 1.29117 
vt 0.864268 1.2623 
vt 0.870644 1.2623 
vt 0.864268 1.29117 
vt 0.906292 1.29117 
vt 0.899916 1.2623 
vt 0.906292 1.2623 
vt 0.899916 1.29117 
vt 0.763701 1.29117 
vt 0.757325 1.2623 
vt 0.763701 1.2623 
vt 0.757325 1.29117 
vt 0.728053 1.29117 
vt 0.721678 1.2623 
vt 0.728053 1.2623 
vt 0.721678 1.29117 
vt 0.68603 1.29117 
vt 0.692406 1.2623 
vt 0.692406 1.29117 
vt 0.68603 1.2623 
vt 0.650382 1.29117 
vt 0.656758 1.2623 
vt 0.656758 1.29117 
vt 0.650382 1.2623 
vt -0.88595 -0.816077 
vt -0.918927 -0.849766 
vt -0.884395 -0.817009 
vt 0.827534 1.31867 
vt 0.833769 1.28979 
vt 0.833769 1.31867 
vt 0.827534 1.28979 
vt 0.666236 1.31867 
vt 0.671394 1.28979 
vt 0.671394 1.31867 
vt 0.666236 1.28979 
vt -0.88595 -0.816077 
vt -0.920391 -0.848824 
vt -0.918927 -0.849766 
vt 0.777891 1.30034 
vt 0.784127 1.27146 
vt 0.784127 1.30034 
vt 0.777891 1.27146 
vt -1.2568 1.50978 
vt -1.24775 1.49957 
vt -1.25198 1.50978 
vt -1.25116 1.49616 
vt 0.808741 1.31323 
vt 0.793587 1.3095 
vt 0.808741 1.3095 
vt 0.793587 1.31323 
vt 0.818073 1.2949 
vt 0.80292 1.29117 
vt 0.818073 1.29117 
vt 0.80292 1.2949 
vt -1.00709 -0.81397 
vt -1.01603 -0.81398 
vt -1.0194 -0.817009 
vt -0.89293 -0.816938 
vt -0.923611 -0.844579 
vt -0.922804 -0.845435 
vt 0.897815 1.3224 
vt 0.88528 1.31867 
vt 0.897815 1.31867 
vt 0.88528 1.3224 
vt 0.65357 1.31323 
vt 0.641035 1.3095 
vt 0.65357 1.3095 
vt 0.641035 1.31323 
vt -0.89293 -0.816938 
vt -0.922804 -0.845435 
vt -0.890212 -0.815998 
vt -0.886251 -0.759137 
vt -0.881829 -0.75925 
vt -0.88595 -0.755905 
vt 1.5308 1.88714 
vt 1.53778 1.91079 
vt 1.52529 1.89055 
vt 1.54329 1.90739 
vt -0.886251 -0.759137 
vt -0.88595 -0.755905 
vt -0.890212 -0.755846 
vt -1.25116 1.52339 
vt -1.25198 1.50978 
vt -1.24775 1.51998 
vt -1.2568 1.50978 
vt -0.972543 -0.755905 
vt -0.976664 -0.75925 
vt -0.972242 -0.759137 
vt -0.972543 -0.755905 
vt -0.972242 -0.759137 
vt -0.968281 -0.755846 
vt 0.80004 1.3095 
vt 0.806276 1.28063 
vt 0.806276 1.3095 
vt 0.80004 1.28063 
vt 0.805385 1.29117 
vt 0.81162 1.2623 
vt 0.81162 1.29117 
vt 0.805385 1.2623 
vt -0.935689 -0.845435 
vt -0.934881 -0.844579 
vt -0.965563 -0.816938 
vt -0.938102 -0.755698 
vt -0.918927 -0.756693 
vt -0.920391 -0.755698 
vt -0.939566 -0.756693 
vt 1.60469 1.90686 
vt 1.61239 1.90134 
vt 1.61239 1.90686 
vt 1.60469 1.90134 
vt 1.68995 1.90686 
vt 1.69765 1.90134 
vt 1.69765 1.90686 
vt 1.68995 1.90134 
vt 1.48545 1.90134 
vt 1.49315 1.90686 
vt 1.48545 1.90686 
vt 1.49315 1.90134 
vt 1.40019 1.90134 
vt 1.40789 1.90686 
vt 1.40019 1.90686 
vt 1.40789 1.90134 
vt -0.976278 -0.759913 
vt -1.08251 -0.757326 
vt -1.08514 -0.759951 
vt -0.935689 -0.845435 
vt -0.965563 -0.816938 
vt -0.968281 -0.815998 
vt -0.976278 -0.759913 
vt -0.970893 -0.757326 
vt -1.08251 -0.757326 
vt 0.781247 1.30407 
vt 0.766094 1.30034 
vt 0.781247 1.30034 
vt 0.766094 1.30407 
vt -1.42498 1.5088 
vt -1.42304 1.50392 
vt -1.42304 1.5088 
vt -1.42498 1.50392 
vt -0.77598 -0.757326 
vt -0.881989 -0.76003 
vt -0.773278 -0.760028 
vt -0.887448 -0.757326 
vt 0.735593 1.3224 
vt 0.72044 1.31867 
vt 0.735593 1.31867 
vt 0.72044 1.3224 
vt 0.88528 1.31867 
vt 0.890438 1.28979 
vt 0.890438 1.31867 
vt 0.88528 1.28979 
vt 0.648412 1.3095 
vt 0.65357 1.28063 
vt 0.65357 1.3095 
vt 0.648412 1.28063 
vt -1.42498 1.50392 
vt -1.42304 1.49896 
vt -1.42304 1.50392 
vt -1.42498 1.49896 
vt -1.14739 1.53122 
vt -1.14698 1.53357 
vt -1.14836 1.53357 
vt -1.42498 1.57723 
vt -1.42304 1.5088 
vt -1.42304 1.57723 
vt -1.42498 1.5088 
vt -0.934881 -0.844579 
vt -0.922804 -0.845435 
vt -0.923611 -0.844579 
vt -0.935689 -0.845435 
vt -1.28617 1.50978 
vt -1.29522 1.49957 
vt -1.29181 1.49616 
vt -1.29099 1.50978 
vt -1.14739 1.53122 
vt -1.14641 1.5322 
vt -1.14698 1.53357 
vt 1.48641 1.90739 
vt 1.47871 1.88714 
vt 1.48641 1.88714 
vt 1.47871 1.90739 
vt 1.40115 1.90739 
vt 1.39345 1.88714 
vt 1.40115 1.88714 
vt 1.39345 1.90739 
vt 1.60565 1.88714 
vt 1.59795 1.90739 
vt 1.59795 1.88714 
vt 1.60565 1.90739 
vt 1.6909 1.88714 
vt 1.68321 1.90739 
vt 1.68321 1.88714 
vt 1.6909 1.90739 
vt -1.13584 1.53357 
vt -1.13604 1.54257 
vt -1.13853 1.54008 
vt -1.13231 1.53357 
vt -1.43768 1.58601 
vt -1.41091 1.5724 
vt -1.41091 1.58601 
vt -1.43768 1.5724 
vt -1.13206 1.5724 
vt -1.10529 1.58601 
vt -1.13206 1.58601 
vt -1.10529 1.5724 
vt 0.707042 1.3224 
vt 0.694507 1.31867 
vt 0.707042 1.31867 
vt 0.694507 1.3224 
vt -1.42498 1.49896 
vt -1.42304 1.4939 
vt -1.42304 1.49896 
vt -1.42498 1.4939 
vt 0.915639 1.31323 
vt 0.903104 1.3095 
vt 0.915639 1.3095 
vt 0.903104 1.31323 
vt 0.772547 1.30034 
vt 0.778783 1.27146 
vt 0.778783 1.30034 
vt 0.772547 1.27146 
vt 0.635746 1.30407 
vt 0.623211 1.30034 
vt 0.635746 1.30034 
vt 0.623211 1.30407 
vt 0.722905 1.31867 
vt 0.72914 1.28979 
vt 0.72914 1.31867 
vt 0.722905 1.28979 
vt -1.39599 1.53357 
vt -1.39656 1.5322 
vt -1.39558 1.53122 
vt -1.39599 1.53357 
vt -1.39558 1.53122 
vt -1.3946 1.53357 
vt -0.974098 -0.756885 
vt -0.98647 -0.76919 
vt -0.948301 -0.76919 
vt 0.786084 1.30407 
vt 0.77059 1.30034 
vt 0.786084 1.30034 
vt 0.77059 1.30407 
vt 0.821732 1.30407 
vt 0.806238 1.30034 
vt 0.821732 1.30034 
vt 0.806238 1.30407 
vt 0.857379 1.30407 
vt 0.841885 1.30034 
vt 0.857379 1.30034 
vt 0.841885 1.30407 
vt 0.893027 1.30407 
vt 0.877533 1.30034 
vt 0.893027 1.30034 
vt 0.877533 1.30407 
vt 0.928675 1.30407 
vt 0.91318 1.30034 
vt 0.928675 1.30034 
vt 0.91318 1.30407 
vt 0.750436 1.30407 
vt 0.734942 1.30034 
vt 0.750436 1.30034 
vt 0.734942 1.30407 
vt 0.714789 1.30407 
vt 0.699295 1.30034 
vt 0.714789 1.30034 
vt 0.699295 1.30407 
vt 0.679141 1.30407 
vt 0.663647 1.30034 
vt 0.679141 1.30034 
vt 0.663647 1.30407 
vt 0.643493 1.30407 
vt 0.627999 1.30034 
vt 0.643493 1.30034 
vt 0.627999 1.30407 
vt -1.40693 1.54257 
vt -1.40713 1.53357 
vt -1.40444 1.54008 
vt -1.41066 1.53357 
vt -0.948301 -0.76919 
vt -0.939566 -0.756693 
vt -0.974098 -0.756885 
vt 0.763087 1.31323 
vt 0.747933 1.3095 
vt 0.763087 1.3095 
vt 0.747933 1.31323 
vt 0.753754 1.2949 
vt 0.738601 1.29117 
vt 0.753754 1.29117 
vt 0.738601 1.2949 
vt -1.29522 1.51998 
vt -1.28617 1.50978 
vt -1.29181 1.52339 
vt -1.29099 1.50978 
vt 0.701884 1.31867 
vt 0.707042 1.28979 
vt 0.707042 1.31867 
vt 0.701884 1.28979 
vt -1.42498 1.4939 
vt -1.42304 1.48875 
vt -1.42304 1.4939 
vt -1.42498 1.48875 
vt 0.903104 1.3095 
vt 0.908262 1.28063 
vt 0.908262 1.3095 
vt 0.903104 1.28063 
vt 0.630588 1.30034 
vt 0.635746 1.27146 
vt 0.635746 1.30034 
vt 0.630588 1.27146 
vt -0.884863 -0.757326 
vt -0.887599 -0.757326 
vt -0.882215 -0.759913 
vt -1.14504 1.53025 
vt -1.14504 1.53163 
vt -1.14641 1.5322 
vt -1.14739 1.53593 
vt -1.14836 1.53357 
vt -1.14698 1.53357 
vt 1.5603 1.88714 
vt 1.55332 1.91079 
vt 1.5478 1.90739 
vt 1.56581 1.89055 
vt 0.751289 1.29117 
vt 0.745054 1.2623 
vt 0.751289 1.2623 
vt 0.745054 1.29117 
vt 0.781525 1.30034 
vt 0.775149 1.27146 
vt 0.781525 1.27146 
vt 0.775149 1.30034 
vt 0.817172 1.30034 
vt 0.810797 1.27146 
vt 0.817172 1.27146 
vt 0.810797 1.30034 
vt 0.846444 1.30034 
vt 0.85282 1.27146 
vt 0.85282 1.30034 
vt 0.846444 1.27146 
vt 0.882092 1.30034 
vt 0.888468 1.27146 
vt 0.888468 1.30034 
vt 0.882092 1.27146 
vt 0.91774 1.30034 
vt 0.924115 1.27146 
vt 0.924115 1.30034 
vt 0.91774 1.27146 
vt 0.745877 1.30034 
vt 0.739502 1.27146 
vt 0.745877 1.27146 
vt 0.739502 1.30034 
vt 0.703854 1.30034 
vt 0.71023 1.27146 
vt 0.71023 1.30034 
vt 0.703854 1.27146 
vt 0.668206 1.30034 
vt 0.674582 1.27146 
vt 0.674582 1.30034 
vt 0.668206 1.27146 
vt 0.632559 1.30034 
vt 0.638934 1.27146 
vt 0.638934 1.30034 
vt 0.632559 1.27146 
vt -1.13584 1.53357 
vt -1.13604 1.52458 
vt -1.13231 1.53357 
vt -1.13853 1.52707 
vt -1.14504 1.53025 
vt -1.14641 1.5322 
vt -1.14739 1.53122 
vt 0.750398 1.3095 
vt 0.756634 1.28063 
vt 0.756634 1.3095 
vt 0.750398 1.28063 
vt -1.13853 1.54008 
vt -1.14504 1.5463 
vt -1.14504 1.54277 
vt -1.39656 1.5322 
vt -1.39793 1.53163 
vt -1.39793 1.53025 
vt -1.13853 1.54008 
vt -1.13604 1.54257 
vt -1.14504 1.5463 
vt -1.14739 1.53593 
vt -1.14698 1.53357 
vt -1.14641 1.53495 
vt 0.862167 1.3224 
vt 0.849632 1.31867 
vt 0.862167 1.31867 
vt 0.849632 1.3224 
vt 0.689218 1.31323 
vt 0.676683 1.3095 
vt 0.689218 1.3095 
vt 0.676683 1.31323 
vt 0.836234 1.3224 
vt 0.821081 1.31867 
vt 0.836234 1.31867 
vt 0.821081 1.3224 
vt -1.39793 1.5463 
vt -1.40444 1.54008 
vt -1.39793 1.54277 
vt -1.39656 1.5322 
vt -1.39793 1.53025 
vt -1.39558 1.53122 
vt -0.904541 -0.813939 
vt -0.953952 -0.813939 
vt -0.929246 -0.847788 
vt -1.39793 1.5463 
vt -1.40693 1.54257 
vt -1.40444 1.54008 
vt -1.39558 1.53593 
vt -1.39656 1.53495 
vt -1.39599 1.53357 
vt 0.79058 1.30407 
vt 0.775427 1.30034 
vt 0.79058 1.30034 
vt 0.775427 1.30407 
vt 0.933463 1.30407 
vt 0.920928 1.30034 
vt 0.933463 1.30034 
vt 0.920928 1.30407 
vt -1.39558 1.53593 
vt -1.39599 1.53357 
vt -1.3946 1.53357 
vt -0.767862 -0.765445 
vt -0.767862 -0.741324 
vt -0.784006 -0.72518 
vt -1.09063 -0.765445 
vt -0.767862 -0.816825 
vt -1.09063 -0.816825 
vt -1.07449 -0.72518 
vt -1.09063 -0.741324 
vt -1.07775 -0.966637 
vt -0.780738 -0.966637 
vt -1.09505 -0.829833 
vt -1.09505 -0.949341 
vt -0.763441 -0.829833 
vt -0.763441 -0.949341 
vt -1.09505 -0.809967 
vt -0.763441 -0.809967 
vt -0.910192 -0.76919 
vt -0.872023 -0.76919 
vt -0.884395 -0.756885 
vt -1.40713 1.53357 
vt -1.40693 1.52458 
vt -1.40444 1.52707 
vt -1.41066 1.53357 
vt 1.39345 1.92139 
vt 1.39934 1.91284 
vt 1.39934 1.92139 
vt 1.39345 1.91284 
vt -0.918927 -0.756693 
vt -0.910192 -0.76919 
vt -0.884395 -0.756885 
vt 0.881621 1.2244 
vt 0.921758 1.23009 
vt 0.881621 1.24679 
vt 0.921758 1.24111 
vt 0.675053 1.2244 
vt 0.675053 1.24679 
vt 0.634916 1.24111 
vt 0.634916 1.23009 
vt 0.849632 1.31867 
vt 0.85479 1.28979 
vt 0.85479 1.31867 
vt 0.849632 1.28979 
vt 0.827534 1.31867 
vt 0.833769 1.28979 
vt 0.833769 1.31867 
vt 0.827534 1.28979 
vt 0.68406 1.3095 
vt 0.689218 1.28063 
vt 0.689218 1.3095 
vt 0.68406 1.28063 
vt 0.777891 1.30034 
vt 0.784127 1.27146 
vt 0.784127 1.30034 
vt 0.777891 1.27146 
vt -1.42304 1.48875 
vt -1.42498 1.48559 
vt -1.42304 1.48559 
vt -1.42498 1.48875 
vt 0.920928 1.30034 
vt 0.926086 1.27146 
vt 0.926086 1.30034 
vt 0.920928 1.27146 
vt 0.808741 1.31323 
vt 0.793587 1.3095 
vt 0.808741 1.3095 
vt 0.793587 1.31323 
vt -1.10529 1.5724 
vt -1.13206 1.58601 
vt -1.13206 1.5724 
vt -1.10529 1.58601 
vt -1.41091 1.58601 
vt -1.43768 1.5724 
vt -1.41091 1.5724 
vt -1.43768 1.58601 
vt -1.13584 1.53357 
vt -1.14268 1.53593 
vt -1.14171 1.53357 
vt -1.13853 1.54008 
vt 0.818073 1.2949 
vt 0.80292 1.29117 
vt 0.818073 1.29117 
vt 0.80292 1.2949 
vt 0.742689 1.3224 
vt 0.730154 1.31867 
vt 0.742689 1.31867 
vt 0.730154 1.3224 
vt -0.90324 -0.793274 
vt -0.953952 -0.791984 
vt -0.955253 -0.793274 
vt -0.904541 -0.791984 
vt 0.879991 1.31323 
vt 0.867456 1.3095 
vt 0.879991 1.3095 
vt 0.867456 1.31323 
vt 0.671394 1.30407 
vt 0.658859 1.30034 
vt 0.671394 1.30034 
vt 0.658859 1.30407 
vt -1.40713 1.53357 
vt -1.40029 1.53593 
vt -1.40444 1.54008 
vt -1.40126 1.53357 
vt -1.13584 1.53357 
vt -1.14268 1.53122 
vt -1.13853 1.52707 
vt -1.13584 1.53357 
vt -1.14171 1.53357 
vt -1.14268 1.53122 
vt -1.14504 1.54277 
vt -1.14268 1.53593 
vt -1.13853 1.54008 
vt -1.14504 1.54277 
vt -1.14504 1.5369 
vt -1.14268 1.53593 
vt -1.40029 1.53593 
vt -1.39793 1.54277 
vt -1.40444 1.54008 
vt -1.40029 1.53593 
vt -1.39793 1.5369 
vt -1.39793 1.54277 
vt 0.80004 1.3095 
vt 0.806276 1.28063 
vt 0.806276 1.3095 
vt 0.80004 1.28063 
vt -0.968281 -0.755846 
vt -0.972242 -0.759137 
vt -0.969642 -0.759613 
vt -1.40029 1.53122 
vt -1.40713 1.53357 
vt -1.40444 1.52707 
vt -1.40029 1.53122 
vt -1.40126 1.53357 
vt -1.40713 1.53357 
vt 0.737531 1.31867 
vt 0.742689 1.28979 
vt 0.742689 1.31867 
vt 0.737531 1.28979 
vt -0.968281 -0.755846 
vt -0.969642 -0.759613 
vt -0.965563 -0.756361 
vt 0.81162 1.29117 
vt 0.805385 1.2623 
vt 0.81162 1.2623 
vt 0.805385 1.29117 
vt 0.867456 1.3095 
vt 0.872614 1.28063 
vt 0.872614 1.3095 
vt 0.867456 1.28063 
vt 0.666236 1.30034 
vt 0.671394 1.27146 
vt 0.671394 1.30034 
vt 0.666236 1.27146 
vt 0.781247 1.30407 
vt 0.766094 1.30034 
vt 0.781247 1.30034 
vt 0.766094 1.30407 
vt 0.735593 1.3224 
vt 0.72044 1.31867 
vt 0.735593 1.31867 
vt 0.72044 1.3224 
vt -1.09428 -0.811513 
vt -0.761184 -0.8146 
vt -0.764218 -0.811513 
vt -1.09731 -0.8146 
vt 0.803908 1.31323 
vt 0.788414 1.3095 
vt 0.803908 1.3095 
vt 0.788414 1.31323 
vt 0.839556 1.31323 
vt 0.824061 1.3095 
vt 0.839556 1.3095 
vt 0.824061 1.31323 
vt 0.875203 1.31323 
vt 0.859709 1.3095 
vt 0.875203 1.3095 
vt 0.859709 1.31323 
vt 0.910851 1.31323 
vt 0.895357 1.3095 
vt 0.910851 1.3095 
vt 0.895357 1.31323 
vt 0.76826 1.31323 
vt 0.752766 1.3095 
vt 0.76826 1.3095 
vt 0.752766 1.31323 
vt 0.732613 1.31323 
vt 0.717118 1.3095 
vt 0.732613 1.3095 
vt 0.717118 1.31323 
vt 0.696965 1.31323 
vt 0.681471 1.3095 
vt 0.696965 1.3095 
vt 0.681471 1.31323 
vt 0.661317 1.31323 
vt 0.645823 1.3095 
vt 0.661317 1.3095 
vt 0.645823 1.31323 
vt 0.82652 1.3224 
vt 0.813985 1.31867 
vt 0.82652 1.31867 
vt 0.813985 1.3224 
vt 0.724866 1.31323 
vt 0.71233 1.3095 
vt 0.724866 1.3095 
vt 0.71233 1.31323 
vt -1.39793 1.5463 
vt -1.38666 1.54485 
vt -1.39793 1.54952 
vt -1.09731 -0.8146 
vt -1.09731 -0.880299 
vt -1.09505 -0.882556 
vt -0.763441 -0.882556 
vt -0.761184 -0.8146 
vt -0.761184 -0.880299 
vt 0.897815 1.30407 
vt 0.88528 1.30034 
vt 0.897815 1.30034 
vt 0.88528 1.30407 
vt -1.39793 1.5463 
vt -1.38893 1.54257 
vt -1.38666 1.54485 
vt -0.977218 -0.769261 
vt -0.953952 -0.791984 
vt -0.929246 -0.780616 
vt 0.65357 1.2949 
vt 0.641035 1.29117 
vt 0.65357 1.29117 
vt 0.641035 1.2949 
vt -0.888851 -0.759613 
vt -0.886251 -0.759137 
vt -0.890212 -0.755846 
vt 1.40877 1.91708 
vt 1.41161 1.92306 
vt 1.40877 1.92306 
vt 1.41161 1.91708 
vt -1.39143 1.54008 
vt -1.38893 1.54257 
vt -1.39793 1.5463 
vt 0.778783 1.30034 
vt 0.772547 1.27146 
vt 0.778783 1.27146 
vt 0.772547 1.30034 
vt -1.13376 1.5223 
vt -1.14504 1.52085 
vt -1.14504 1.51763 
vt -1.13604 1.52458 
vt -1.39143 1.54008 
vt -1.39793 1.5463 
vt -1.39793 1.54277 
vt -0.888851 -0.759613 
vt -0.890212 -0.755846 
vt -0.89293 -0.756361 
vt -1.14504 1.52438 
vt -1.13604 1.52458 
vt -1.13853 1.52707 
vt -1.14504 1.52085 
vt 0.722905 1.31867 
vt 0.72914 1.28979 
vt 0.72914 1.31867 
vt 0.722905 1.28979 
vt -1.13853 1.52707 
vt -1.14504 1.53025 
vt -1.14504 1.52438 
vt -1.14268 1.53122 
vt -1.39793 1.5369 
vt -1.39143 1.54008 
vt -1.39793 1.54277 
vt -1.39558 1.53593 
vt -1.15154 1.54008 
vt -1.14504 1.5463 
vt -1.15403 1.54257 
vt -1.15154 1.54008 
vt -1.14504 1.54277 
vt -1.14504 1.5463 
vt -1.40444 1.52707 
vt -1.39793 1.52085 
vt -1.39793 1.52438 
vt -1.39793 1.53025 
vt -1.40444 1.52707 
vt -1.39793 1.52438 
vt -1.40029 1.53122 
vt -1.14504 1.54277 
vt -1.14739 1.53593 
vt -1.14504 1.5369 
vt -1.14504 1.54277 
vt -1.15154 1.54008 
vt -1.14739 1.53593 
vt -0.955253 -0.793274 
vt -0.953952 -0.791984 
vt -0.977218 -0.769261 
vt 0.792973 1.3095 
vt 0.799349 1.28063 
vt 0.799349 1.3095 
vt 0.792973 1.28063 
vt 0.834996 1.3095 
vt 0.828621 1.28063 
vt 0.834996 1.28063 
vt 0.828621 1.3095 
vt 0.870644 1.3095 
vt 0.864268 1.28063 
vt 0.870644 1.28063 
vt 0.864268 1.3095 
vt 0.906292 1.3095 
vt 0.899916 1.28063 
vt 0.906292 1.28063 
vt 0.899916 1.3095 
vt 0.763701 1.3095 
vt 0.757325 1.28063 
vt 0.763701 1.28063 
vt 0.757325 1.3095 
vt 0.728053 1.3095 
vt 0.721678 1.28063 
vt 0.728053 1.28063 
vt 0.721678 1.3095 
vt 0.68603 1.3095 
vt 0.692406 1.28063 
vt 0.692406 1.3095 
vt 0.68603 1.28063 
vt 0.650382 1.3095 
vt 0.656758 1.28063 
vt 0.656758 1.3095 
vt 0.650382 1.28063 
vt -1.40444 1.52707 
vt -1.40693 1.52458 
vt -1.39793 1.52085 
vt -1.14504 1.53552 
vt -1.14698 1.53357 
vt -1.14504 1.53163 
vt -1.14504 1.53552 
vt -1.14641 1.53495 
vt -1.14698 1.53357 
vt -1.14309 1.53357 
vt -1.14504 1.53552 
vt -1.14504 1.53163 
vt -1.14309 1.53357 
vt -1.14366 1.53495 
vt -1.14504 1.53552 
vt -1.39656 1.53495 
vt -1.39793 1.53552 
vt -1.39793 1.53163 
vt -1.39656 1.5322 
vt -1.39599 1.53357 
vt -1.39599 1.53357 
vt -1.39656 1.53495 
vt -1.39793 1.53163 
vt -1.39931 1.5322 
vt -1.39793 1.53163 
vt -1.39793 1.53552 
vt -1.39793 1.53552 
vt -1.39931 1.53495 
vt -1.39988 1.53357 
vt -1.14698 1.53357 
vt -1.14641 1.5322 
vt -1.14504 1.53163 
vt -1.14504 1.53163 
vt -1.14366 1.5322 
vt -1.14309 1.53357 
vt -1.39988 1.53357 
vt -1.39931 1.5322 
vt -1.39793 1.53552 
vt -0.955253 -0.793274 
vt -0.977218 -0.769261 
vt -0.980029 -0.769065 
vt -1.39793 1.53163 
vt -1.40029 1.53122 
vt -1.39793 1.53025 
vt 0.763087 1.31323 
vt 0.747933 1.3095 
vt 0.763087 1.3095 
vt 0.747933 1.31323 
vt 0.753754 1.2949 
vt 0.738601 1.29117 
vt 0.753754 1.29117 
vt 0.738601 1.2949 
vt -1.14504 1.5369 
vt -1.14739 1.53593 
vt -1.14641 1.53495 
vt -1.42385 1.5684 
vt -1.11912 1.56463 
vt -1.11912 1.5684 
vt -1.42385 1.56463 
vt -1.15631 1.54485 
vt -1.14504 1.5463 
vt -1.14504 1.54952 
vt -1.15631 1.54485 
vt -1.15403 1.54257 
vt -1.14504 1.5463 
vt -1.39793 1.53163 
vt -1.39931 1.5322 
vt -1.40029 1.53122 
vt 0.813985 1.31867 
vt 0.819143 1.28979 
vt 0.819143 1.31867 
vt 0.813985 1.28979 
vt 0.719707 1.3095 
vt 0.724866 1.28063 
vt 0.724866 1.3095 
vt 0.719707 1.28063 
vt 0.88528 1.30034 
vt 0.890438 1.27146 
vt 0.890438 1.30034 
vt 0.88528 1.27146 
vt 0.648412 1.29117 
vt 0.65357 1.2623 
vt 0.65357 1.29117 
vt 0.648412 1.2623 
vt -1.39793 1.52085 
vt -1.40921 1.5223 
vt -1.39793 1.51763 
vt -1.40693 1.52458 
vt -1.14504 1.5369 
vt -1.14641 1.53495 
vt -1.14504 1.53552 
vt -1.14504 1.53025 
vt -1.14268 1.53122 
vt -1.14366 1.5322 
vt -1.39793 1.5369 
vt -1.39656 1.53495 
vt -1.39558 1.53593 
vt -1.14504 1.53025 
vt -1.14366 1.5322 
vt -1.14504 1.53163 
vt -1.15695 1.5374 
vt -1.14504 1.54381 
vt -1.15631 1.54381 
vt -1.14504 1.5374 
vt -1.39793 1.5369 
vt -1.39793 1.53552 
vt -1.39656 1.53495 
vt -0.878464 -0.769065 
vt -0.881829 -0.75925 
vt -0.886251 -0.759137 
vt -0.90324 -0.793274 
vt -0.881275 -0.769261 
vt -0.904541 -0.791984 
vt -0.90324 -0.793274 
vt -0.878464 -0.769065 
vt -0.881275 -0.769261 
vt -0.181062 3.39402 
vt -0.487582 3.45781 
vt -0.497225 3.39402 
vt -0.497225 3.44817 
vt -0.190705 3.45781 
vt -0.181062 3.44817 
vt 0.778337 1.3224 
vt 0.765802 1.31867 
vt 0.778337 1.31867 
vt 0.765802 1.3224 
vt -1.0895 -0.817775 
vt -1.09428 -0.829833 
vt -1.0895 -0.829833 
vt -0.768992 -0.817775 
vt -1.09428 -0.813 
vt -0.764218 -0.813 
vt -0.768992 -0.829833 
vt -0.764218 -0.829833 
vt -1.0895 -0.817775 
vt -1.09428 -0.813 
vt -1.09428 -0.829833 
vt -0.768992 -0.817775 
vt -0.764218 -0.829833 
vt -0.764218 -0.813 
vt -0.980029 -0.769065 
vt -0.972242 -0.759137 
vt -0.976664 -0.75925 
vt -1.13376 1.54381 
vt -1.14504 1.5374 
vt -1.13313 1.5374 
vt -1.14504 1.54381 
vt 0.745054 1.29117 
vt 0.751289 1.2623 
vt 0.751289 1.29117 
vt 0.745054 1.2623 
vt 0.844344 1.31323 
vt 0.831808 1.3095 
vt 0.844344 1.3095 
vt 0.831808 1.31323 
vt 0.707042 1.30407 
vt 0.694507 1.30034 
vt 0.707042 1.30034 
vt 0.694507 1.30407 
vt -0.904541 -0.791984 
vt -0.881275 -0.769261 
vt -0.929246 -0.780616 
vt -0.878464 -0.769065 
vt -0.900824 -0.79667 
vt -0.872657 -0.769163 
vt -0.980029 -0.769065 
vt -0.957669 -0.79667 
vt -0.955253 -0.793274 
vt -0.955253 -0.793274 
vt -0.900824 -0.79667 
vt -0.90324 -0.793274 
vt -0.957669 -0.79667 
vt -0.980029 -0.769065 
vt -0.985835 -0.769163 
vt -0.957669 -0.79667 
vt -0.878464 -0.769065 
vt -0.90324 -0.793274 
vt -0.900824 -0.79667 
vt 0.750398 1.3095 
vt 0.756634 1.28063 
vt 0.756634 1.3095 
vt 0.750398 1.28063 
vt -0.980029 -0.769065 
vt -0.976664 -0.75925 
vt -0.985835 -0.769163 
vt -0.878464 -0.769065 
vt -0.872657 -0.769163 
vt -0.881829 -0.75925 
vt 0.915639 1.2949 
vt 0.903104 1.29117 
vt 0.915639 1.29117 
vt 0.903104 1.2949 
vt 0.836234 1.3224 
vt 0.821081 1.31867 
vt 0.836234 1.31867 
vt 0.821081 1.3224 
vt -0.900982 -0.796902 
vt -1.08788 -0.816825 
vt -0.77061 -0.816825 
vt -0.957511 -0.796902 
vt -0.985376 -0.769683 
vt -0.900583 -0.796409 
vt -0.872717 -0.76919 
vt -0.77061 -0.765444 
vt -0.873116 -0.768697 
vt -0.876446 -0.765444 
vt -0.773278 -0.760028 
vt -0.881989 -0.76003 
vt -1.08788 -0.765444 
vt -0.985775 -0.76919 
vt -0.981941 -0.765444 
vt -1.08514 -0.759951 
vt -0.981152 -0.764673 
vt -0.976278 -0.759913 
vt -1.08788 -0.742463 
vt -1.08517 -0.743588 
vt -1.07223 -0.730626 
vt -0.786256 -0.730611 
vt -1.07335 -0.727928 
vt -0.785144 -0.727928 
vt -0.985376 -0.769683 
vt -0.985775 -0.76919 
vt -1.08788 -0.816825 
vt -1.07223 -0.730626 
vt -1.07335 -0.727928 
vt -1.08788 -0.742463 
vt -0.773278 -0.760028 
vt -0.77061 -0.742463 
vt -0.773283 -0.74357 
vt -0.785144 -0.727928 
vt -0.773278 -0.760028 
vt -0.77061 -0.765444 
vt -0.77061 -0.742463 
vt -0.773283 -0.74357 
vt -0.785144 -0.727928 
vt -0.786256 -0.730611 
vt -0.919719 -0.780968 
vt -0.939566 -0.756693 
vt -0.938774 -0.780968 
vt -0.948301 -0.76919 
vt -0.918927 -0.756693 
vt -0.910192 -0.76919 
vt 0.760513 1.26847 
vt 0.747978 1.26708 
vt 0.755355 1.26462 
vt 0.760513 1.27645 
vt 0.773048 1.26708 
vt 0.765671 1.26462 
vt 0.757325 1.25838 
vt 0.747978 1.26708 
vt 0.752766 1.25193 
vt 0.757325 1.25838 
vt 0.76826 1.25193 
vt 0.763701 1.25838 
vt 0.752766 1.25193 
vt 0.763701 1.25838 
vt 0.76826 1.25193 
vt 0.773048 1.26708 
vt 0.763701 1.25838 
vt 0.773048 1.26708 
vt 0.765671 1.26462 
vt 0.724866 1.26847 
vt 0.71233 1.26708 
vt 0.719707 1.26462 
vt 0.724866 1.27645 
vt 0.737401 1.26708 
vt 0.730024 1.26462 
vt 0.721678 1.25838 
vt 0.71233 1.26708 
vt 0.717118 1.25193 
vt 0.721678 1.25838 
vt 0.732613 1.25193 
vt 0.728053 1.25838 
vt 0.717118 1.25193 
vt 0.728053 1.25838 
vt 0.732613 1.25193 
vt 0.737401 1.26708 
vt 0.728053 1.25838 
vt 0.737401 1.26708 
vt 0.730024 1.26462 
vt 0.689218 1.26847 
vt 0.676683 1.26708 
vt 0.68406 1.26462 
vt 0.689218 1.27645 
vt 0.701753 1.26708 
vt 0.694376 1.26462 
vt 0.68603 1.25838 
vt 0.676683 1.26708 
vt 0.681471 1.25193 
vt 0.68603 1.25838 
vt 0.696965 1.25193 
vt 0.692406 1.25838 
vt 0.681471 1.25193 
vt 0.692406 1.25838 
vt 0.696965 1.25193 
vt 0.701753 1.26708 
vt 0.692406 1.25838 
vt 0.701753 1.26708 
vt 0.694376 1.26462 
vt 0.65357 1.26847 
vt 0.641035 1.26708 
vt 0.648412 1.26462 
vt 0.65357 1.27645 
vt 0.666105 1.26708 
vt 0.658728 1.26462 
vt 0.650382 1.25838 
vt 0.641035 1.26708 
vt 0.645823 1.25193 
vt 0.650382 1.25838 
vt 0.661317 1.25193 
vt 0.656758 1.25838 
vt 0.645823 1.25193 
vt 0.656758 1.25838 
vt 0.661317 1.25193 
vt 0.666105 1.26708 
vt 0.656758 1.25838 
vt 0.666105 1.26708 
vt 0.658728 1.26462 
vt 0.796161 1.26847 
vt 0.783626 1.26708 
vt 0.791003 1.26462 
vt 0.796161 1.27645 
vt 0.808696 1.26708 
vt 0.801319 1.26462 
vt 0.792973 1.25838 
vt 0.783626 1.26708 
vt 0.788414 1.25193 
vt 0.792973 1.25838 
vt 0.803908 1.25193 
vt 0.799349 1.25838 
vt 0.788414 1.25193 
vt 0.799349 1.25838 
vt 0.803908 1.25193 
vt 0.808696 1.26708 
vt 0.799349 1.25838 
vt 0.808696 1.26708 
vt 0.801319 1.26462 
vt 0.831808 1.26847 
vt 0.819273 1.26708 
vt 0.82665 1.26462 
vt 0.831808 1.27645 
vt 0.844344 1.26708 
vt 0.836967 1.26462 
vt 0.828621 1.25838 
vt 0.819273 1.26708 
vt 0.824061 1.25193 
vt 0.828621 1.25838 
vt 0.839556 1.25193 
vt 0.834996 1.25838 
vt 0.824061 1.25193 
vt 0.834996 1.25838 
vt 0.839556 1.25193 
vt 0.844344 1.26708 
vt 0.834996 1.25838 
vt 0.844344 1.26708 
vt 0.836967 1.26462 
vt 0.867456 1.26847 
vt 0.854921 1.26708 
vt 0.862298 1.26462 
vt 0.867456 1.27645 
vt 0.879991 1.26708 
vt 0.872614 1.26462 
vt 0.864268 1.25838 
vt 0.854921 1.26708 
vt 0.859709 1.25193 
vt 0.864268 1.25838 
vt 0.875203 1.25193 
vt 0.870644 1.25838 
vt 0.859709 1.25193 
vt 0.870644 1.25838 
vt 0.875203 1.25193 
vt 0.879991 1.26708 
vt 0.870644 1.25838 
vt 0.879991 1.26708 
vt 0.872614 1.26462 
vt 0.903104 1.26847 
vt 0.890569 1.26708 
vt 0.897946 1.26462 
vt 0.903104 1.27645 
vt 0.915639 1.26708 
vt 0.908262 1.26462 
vt 0.899916 1.25838 
vt 0.890569 1.26708 
vt 0.895357 1.25193 
vt 0.906292 1.25838 
vt 0.899916 1.25838 
vt 0.895357 1.25193 
vt 0.910851 1.25193 
vt 0.906292 1.25838 
vt 0.910851 1.25193 
vt 0.915639 1.26708 
vt 0.906292 1.25838 
vt 0.915639 1.26708 
vt 0.908262 1.26462 
vt 0.757325 1.25838 
vt 0.755355 1.26462 
vt 0.747978 1.26708 
vt 0.721678 1.25838 
vt 0.719707 1.26462 
vt 0.71233 1.26708 
vt 0.68603 1.25838 
vt 0.68406 1.26462 
vt 0.676683 1.26708 
vt 0.650382 1.25838 
vt 0.648412 1.26462 
vt 0.641035 1.26708 
vt 0.792973 1.25838 
vt 0.791003 1.26462 
vt 0.783626 1.26708 
vt 0.828621 1.25838 
vt 0.82665 1.26462 
vt 0.819273 1.26708 
vt 0.864268 1.25838 
vt 0.862298 1.26462 
vt 0.854921 1.26708 
vt 0.899916 1.25838 
vt 0.897946 1.26462 
vt 0.890569 1.26708 
vt -1.39558 1.53593 
vt -1.38873 1.53357 
vt -1.39143 1.54008 
vt -1.3946 1.53357 
vt -0.783157 -0.961482 
vt -0.764218 -0.949126 
vt -0.768992 -0.947317 
vt -0.764218 -0.829833 
vt -0.781106 -0.966015 
vt -1.0895 -0.947317 
vt -1.09428 -0.829833 
vt -1.09428 -0.949126 
vt -1.07534 -0.961482 
vt -1.07739 -0.966015 
vt 0.79058 1.30407 
vt 0.775427 1.30034 
vt 0.79058 1.30034 
vt 0.775427 1.30407 
vt -1.07534 -0.961482 
vt -0.781106 -0.966015 
vt -0.783157 -0.961482 
vt -1.07739 -0.966015 
vt -1.39143 1.52707 
vt -1.39793 1.53025 
vt -1.39793 1.52438 
vt -1.39558 1.53122 
vt -0.768992 -0.947317 
vt -0.764218 -0.829833 
vt -0.768992 -0.829833 
vt -1.0895 -0.947317 
vt -1.0895 -0.829833 
vt -1.09428 -0.829833 
vt -1.15154 1.52707 
vt -1.14504 1.53025 
vt -1.14739 1.53122 
vt -1.14504 1.52438 
vt -1.15423 1.53357 
vt -1.14739 1.53593 
vt -1.15154 1.54008 
vt -1.14836 1.53357 
vt -1.38666 1.54381 
vt -1.39793 1.5374 
vt -1.38602 1.5374 
vt -1.39793 1.54381 
vt 0.773179 1.31867 
vt 0.778337 1.28979 
vt 0.778337 1.31867 
vt 0.773179 1.28979 
vt 0.765802 1.34956 
vt 0.77059 1.33441 
vt 0.786084 1.33441 
vt 0.790872 1.34956 
vt 0.778337 1.35893 
vt 0.80145 1.34956 
vt 0.806238 1.33441 
vt 0.821732 1.33441 
vt 0.82652 1.34956 
vt 0.813985 1.35893 
vt 0.841885 1.33441 
vt 0.862167 1.34956 
vt 0.837097 1.34956 
vt 0.849632 1.35893 
vt 0.857379 1.33441 
vt 0.872745 1.34956 
vt 0.877533 1.33441 
vt 0.893027 1.33441 
vt 0.897815 1.34956 
vt 0.88528 1.35893 
vt 0.908393 1.34956 
vt 0.91318 1.33441 
vt 0.928675 1.33441 
vt 0.933463 1.34956 
vt 0.920928 1.35893 
vt 0.730154 1.34956 
vt 0.734942 1.33441 
vt 0.750436 1.33441 
vt 0.755224 1.34956 
vt 0.742689 1.35893 
vt 0.699295 1.33441 
vt 0.719577 1.34956 
vt 0.694507 1.34956 
vt 0.707042 1.35893 
vt 0.714789 1.33441 
vt 0.663647 1.33441 
vt 0.683929 1.34956 
vt 0.658859 1.34956 
vt 0.671394 1.35893 
vt 0.679141 1.33441 
vt 0.623211 1.34956 
vt 0.627999 1.33441 
vt 0.643493 1.33441 
vt 0.648281 1.34956 
vt 0.635746 1.35893 
vt 0.701884 1.30034 
vt 0.707042 1.27146 
vt 0.707042 1.30034 
vt 0.701884 1.27146 
vt -1.38873 1.53357 
vt -1.3946 1.53357 
vt -1.39558 1.53122 
vt -1.39793 1.5374 
vt -1.40921 1.54381 
vt -1.40984 1.5374 
vt -1.39793 1.54381 
vt 0.831808 1.3095 
vt 0.836967 1.28063 
vt 0.836967 1.3095 
vt 0.831808 1.28063 
vt -1.38873 1.53357 
vt -1.39558 1.53122 
vt -1.39143 1.52707 
vt 0.903104 1.29117 
vt 0.908262 1.2623 
vt 0.908262 1.29117 
vt 0.903104 1.2623 
vt -0.181062 3.39402 
vt -0.487582 3.45781 
vt -0.497225 3.39402 
vt -0.497225 3.44817 
vt -0.190705 3.45781 
vt -0.181062 3.44817 
vt 0.827534 1.31867 
vt 0.833769 1.28979 
vt 0.833769 1.31867 
vt 0.827534 1.28979 
vt 0.777891 1.30034 
vt 0.784127 1.27146 
vt 0.784127 1.30034 
vt 0.777891 1.27146 
vt -1.15154 1.52707 
vt -1.14836 1.53357 
vt -1.15423 1.53357 
vt -1.15154 1.52707 
vt -1.14739 1.53122 
vt -1.14836 1.53357 
vt 0.790872 1.3224 
vt 0.778337 1.31867 
vt 0.790872 1.31867 
vt 0.778337 1.3224 
vt 0.760513 1.31323 
vt 0.747978 1.3095 
vt 0.760513 1.3095 
vt 0.747978 1.31323 
vt 0.808741 1.31323 
vt 0.793587 1.3095 
vt 0.808741 1.3095 
vt 0.793587 1.31323 
vt 0.862167 1.30407 
vt 0.849632 1.30034 
vt 0.862167 1.30034 
vt 0.849632 1.30407 
vt 0.778337 1.29596 
vt 0.765802 1.29458 
vt 0.773179 1.29211 
vt 0.778337 1.30394 
vt 0.790872 1.29458 
vt 0.783495 1.29211 
vt 0.775149 1.28588 
vt 0.765802 1.29458 
vt 0.77059 1.27942 
vt 0.775149 1.28588 
vt 0.77059 1.27942 
vt 0.786084 1.27942 
vt 0.781525 1.28588 
vt 0.781525 1.28588 
vt 0.786084 1.27942 
vt 0.790872 1.29458 
vt 0.781525 1.28588 
vt 0.790872 1.29458 
vt 0.783495 1.29211 
vt 0.742689 1.29596 
vt 0.730154 1.29458 
vt 0.737531 1.29211 
vt 0.742689 1.30394 
vt 0.755224 1.29458 
vt 0.747847 1.29211 
vt 0.739502 1.28588 
vt 0.730154 1.29458 
vt 0.734942 1.27942 
vt 0.739502 1.28588 
vt 0.734942 1.27942 
vt 0.750436 1.27942 
vt 0.745877 1.28588 
vt 0.745877 1.28588 
vt 0.750436 1.27942 
vt 0.755224 1.29458 
vt 0.745877 1.28588 
vt 0.755224 1.29458 
vt 0.747847 1.29211 
vt 0.707042 1.29596 
vt 0.694507 1.29458 
vt 0.701884 1.29211 
vt 0.707042 1.30394 
vt 0.719577 1.29458 
vt 0.7122 1.29211 
vt 0.703854 1.28588 
vt 0.694507 1.29458 
vt 0.699295 1.27942 
vt 0.703854 1.28588 
vt 0.699295 1.27942 
vt 0.714789 1.27942 
vt 0.71023 1.28588 
vt 0.71023 1.28588 
vt 0.714789 1.27942 
vt 0.719577 1.29458 
vt 0.71023 1.28588 
vt 0.719577 1.29458 
vt 0.7122 1.29211 
vt 0.671394 1.29596 
vt 0.658859 1.29458 
vt 0.666236 1.29211 
vt 0.671394 1.30394 
vt 0.683929 1.29458 
vt 0.676552 1.29211 
vt 0.668206 1.28588 
vt 0.658859 1.29458 
vt 0.663647 1.27942 
vt 0.674582 1.28588 
vt 0.668206 1.28588 
vt 0.663647 1.27942 
vt 0.679141 1.27942 
vt 0.674582 1.28588 
vt 0.679141 1.27942 
vt 0.683929 1.29458 
vt 0.674582 1.28588 
vt 0.683929 1.29458 
vt 0.676552 1.29211 
vt 0.635746 1.29596 
vt 0.623211 1.29458 
vt 0.630588 1.29211 
vt 0.635746 1.30394 
vt 0.648281 1.29458 
vt 0.640904 1.29211 
vt 0.632559 1.28588 
vt 0.623211 1.29458 
vt 0.627999 1.27942 
vt 0.638934 1.28588 
vt 0.632559 1.28588 
vt 0.627999 1.27942 
vt 0.643494 1.27942 
vt 0.638934 1.28588 
vt 0.643494 1.27942 
vt 0.648281 1.29458 
vt 0.638934 1.28588 
vt 0.648281 1.29458 
vt 0.640904 1.29211 
vt 0.813985 1.29596 
vt 0.80145 1.29458 
vt 0.808827 1.29211 
vt 0.813985 1.30394 
vt 0.82652 1.29458 
vt 0.819143 1.29211 
vt 0.810797 1.28588 
vt 0.80145 1.29458 
vt 0.806238 1.27942 
vt 0.810797 1.28588 
vt 0.806238 1.27942 
vt 0.821732 1.27942 
vt 0.817172 1.28588 
vt 0.817172 1.28588 
vt 0.821732 1.27942 
vt 0.82652 1.29458 
vt 0.817172 1.28588 
vt 0.82652 1.29458 
vt 0.819143 1.29211 
vt 0.849632 1.29596 
vt 0.837097 1.29458 
vt 0.844474 1.29211 
vt 0.849632 1.30394 
vt 0.862167 1.29458 
vt 0.85479 1.29211 
vt 0.846444 1.28588 
vt 0.837097 1.29458 
vt 0.841885 1.27942 
vt 0.846444 1.28588 
vt 0.841885 1.27942 
vt 0.857379 1.27942 
vt 0.85282 1.28588 
vt 0.85282 1.28588 
vt 0.857379 1.27942 
vt 0.862167 1.29458 
vt 0.85282 1.28588 
vt 0.862167 1.29458 
vt 0.85479 1.29211 
vt 0.88528 1.29596 
vt 0.872745 1.29458 
vt 0.880122 1.29211 
vt 0.88528 1.30394 
vt 0.897815 1.29458 
vt 0.890438 1.29211 
vt 0.882092 1.28588 
vt 0.872745 1.29458 
vt 0.877533 1.27942 
vt 0.882092 1.28588 
vt 0.877533 1.27942 
vt 0.893027 1.27942 
vt 0.888468 1.28588 
vt 0.888468 1.28588 
vt 0.893027 1.27942 
vt 0.897815 1.29458 
vt 0.888468 1.28588 
vt 0.897815 1.29458 
vt 0.890438 1.29211 
vt 0.920928 1.29596 
vt 0.908393 1.29458 
vt 0.91577 1.29211 
vt 0.920928 1.30394 
vt 0.933463 1.29458 
vt 0.926086 1.29211 
vt 0.91774 1.28588 
vt 0.908393 1.29458 
vt 0.913181 1.27942 
vt 0.924115 1.28588 
vt 0.91774 1.28588 
vt 0.913181 1.27942 
vt 0.928675 1.27942 
vt 0.924115 1.28588 
vt 0.928675 1.27942 
vt 0.933463 1.29458 
vt 0.924115 1.28588 
vt 0.933463 1.29458 
vt 0.926086 1.29211 
vt 0.775149 1.28588 
vt 0.773179 1.29211 
vt 0.765802 1.29458 
vt 0.739502 1.28588 
vt 0.737531 1.29211 
vt 0.730154 1.29458 
vt 0.703854 1.28588 
vt 0.701884 1.29211 
vt 0.694507 1.29458 
vt 0.668206 1.28588 
vt 0.666236 1.29211 
vt 0.658859 1.29458 
vt 0.632559 1.28588 
vt 0.630588 1.29211 
vt 0.623211 1.29458 
vt 0.810797 1.28588 
vt 0.808827 1.29211 
vt 0.80145 1.29458 
vt 0.846444 1.28588 
vt 0.844474 1.29211 
vt 0.837097 1.29458 
vt 0.882092 1.28588 
vt 0.880122 1.29211 
vt 0.872745 1.29458 
vt 0.91774 1.28588 
vt 0.91577 1.29211 
vt 0.908393 1.29458 
vt 0.818073 1.2949 
vt 0.80292 1.29117 
vt 0.818073 1.29117 
vt 0.80292 1.2949 
vt 0.689218 1.2949 
vt 0.676683 1.29117 
vt 0.689218 1.29117 
vt 0.676683 1.2949 
vt 1.39806 1.91708 
vt 1.40877 1.92306 
vt 1.39806 1.92306 
vt 1.40877 1.91708 
vt -1.38521 1.53357 
vt -1.39143 1.54008 
vt -1.38873 1.53357 
vt -1.38893 1.54257 
vt 0.786084 1.3224 
vt 0.77059 1.31867 
vt 0.786084 1.31867 
vt 0.77059 1.3224 
vt 0.821732 1.3224 
vt 0.806238 1.31867 
vt 0.821732 1.31867 
vt 0.806238 1.3224 
vt 0.857379 1.3224 
vt 0.841885 1.31867 
vt 0.857379 1.31867 
vt 0.841885 1.3224 
vt 0.893027 1.3224 
vt 0.877533 1.31867 
vt 0.893027 1.31867 
vt 0.877533 1.3224 
vt 0.928675 1.3224 
vt 0.91318 1.31867 
vt 0.928675 1.31867 
vt 0.91318 1.3224 
vt 0.750436 1.3224 
vt 0.734942 1.31867 
vt 0.750436 1.31867 
vt 0.734942 1.3224 
vt 0.714789 1.3224 
vt 0.699295 1.31867 
vt 0.714789 1.31867 
vt 0.699295 1.3224 
vt 0.679141 1.3224 
vt 0.663647 1.31867 
vt 0.679141 1.31867 
vt 0.663647 1.3224 
vt 0.643493 1.3224 
vt 0.627999 1.31867 
vt 0.643493 1.31867 
vt 0.627999 1.3224 
vt 0.788414 1.30692 
vt 0.808696 1.32207 
vt 0.783626 1.32207 
vt 0.796161 1.33143 
vt 0.803908 1.30692 
vt 0.819273 1.32207 
vt 0.824061 1.30692 
vt 0.839556 1.30692 
vt 0.844344 1.32207 
vt 0.831808 1.33143 
vt 0.859709 1.30692 
vt 0.879991 1.32207 
vt 0.854921 1.32207 
vt 0.867456 1.33143 
vt 0.875203 1.30692 
vt 0.890569 1.32207 
vt 0.895357 1.30692 
vt 0.910851 1.30692 
vt 0.915639 1.32207 
vt 0.903104 1.33143 
vt 0.747978 1.32207 
vt 0.752766 1.30692 
vt 0.76826 1.30692 
vt 0.773048 1.32207 
vt 0.760513 1.33143 
vt 0.717118 1.30692 
vt 0.737401 1.32207 
vt 0.71233 1.32207 
vt 0.724866 1.33143 
vt 0.732613 1.30692 
vt 0.681471 1.30692 
vt 0.701753 1.32207 
vt 0.676683 1.32207 
vt 0.689218 1.33143 
vt 0.696965 1.30692 
vt 0.645823 1.30692 
vt 0.666105 1.32207 
vt 0.641035 1.32207 
vt 0.65357 1.33143 
vt 0.661317 1.30692 
vt -0.900647 -0.813993 
vt -0.872023 -0.81397 
vt -0.872657 -0.813085 
vt -0.900647 -0.813993 
vt -0.872657 -0.813085 
vt -0.900824 -0.813085 
vt -1.39793 1.52438 
vt -1.38893 1.52458 
vt -1.39143 1.52707 
vt -1.39793 1.52085 
vt 0.778337 1.31867 
vt 0.783495 1.28979 
vt 0.783495 1.31867 
vt 0.778337 1.28979 
vt 0.755355 1.3095 
vt 0.760513 1.28063 
vt 0.760513 1.3095 
vt 0.755355 1.28063 
vt 0.80004 1.3095 
vt 0.806276 1.28063 
vt 0.806276 1.3095 
vt 0.80004 1.28063 
vt 0.849632 1.30034 
vt 0.85479 1.27146 
vt 0.85479 1.30034 
vt 0.849632 1.27146 
vt -1.15154 1.52707 
vt -1.15403 1.52458 
vt -1.14504 1.52085 
vt -1.15154 1.52707 
vt -1.14504 1.52085 
vt -1.14504 1.52438 
vt -1.40029 1.53122 
vt -1.39931 1.5322 
vt -1.39988 1.53357 
vt -1.39931 1.53495 
vt -1.39793 1.53552 
vt -1.39793 1.5369 
vt -1.15154 1.54008 
vt -1.15776 1.53357 
vt -1.15423 1.53357 
vt -1.15403 1.54257 
vt -0.934881 -0.756252 
vt -0.965563 -0.756361 
vt -0.929246 -0.77525 
vt 0.805385 1.29117 
vt 0.81162 1.2623 
vt 0.81162 1.29117 
vt 0.805385 1.2623 
vt 0.68406 1.29117 
vt 0.689218 1.2623 
vt 0.689218 1.29117 
vt 0.68406 1.2623 
vt 0.735593 1.3224 
vt 0.72044 1.31867 
vt 0.735593 1.31867 
vt 0.72044 1.3224 
vt 0.781247 1.30407 
vt 0.766094 1.30034 
vt 0.781247 1.30034 
vt 0.766094 1.30407 
vt -1.14504 1.5369 
vt -1.14504 1.53552 
vt -1.14366 1.53495 
vt -1.40029 1.53122 
vt -1.39988 1.53357 
vt -1.40126 1.53357 
vt 0.813985 1.3224 
vt 0.80145 1.31867 
vt 0.813985 1.31867 
vt 0.80145 1.3224 
vt 0.760513 1.32346 
vt 0.747978 1.32207 
vt 0.755355 1.3196 
vt 0.760513 1.33143 
vt 0.773048 1.32207 
vt 0.765671 1.3196 
vt 0.757325 1.31337 
vt 0.747978 1.32207 
vt 0.752766 1.30692 
vt 0.763701 1.31337 
vt 0.757325 1.31337 
vt 0.752766 1.30692 
vt 0.76826 1.30692 
vt 0.763701 1.31337 
vt 0.76826 1.30692 
vt 0.773048 1.32207 
vt 0.763701 1.31337 
vt 0.773048 1.32207 
vt 0.765671 1.3196 
vt 0.724866 1.32346 
vt 0.71233 1.32207 
vt 0.719707 1.3196 
vt 0.724866 1.33143 
vt 0.737401 1.32207 
vt 0.730024 1.3196 
vt 0.721678 1.31337 
vt 0.71233 1.32207 
vt 0.717118 1.30692 
vt 0.721678 1.31337 
vt 0.717118 1.30692 
vt 0.732613 1.30692 
vt 0.728053 1.31337 
vt 0.728053 1.31337 
vt 0.732613 1.30692 
vt 0.737401 1.32207 
vt 0.728053 1.31337 
vt 0.737401 1.32207 
vt 0.730024 1.3196 
vt 0.689218 1.32346 
vt 0.676683 1.32207 
vt 0.68406 1.3196 
vt 0.689218 1.33143 
vt 0.701753 1.32207 
vt 0.694376 1.3196 
vt 0.68603 1.31337 
vt 0.676683 1.32207 
vt 0.681471 1.30692 
vt 0.68603 1.31337 
vt 0.681471 1.30692 
vt 0.696965 1.30692 
vt 0.692406 1.31337 
vt 0.692406 1.31337 
vt 0.696965 1.30692 
vt 0.701753 1.32207 
vt 0.692406 1.31337 
vt 0.701753 1.32207 
vt 0.694376 1.3196 
vt 0.65357 1.32346 
vt 0.641035 1.32207 
vt 0.648412 1.3196 
vt 0.65357 1.33143 
vt 0.666105 1.32207 
vt 0.658728 1.3196 
vt 0.650382 1.31337 
vt 0.641035 1.32207 
vt 0.645823 1.30692 
vt 0.650382 1.31337 
vt 0.645823 1.30692 
vt 0.661317 1.30692 
vt 0.656758 1.31337 
vt 0.656758 1.31337 
vt 0.661317 1.30692 
vt 0.666105 1.32207 
vt 0.656758 1.31337 
vt 0.666105 1.32207 
vt 0.658728 1.3196 
vt 0.796161 1.32346 
vt 0.783626 1.32207 
vt 0.791003 1.3196 
vt 0.796161 1.33143 
vt 0.808696 1.32207 
vt 0.801319 1.3196 
vt 0.792973 1.31337 
vt 0.783626 1.32207 
vt 0.788414 1.30692 
vt 0.792973 1.31337 
vt 0.788414 1.30692 
vt 0.803908 1.30692 
vt 0.799349 1.31337 
vt 0.799349 1.31337 
vt 0.803908 1.30692 
vt 0.808696 1.32207 
vt 0.799349 1.31337 
vt 0.808696 1.32207 
vt 0.801319 1.3196 
vt 0.831808 1.32346 
vt 0.819273 1.32207 
vt 0.82665 1.3196 
vt 0.831808 1.33143 
vt 0.844344 1.32207 
vt 0.836967 1.3196 
vt 0.828621 1.31337 
vt 0.819273 1.32207 
vt 0.824061 1.30692 
vt 0.828621 1.31337 
vt 0.824061 1.30692 
vt 0.839556 1.30692 
vt 0.834996 1.31337 
vt 0.834996 1.31337 
vt 0.839556 1.30692 
vt 0.844344 1.32207 
vt 0.834996 1.31337 
vt 0.844344 1.32207 
vt 0.836967 1.3196 
vt 0.867456 1.32346 
vt 0.854921 1.32207 
vt 0.862298 1.3196 
vt 0.867456 1.33143 
vt 0.879991 1.32207 
vt 0.872614 1.3196 
vt 0.864268 1.31337 
vt 0.854921 1.32207 
vt 0.859709 1.30692 
vt 0.864268 1.31337 
vt 0.859709 1.30692 
vt 0.875203 1.30692 
vt 0.870644 1.31337 
vt 0.870644 1.31337 
vt 0.875203 1.30692 
vt 0.879991 1.32207 
vt 0.870644 1.31337 
vt 0.879991 1.32207 
vt 0.872614 1.3196 
vt 0.903104 1.32346 
vt 0.890569 1.32207 
vt 0.897946 1.3196 
vt 0.903104 1.33143 
vt 0.915639 1.32207 
vt 0.908262 1.3196 
vt 0.899916 1.31337 
vt 0.890569 1.32207 
vt 0.895357 1.30692 
vt 0.906292 1.31337 
vt 0.899916 1.31337 
vt 0.895357 1.30692 
vt 0.910851 1.30692 
vt 0.906292 1.31337 
vt 0.910851 1.30692 
vt 0.915639 1.32207 
vt 0.906292 1.31337 
vt 0.915639 1.32207 
vt 0.908262 1.3196 
vt 0.757325 1.31337 
vt 0.755355 1.3196 
vt 0.747978 1.32207 
vt 0.721678 1.31337 
vt 0.719707 1.3196 
vt 0.71233 1.32207 
vt 0.68603 1.31337 
vt 0.68406 1.3196 
vt 0.676683 1.32207 
vt 0.650382 1.31337 
vt 0.648412 1.3196 
vt 0.641035 1.32207 
vt 0.792973 1.31337 
vt 0.791003 1.3196 
vt 0.783626 1.32207 
vt 0.828621 1.31337 
vt 0.82665 1.3196 
vt 0.819273 1.32207 
vt 0.864268 1.31337 
vt 0.862298 1.3196 
vt 0.854921 1.32207 
vt 0.899916 1.31337 
vt 0.897946 1.3196 
vt 0.890569 1.32207 
vt 0.781525 1.31867 
vt 0.775149 1.28979 
vt 0.781525 1.28979 
vt 0.775149 1.31867 
vt 0.817172 1.31867 
vt 0.810797 1.28979 
vt 0.817172 1.28979 
vt 0.810797 1.31867 
vt 0.846444 1.31867 
vt 0.85282 1.28979 
vt 0.85282 1.31867 
vt 0.846444 1.28979 
vt 0.882092 1.31867 
vt 0.888468 1.28979 
vt 0.888468 1.31867 
vt 0.882092 1.28979 
vt 0.91774 1.31867 
vt 0.924115 1.28979 
vt 0.924115 1.31867 
vt 0.91774 1.28979 
vt 0.745877 1.31867 
vt 0.739502 1.28979 
vt 0.745877 1.28979 
vt 0.739502 1.31867 
vt 0.703854 1.31867 
vt 0.71023 1.28979 
vt 0.71023 1.31867 
vt 0.703854 1.28979 
vt 0.668206 1.31867 
vt 0.674582 1.28979 
vt 0.674582 1.31867 
vt 0.668206 1.28979 
vt 0.632559 1.31867 
vt 0.638934 1.28979 
vt 0.638934 1.31867 
vt 0.632559 1.28979 
vt -0.496365 3.37141 
vt -0.181923 3.36238 
vt -0.181923 3.37141 
vt -0.496365 3.36238 
vt -1.42304 1.58187 
vt -1.42498 1.57669 
vt -1.42304 1.57669 
vt -1.42498 1.58187 
vt 0.808696 1.31323 
vt 0.796161 1.3095 
vt 0.808696 1.3095 
vt 0.796161 1.31323 
vt 0.742689 1.30407 
vt 0.730154 1.30034 
vt 0.742689 1.30034 
vt 0.730154 1.30407 
vt -1.39931 1.53495 
vt -1.39793 1.5369 
vt -1.40029 1.53593 
vt 0.879991 1.2949 
vt 0.867456 1.29117 
vt 0.879991 1.29117 
vt 0.867456 1.2949 
vt -1.14268 1.53122 
vt -1.14309 1.53357 
vt -1.14366 1.5322 
vt -1.14504 1.5369 
vt -1.14366 1.53495 
vt -1.14268 1.53593 
vt -0.772025 -0.814525 
vt -1.0895 -0.811513 
vt -1.08647 -0.814525 
vt -0.768992 -0.811513 
vt 0.77059 1.27942 
vt 0.790872 1.29458 
vt 0.765802 1.29458 
vt 0.778337 1.30394 
vt 0.786084 1.27942 
vt 0.806238 1.27942 
vt 0.82652 1.29458 
vt 0.80145 1.29458 
vt 0.813985 1.30394 
vt 0.821732 1.27942 
vt 0.841885 1.27942 
vt 0.862167 1.29458 
vt 0.837097 1.29458 
vt 0.849632 1.30394 
vt 0.857379 1.27942 
vt 0.872745 1.29458 
vt 0.877533 1.27942 
vt 0.893027 1.27942 
vt 0.897815 1.29458 
vt 0.88528 1.30394 
vt 0.908393 1.29458 
vt 0.91318 1.27942 
vt 0.928675 1.27942 
vt 0.933463 1.29458 
vt 0.920928 1.30394 
vt 0.734942 1.27942 
vt 0.755224 1.29458 
vt 0.730154 1.29458 
vt 0.742689 1.30394 
vt 0.750436 1.27942 
vt 0.694507 1.29458 
vt 0.699295 1.27942 
vt 0.714789 1.27942 
vt 0.719577 1.29458 
vt 0.707042 1.30394 
vt 0.663647 1.27942 
vt 0.683929 1.29458 
vt 0.658859 1.29458 
vt 0.671394 1.30394 
vt 0.679141 1.27942 
vt 0.623211 1.29458 
vt 0.627999 1.27942 
vt 0.643493 1.27942 
vt 0.648281 1.29458 
vt 0.635746 1.30394 
vt -1.38893 1.52458 
vt -1.38873 1.53357 
vt -1.39143 1.52707 
vt -1.38521 1.53357 
vt -0.181923 3.24605 
vt -0.181923 3.36238 
vt -0.194357 3.23361 
vt -0.496365 3.36238 
vt -0.496365 3.24605 
vt -0.483931 3.23361 
vt 1.69303 1.92306 
vt 1.68232 1.91708 
vt 1.69303 1.91708 
vt 1.68232 1.92306 
vt -0.483931 3.23361 
vt -0.194357 3.23361 
vt -0.496365 3.36238 
vt -0.181923 3.36238 
vt -1.14268 1.53122 
vt -1.14171 1.53357 
vt -1.14309 1.53357 
vt 0.722905 1.31867 
vt 0.72914 1.28979 
vt 0.72914 1.31867 
vt 0.722905 1.28979 
vt 0.772547 1.30034 
vt 0.778783 1.27146 
vt 0.778783 1.30034 
vt 0.772547 1.27146 
vt 0.808827 1.31867 
vt 0.813985 1.28979 
vt 0.813985 1.31867 
vt 0.808827 1.28979 
vt -0.957846 -0.813993 
vt -0.957669 -0.813085 
vt -0.985835 -0.813085 
vt -0.957846 -0.813993 
vt -0.985835 -0.813085 
vt -0.98647 -0.81397 
vt -1.41091 1.5724 
vt -1.43768 1.55878 
vt -1.41091 1.55878 
vt -1.43768 1.5724 
vt -1.13206 1.5724 
vt -1.10529 1.55878 
vt -1.10529 1.5724 
vt -1.13206 1.55878 
vt -0.972242 -0.759137 
vt -0.977218 -0.769261 
vt -0.969642 -0.759613 
vt 0.796161 1.3095 
vt 0.801319 1.28063 
vt 0.801319 1.3095 
vt 0.796161 1.28063 
vt 0.737531 1.30034 
vt 0.742689 1.27146 
vt 0.742689 1.30034 
vt 0.737531 1.27146 
vt -0.851399 -0.849766 
vt -0.879396 -0.813993 
vt -0.863177 -0.849766 
vt 0.753754 1.2949 
vt 0.738601 1.29117 
vt 0.753754 1.29117 
vt 0.738601 1.2949 
vt -0.965563 -0.756361 
vt -0.969642 -0.759613 
vt -0.929246 -0.780616 
vt 0.763087 1.31323 
vt 0.747933 1.3095 
vt 0.763087 1.3095 
vt 0.747933 1.31323 
vt 0.867456 1.29117 
vt 0.872614 1.2623 
vt 0.872614 1.29117 
vt 0.867456 1.2623 
vt -0.972242 -0.759137 
vt -0.980029 -0.769065 
vt -0.977218 -0.769261 
vt -1.15423 1.53357 
vt -1.15403 1.52458 
vt -1.15154 1.52707 
vt -1.15776 1.53357 
vt 0.778337 1.35095 
vt 0.765802 1.34956 
vt 0.773179 1.3471 
vt 0.778337 1.35893 
vt 0.790872 1.34956 
vt 0.783495 1.3471 
vt 0.775149 1.34086 
vt 0.765802 1.34956 
vt 0.77059 1.33441 
vt 0.773179 1.3471 
vt 0.775149 1.34086 
vt 0.77059 1.33441 
vt 0.786084 1.33441 
vt 0.781525 1.34086 
vt 0.781525 1.34086 
vt 0.786084 1.33441 
vt 0.790872 1.34956 
vt 0.783495 1.3471 
vt 0.742689 1.35095 
vt 0.730154 1.34956 
vt 0.737531 1.3471 
vt 0.742689 1.35893 
vt 0.755224 1.34956 
vt 0.747847 1.3471 
vt 0.739502 1.34086 
vt 0.730154 1.34956 
vt 0.734942 1.33441 
vt 0.737531 1.3471 
vt 0.739502 1.34086 
vt 0.734942 1.33441 
vt 0.750436 1.33441 
vt 0.745877 1.34086 
vt 0.745877 1.34086 
vt 0.750436 1.33441 
vt 0.755224 1.34956 
vt 0.747847 1.3471 
vt 0.707042 1.35095 
vt 0.694507 1.34956 
vt 0.701884 1.3471 
vt 0.707042 1.35893 
vt 0.719577 1.34956 
vt 0.7122 1.3471 
vt 0.703854 1.34086 
vt 0.694507 1.34956 
vt 0.699295 1.33441 
vt 0.701884 1.3471 
vt 0.703854 1.34086 
vt 0.699295 1.33441 
vt 0.714789 1.33441 
vt 0.71023 1.34086 
vt 0.71023 1.34086 
vt 0.714789 1.33441 
vt 0.719577 1.34956 
vt 0.7122 1.3471 
vt 0.671394 1.35095 
vt 0.658859 1.34956 
vt 0.666236 1.3471 
vt 0.671394 1.35893 
vt 0.683929 1.34956 
vt 0.676552 1.3471 
vt 0.668206 1.34086 
vt 0.658859 1.34956 
vt 0.663647 1.33441 
vt 0.666236 1.3471 
vt 0.674582 1.34086 
vt 0.668206 1.34086 
vt 0.663647 1.33441 
vt 0.679141 1.33441 
vt 0.674582 1.34086 
vt 0.679141 1.33441 
vt 0.683929 1.34956 
vt 0.676552 1.3471 
vt 0.635746 1.35095 
vt 0.623211 1.34956 
vt 0.630588 1.3471 
vt 0.635746 1.35893 
vt 0.648281 1.34956 
vt 0.640904 1.3471 
vt 0.632559 1.34086 
vt 0.623211 1.34956 
vt 0.627999 1.33441 
vt 0.630588 1.3471 
vt 0.638934 1.34086 
vt 0.632559 1.34086 
vt 0.627999 1.33441 
vt 0.643494 1.33441 
vt 0.638934 1.34086 
vt 0.643494 1.33441 
vt 0.648281 1.34956 
vt 0.640904 1.3471 
vt 0.813985 1.35095 
vt 0.80145 1.34956 
vt 0.808827 1.3471 
vt 0.813985 1.35893 
vt 0.82652 1.34956 
vt 0.819143 1.3471 
vt 0.810797 1.34086 
vt 0.80145 1.34956 
vt 0.806238 1.33441 
vt 0.808827 1.3471 
vt 0.810797 1.34086 
vt 0.806238 1.33441 
vt 0.821732 1.33441 
vt 0.817172 1.34086 
vt 0.817172 1.34086 
vt 0.821732 1.33441 
vt 0.82652 1.34956 
vt 0.819143 1.3471 
vt 0.849632 1.35095 
vt 0.837097 1.34956 
vt 0.844474 1.3471 
vt 0.849632 1.35893 
vt 0.862167 1.34956 
vt 0.85479 1.3471 
vt 0.846444 1.34086 
vt 0.837097 1.34956 
vt 0.841885 1.33441 
vt 0.844474 1.3471 
vt 0.846444 1.34086 
vt 0.841885 1.33441 
vt 0.857379 1.33441 
vt 0.85282 1.34086 
vt 0.85282 1.34086 
vt 0.857379 1.33441 
vt 0.862167 1.34956 
vt 0.85479 1.3471 
vt 0.88528 1.35095 
vt 0.872745 1.34956 
vt 0.880122 1.3471 
vt 0.88528 1.35893 
vt 0.897815 1.34956 
vt 0.890438 1.3471 
vt 0.882092 1.34086 
vt 0.872745 1.34956 
vt 0.877533 1.33441 
vt 0.880122 1.3471 
vt 0.882092 1.34086 
vt 0.877533 1.33441 
vt 0.893027 1.33441 
vt 0.888468 1.34086 
vt 0.888468 1.34086 
vt 0.893027 1.33441 
vt 0.897815 1.34956 
vt 0.890438 1.3471 
vt 0.920928 1.35095 
vt 0.908393 1.34956 
vt 0.91577 1.3471 
vt 0.920928 1.35893 
vt 0.933463 1.34956 
vt 0.926086 1.3471 
vt 0.91774 1.34086 
vt 0.908393 1.34956 
vt 0.913181 1.33441 
vt 0.91577 1.3471 
vt 0.924115 1.34086 
vt 0.91774 1.34086 
vt 0.913181 1.33441 
vt 0.928675 1.33441 
vt 0.924115 1.34086 
vt 0.928675 1.33441 
vt 0.933463 1.34956 
vt 0.926086 1.3471 
vt -1.39988 1.53357 
vt -1.39931 1.53495 
vt -1.40029 1.53593 
vt -0.89293 -0.756361 
vt -0.923611 -0.756252 
vt -0.929246 -0.77525 
vt -0.965563 -0.756361 
vt -0.929246 -0.780616 
vt -0.929246 -0.77525 
vt 0.755224 1.3224 
vt 0.742689 1.31867 
vt 0.755224 1.31867 
vt 0.742689 1.3224 
vt 0.796161 1.31323 
vt 0.783626 1.3095 
vt 0.796161 1.3095 
vt 0.783626 1.31323 
vt 1.68232 1.92937 
vt 1.67948 1.92339 
vt 1.68232 1.92339 
vt 1.67948 1.92937 
vt -1.39988 1.53357 
vt -1.40029 1.53593 
vt -1.40126 1.53357 
vt 0.82652 1.30407 
vt 0.813985 1.30034 
vt 0.82652 1.30034 
vt 0.813985 1.30407 
vt 0.724866 1.2949 
vt 0.71233 1.29117 
vt 0.724866 1.29117 
vt 0.71233 1.2949 
vt -0.886251 -0.759137 
vt -0.888851 -0.759613 
vt -0.881275 -0.769261 
vt 0.788414 1.25193 
vt 0.808696 1.26708 
vt 0.783626 1.26708 
vt 0.796161 1.27645 
vt 0.803908 1.25193 
vt 0.824061 1.25193 
vt 0.844344 1.26708 
vt 0.819273 1.26708 
vt 0.831808 1.27645 
vt 0.839556 1.25193 
vt 0.859709 1.25193 
vt 0.879991 1.26708 
vt 0.854921 1.26708 
vt 0.867456 1.27645 
vt 0.875203 1.25193 
vt 0.895357 1.25193 
vt 0.915639 1.26708 
vt 0.890569 1.26708 
vt 0.903104 1.27645 
vt 0.910851 1.25193 
vt 0.752766 1.25193 
vt 0.773048 1.26708 
vt 0.747978 1.26708 
vt 0.760513 1.27645 
vt 0.76826 1.25193 
vt 0.717118 1.25193 
vt 0.737401 1.26708 
vt 0.71233 1.26708 
vt 0.724866 1.27645 
vt 0.732613 1.25193 
vt 0.681471 1.25193 
vt 0.701753 1.26708 
vt 0.676683 1.26708 
vt 0.689218 1.27645 
vt 0.696965 1.25193 
vt 0.645823 1.25193 
vt 0.666105 1.26708 
vt 0.641035 1.26708 
vt 0.65357 1.27645 
vt 0.661317 1.25193 
vt 0.745054 1.29117 
vt 0.751289 1.2623 
vt 0.751289 1.29117 
vt 0.745054 1.2623 
vt -0.948301 -0.76919 
vt -0.98647 -0.76919 
vt -0.957846 -0.797187 
vt -0.886251 -0.759137 
vt -0.881275 -0.769261 
vt -0.878464 -0.769065 
vt 0.750398 1.3095 
vt 0.756634 1.28063 
vt 0.756634 1.3095 
vt 0.750398 1.28063 
vt -1.14268 1.53593 
vt -1.14366 1.53495 
vt -1.14309 1.53357 
vt 0.836234 1.3224 
vt 0.821081 1.31867 
vt 0.836234 1.31867 
vt 0.821081 1.3224 
vt -1.40984 1.52166 
vt -1.38602 1.52166 
vt -1.38602 1.54548 
vt -1.38109 1.53357 
vt -1.39793 1.51673 
vt -1.40984 1.54548 
vt -1.41478 1.53357 
vt -1.15695 1.52166 
vt -1.13313 1.52166 
vt -1.13313 1.54548 
vt -1.12819 1.53357 
vt -1.14504 1.51673 
vt -1.15695 1.54548 
vt -1.16188 1.53357 
vt -1.38602 1.54548 
vt -1.39793 1.55042 
vt -1.40984 1.52166 
vt -1.39793 1.55042 
vt -1.40984 1.54548 
vt -1.40984 1.52166 
vt -1.13313 1.54548 
vt -1.14504 1.55042 
vt -1.15695 1.52166 
vt -1.14504 1.55042 
vt -1.15695 1.54548 
vt -1.15695 1.52166 
vt 0.79058 1.30407 
vt 0.775427 1.30034 
vt 0.79058 1.30034 
vt 0.775427 1.30407 
vt -1.14268 1.53593 
vt -1.14309 1.53357 
vt -1.14171 1.53357 
vt -0.882215 -0.759913 
vt -0.877341 -0.764673 
vt -0.884863 -0.757326 
vt 0.742689 1.31867 
vt 0.747847 1.28979 
vt 0.747847 1.31867 
vt 0.742689 1.28979 
vt 0.791003 1.3095 
vt 0.796161 1.28063 
vt 0.796161 1.3095 
vt 0.791003 1.28063 
vt 0.813985 1.30034 
vt 0.819143 1.27146 
vt 0.819143 1.30034 
vt 0.813985 1.27146 
vt 0.719707 1.29117 
vt 0.724866 1.2623 
vt 0.724866 1.29117 
vt 0.719707 1.2623 
vt -0.979097 -0.813993 
vt -1.00709 -0.849766 
vt -0.995316 -0.849766 
vt -0.929246 -0.780616 
vt -0.888851 -0.759613 
vt -0.89293 -0.756361 
vt -1.42385 1.5684 
vt -1.11912 1.56463 
vt -1.11912 1.5684 
vt -1.42385 1.56463 
vt 0.849632 1.3224 
vt 0.837097 1.31867 
vt 0.849632 1.31867 
vt 0.837097 1.3224 
vt -1.08647 -0.814525 
vt -0.772025 -0.833383 
vt -0.772025 -0.814525 
vt -1.08647 -0.833383 
vt 0.833769 1.31867 
vt 0.827534 1.28979 
vt 0.833769 1.28979 
vt 0.827534 1.31867 
vt -0.929246 -0.780616 
vt -0.89293 -0.756361 
vt -0.929246 -0.77525 
vt -1.08788 -0.814621 
vt -1.09063 -0.817369 
vt -1.09063 -0.882561 
vt -0.77061 -0.814621 
vt -0.767862 -0.882561 
vt -0.767862 -0.817369 
vt 0.777891 1.30034 
vt 0.784127 1.27146 
vt 0.784127 1.30034 
vt 0.777891 1.27146 
vt 0.773048 1.31323 
vt 0.760513 1.3095 
vt 0.773048 1.3095 
vt 0.760513 1.31323 
vt 0.778337 1.30407 
vt 0.765802 1.30034 
vt 0.778337 1.30034 
vt 0.765802 1.30407 
vt -0.923611 -0.756252 
vt -0.934881 -0.756252 
vt -0.929246 -0.77525 
vt -0.900647 -0.797187 
vt -0.872023 -0.76919 
vt -0.910192 -0.76919 
vt 0.881621 1.2244 
vt 0.921758 1.23009 
vt 0.881621 1.24679 
vt 0.921758 1.24111 
vt 0.675053 1.2244 
vt 0.675053 1.24679 
vt 0.634916 1.24111 
vt 0.634916 1.23009 
vt 0.844344 1.2949 
vt 0.831808 1.29117 
vt 0.844344 1.29117 
vt 0.831808 1.2949 
vt 0.808741 1.31323 
vt 0.793587 1.3095 
vt 0.808741 1.3095 
vt 0.793587 1.31323 
vt 0.818073 1.2949 
vt 0.80292 1.29117 
vt 0.818073 1.29117 
vt 0.80292 1.2949 
vt 1.69303 1.92306 
vt 1.69637 1.91708 
vt 1.69637 1.92306 
vt 1.69303 1.91708 
vt -1.10529 1.55878 
vt -1.13206 1.5724 
vt -1.13206 1.55878 
vt -1.10529 1.5724 
vt -1.41091 1.55878 
vt -1.43768 1.5724 
vt -1.43768 1.55878 
vt -1.41091 1.5724 
vt -0.900647 -0.813993 
vt -0.957669 -0.813085 
vt -0.957846 -0.813993 
vt -0.900824 -0.813085 
vt 0.844474 1.31867 
vt 0.849632 1.28979 
vt 0.849632 1.31867 
vt 0.844474 1.28979 
vt 0.760513 1.3095 
vt 0.765671 1.28063 
vt 0.765671 1.3095 
vt 0.760513 1.28063 
vt 0.773179 1.30034 
vt 0.778337 1.27146 
vt 0.778337 1.30034 
vt 0.773179 1.27146 
vt -0.969642 -0.759613 
vt -0.977218 -0.769261 
vt -0.929246 -0.780616 
vt 0.80004 1.3095 
vt 0.806276 1.28063 
vt 0.806276 1.3095 
vt 0.80004 1.28063 
vt 0.805385 1.29117 
vt 0.81162 1.2623 
vt 0.81162 1.29117 
vt 0.805385 1.2623 
vt 0.831808 1.29117 
vt 0.836967 1.2623 
vt 0.836967 1.29117 
vt 0.831808 1.2623 
vt -1.38666 1.54485 
vt -1.38893 1.54257 
vt -1.38521 1.53357 
vt -1.38666 1.54485 
vt -1.38521 1.53357 
vt -1.38199 1.53357 
vt 0.719577 1.3224 
vt 0.707042 1.31867 
vt 0.719577 1.31867 
vt 0.707042 1.3224 
vt 0.831808 1.31323 
vt 0.819273 1.3095 
vt 0.831808 1.3095 
vt 0.819273 1.31323 
vt 0.735593 1.3224 
vt 0.72044 1.31867 
vt 0.735593 1.31867 
vt 0.72044 1.3224 
vt 0.781247 1.30407 
vt 0.766094 1.30034 
vt 0.781247 1.30034 
vt 0.766094 1.30407 
vt 0.790872 1.30407 
vt 0.778337 1.30034 
vt 0.790872 1.30034 
vt 0.778337 1.30407 
vt 0.760513 1.2949 
vt 0.747978 1.29117 
vt 0.760513 1.29117 
vt 0.747978 1.2949 
vt -1.38893 1.52458 
vt -1.39793 1.52085 
vt -1.39793 1.51763 
vt -1.38893 1.52458 
vt -1.39793 1.51763 
vt -1.38666 1.5223 
vt 0.707042 1.31867 
vt 0.7122 1.28979 
vt 0.7122 1.31867 
vt 0.707042 1.28979 
vt -0.881275 -0.769261 
vt -0.888851 -0.759613 
vt -0.929246 -0.780616 
vt 0.82665 1.3095 
vt 0.831808 1.28063 
vt 0.831808 1.3095 
vt 0.82665 1.28063 
vt 0.72914 1.31867 
vt 0.722905 1.28979 
vt 0.72914 1.28979 
vt 0.722905 1.31867 
vt -1.14504 1.51763 
vt -1.14504 1.52085 
vt -1.15403 1.52458 
vt 0.772547 1.30034 
vt 0.778783 1.27146 
vt 0.778783 1.30034 
vt 0.772547 1.27146 
vt 1.69637 1.91412 
vt 1.69765 1.92139 
vt 1.69637 1.92011 
vt 1.69637 1.92011 
vt 1.69175 1.92139 
vt 1.69303 1.92011 
vt 1.69765 1.92139 
vt 1.69303 1.92011 
vt 1.69175 1.91284 
vt 1.69303 1.91412 
vt 1.69303 1.91412 
vt 1.69765 1.91284 
vt 1.69637 1.91412 
vt 1.69175 1.91284 
vt 1.69637 1.91412 
vt 1.69765 1.91284 
vt 1.69765 1.92139 
vt 1.69303 1.92011 
vt 1.69175 1.92139 
vt 1.69175 1.91284 
vt 0.778337 1.30034 
vt 0.783495 1.27146 
vt 0.783495 1.30034 
vt 0.778337 1.27146 
vt 0.755355 1.29117 
vt 0.760513 1.2623 
vt 0.760513 1.29117 
vt 0.755355 1.2623 
vt -1.14504 1.51763 
vt -1.15403 1.52458 
vt -1.15631 1.5223 
vt -1.15631 1.54485 
vt -1.16098 1.53357 
vt -1.15776 1.53357 
vt 0.753754 1.2949 
vt 0.738601 1.29117 
vt 0.753754 1.29117 
vt 0.738601 1.2949 
vt 0.763087 1.31323 
vt 0.747933 1.3095 
vt 0.763087 1.3095 
vt 0.747933 1.31323 
vt -1.15631 1.54485 
vt -1.15776 1.53357 
vt -1.15403 1.54257 
vt 0.88528 1.3224 
vt 0.872745 1.31867 
vt 0.88528 1.31867 
vt 0.872745 1.3224 
vt 0.737401 1.31323 
vt 0.724866 1.3095 
vt 0.737401 1.3095 
vt 0.724866 1.31323 
vt 0.813985 1.30407 
vt 0.80145 1.30034 
vt 0.813985 1.30034 
vt 0.80145 1.30407 
vt -0.181062 3.36985 
vt -0.497225 3.33741 
vt -0.181062 3.33741 
vt -0.497225 3.36985 
vt 0.808696 1.2949 
vt 0.796161 1.29117 
vt 0.808696 1.29117 
vt 0.796161 1.2949 
vt 1.47871 1.89436 
vt 1.48641 1.88885 
vt 1.48641 1.89436 
vt 1.47871 1.88885 
vt 1.39345 1.89436 
vt 1.40115 1.88885 
vt 1.40115 1.89436 
vt 1.39345 1.88885 
vt 1.59795 1.88885 
vt 1.60565 1.89436 
vt 1.59795 1.89436 
vt 1.60565 1.88885 
vt 1.68321 1.88885 
vt 1.6909 1.89436 
vt 1.68321 1.89436 
vt 1.6909 1.88885 
vt -0.900647 -0.813993 
vt -0.938774 -0.849766 
vt -0.919719 -0.849766 
vt -0.957846 -0.813993 
vt 1.5308 1.88714 
vt 1.53778 1.91079 
vt 1.52529 1.89055 
vt 1.54329 1.90739 
vt 0.745054 1.29117 
vt 0.751289 1.2623 
vt 0.751289 1.29117 
vt 0.745054 1.2623 
vt 0.750398 1.3095 
vt 0.756634 1.28063 
vt 0.756634 1.3095 
vt 0.750398 1.28063 
vt 0.880122 1.31867 
vt 0.88528 1.28979 
vt 0.88528 1.31867 
vt 0.880122 1.28979 
vt 0.836234 1.3224 
vt 0.821081 1.31867 
vt 0.836234 1.31867 
vt 0.821081 1.3224 
vt 0.79058 1.30407 
vt 0.775427 1.30034 
vt 0.79058 1.30034 
vt 0.775427 1.30407 
vt 0.724866 1.3095 
vt 0.730024 1.28063 
vt 0.730024 1.3095 
vt 0.724866 1.28063 
vt 0.808827 1.30034 
vt 0.813985 1.27146 
vt 0.813985 1.30034 
vt 0.808827 1.27146 
vt 0.796161 1.29117 
vt 0.801319 1.2623 
vt 0.801319 1.29117 
vt 0.796161 1.2623 
vt 0.683929 1.3224 
vt 0.671394 1.31867 
vt 0.683929 1.31867 
vt 0.671394 1.3224 
vt 0.867456 1.31323 
vt 0.854921 1.3095 
vt 0.867456 1.3095 
vt 0.854921 1.31323 
vt 0.755224 1.30407 
vt 0.742689 1.30034 
vt 0.755224 1.30034 
vt 0.742689 1.30407 
vt -1.11993 1.48825 
vt -1.11799 1.48525 
vt -1.11799 1.48825 
vt -1.11993 1.48525 
vt 0.796161 1.2949 
vt 0.783626 1.29117 
vt 0.796161 1.29117 
vt 0.783626 1.2949 
vt -1.11993 1.49326 
vt -1.11799 1.48825 
vt -1.11799 1.49326 
vt -1.11993 1.48825 
vt -1.11993 1.49827 
vt -1.11799 1.49827 
vt -1.11993 1.50328 
vt -1.11799 1.50328 
vt -1.11993 1.5083 
vt -1.11799 1.5083 
vt 0.827534 1.31867 
vt 0.833769 1.28979 
vt 0.833769 1.31867 
vt 0.827534 1.28979 
vt 0.777891 1.30034 
vt 0.784127 1.27146 
vt 0.784127 1.30034 
vt 0.777891 1.27146 
vt 1.61239 1.91079 
vt 1.60469 1.89055 
vt 1.61239 1.89055 
vt 1.60469 1.91079 
vt 1.69765 1.91079 
vt 1.68995 1.89055 
vt 1.69765 1.89055 
vt 1.68995 1.91079 
vt 1.49315 1.89055 
vt 1.48545 1.91079 
vt 1.48545 1.89055 
vt 1.49315 1.91079 
vt 1.40789 1.89055 
vt 1.40019 1.91079 
vt 1.40019 1.89055 
vt 1.40789 1.91079 
vt -1.11993 1.57723 
vt -1.11799 1.5083 
vt -1.11799 1.57723 
vt -1.11993 1.5083 
vt 0.808741 1.31323 
vt 0.793587 1.3095 
vt 0.808741 1.3095 
vt 0.793587 1.31323 
vt -1.38521 1.53357 
vt -1.38893 1.52458 
vt -1.38666 1.5223 
vt -1.38521 1.53357 
vt -1.38666 1.5223 
vt -1.38199 1.53357 
vt 0.818073 1.2949 
vt 0.80292 1.29117 
vt 0.818073 1.29117 
vt 0.80292 1.2949 
vt 0.862298 1.3095 
vt 0.867456 1.28063 
vt 0.867456 1.3095 
vt 0.862298 1.28063 
vt 0.671394 1.31867 
vt 0.676552 1.28979 
vt 0.676552 1.31867 
vt 0.671394 1.28979 
vt 0.742689 1.30034 
vt 0.747847 1.27146 
vt 0.747847 1.30034 
vt 0.742689 1.27146 
vt 0.791003 1.29117 
vt 0.796161 1.2623 
vt 0.796161 1.29117 
vt 0.791003 1.2623 
vt -1.10529 1.49616 
vt -1.13206 1.50978 
vt -1.13206 1.49616 
vt -1.10529 1.50978 
vt -1.41091 1.50978 
vt -1.43768 1.49616 
vt -1.41091 1.49616 
vt -1.43768 1.50978 
vt -1.07112 -0.733298 
vt -0.786256 -0.730611 
vt -1.07223 -0.730626 
vt -0.787369 -0.733298 
vt 0.920928 1.3224 
vt 0.908393 1.31867 
vt 0.920928 1.31867 
vt 0.908393 1.3224 
vt 0.80004 1.3095 
vt 0.806276 1.28063 
vt 0.806276 1.3095 
vt 0.80004 1.28063 
vt 1.55332 1.91079 
vt 1.5603 1.88714 
vt 1.56581 1.89055 
vt 1.5478 1.90739 
vt 0.805385 1.29117 
vt 0.81162 1.2623 
vt 0.81162 1.29117 
vt 0.805385 1.2623 
vt 0.701753 1.31323 
vt 0.689218 1.3095 
vt 0.701753 1.3095 
vt 0.689218 1.31323 
vt 0.849632 1.30407 
vt 0.837097 1.30034 
vt 0.849632 1.30034 
vt 0.837097 1.30407 
vt 0.773048 1.2949 
vt 0.760513 1.29117 
vt 0.773048 1.29117 
vt 0.760513 1.2949 
vt 0.735593 1.3224 
vt 0.72044 1.31867 
vt 0.735593 1.31867 
vt 0.72044 1.3224 
vt 0.781247 1.30407 
vt 0.766094 1.30034 
vt 0.781247 1.30034 
vt 0.766094 1.30407 
vt -1.26445 1.5374 
vt -1.27636 1.54381 
vt -1.27636 1.5374 
vt -1.26509 1.54381 
vt -1.15631 1.5223 
vt -1.15776 1.53357 
vt -1.16098 1.53357 
vt -1.15631 1.5223 
vt -1.15403 1.52458 
vt -1.15776 1.53357 
vt 0.91577 1.31867 
vt 0.920928 1.28979 
vt 0.920928 1.31867 
vt 0.91577 1.28979 
vt -1.10529 1.50978 
vt -1.13206 1.52339 
vt -1.13206 1.50978 
vt -1.10529 1.52339 
vt -1.41091 1.52339 
vt -1.43768 1.50978 
vt -1.41091 1.50978 
vt -1.43768 1.52339 
vt 0.689218 1.3095 
vt 0.694376 1.28063 
vt 0.694376 1.3095 
vt 0.689218 1.28063 
vt 0.844474 1.30034 
vt 0.849632 1.27146 
vt 0.849632 1.30034 
vt 0.844474 1.27146 
vt 0.760513 1.29117 
vt 0.765671 1.2623 
vt 0.765671 1.29117 
vt 0.760513 1.2623 
vt 0.772547 1.30034 
vt 0.778783 1.27146 
vt 0.778783 1.30034 
vt 0.772547 1.27146 
vt 0.722905 1.31867 
vt 0.72914 1.28979 
vt 0.72914 1.31867 
vt 0.722905 1.28979 
vt 0.903104 1.31323 
vt 0.890569 1.3095 
vt 0.903104 1.3095 
vt 0.890569 1.31323 
vt 0.753754 1.2949 
vt 0.738601 1.29117 
vt 0.753754 1.29117 
vt 0.738601 1.2949 
vt 0.648281 1.3224 
vt 0.635746 1.31867 
vt 0.648281 1.31867 
vt 0.635746 1.3224 
vt 0.634916 1.26093 
vt 0.675053 1.28432 
vt 0.634916 1.28432 
vt 0.675053 1.26093 
vt 0.763087 1.31323 
vt 0.747933 1.3095 
vt 0.763087 1.3095 
vt 0.747933 1.31323 
vt 0.719577 1.30407 
vt 0.707042 1.30034 
vt 0.719577 1.30034 
vt 0.707042 1.30407 
vt -1.39793 1.5374 
vt -1.38666 1.54381 
vt -1.39793 1.54381 
vt -1.38602 1.5374 
vt 0.831808 1.2949 
vt 0.819273 1.29117 
vt 0.831808 1.29117 
vt 0.819273 1.2949 
vt -1.07403 -0.957794 
vt -0.783157 -0.961482 
vt -0.78446 -0.957794 
vt -1.07534 -0.961482 
vt 0.881621 1.26093 
vt 0.921758 1.28432 
vt 0.881621 1.28432 
vt 0.921758 1.26093 
vt 0.745054 1.29117 
vt 0.751289 1.2623 
vt 0.751289 1.29117 
vt 0.745054 1.2623 
vt 0.897946 1.3095 
vt 0.903104 1.28063 
vt 0.903104 1.3095 
vt 0.897946 1.28063 
vt 0.750398 1.3095 
vt 0.756634 1.28063 
vt 0.756634 1.3095 
vt 0.750398 1.28063 
vt -0.884863 -0.814621 
vt -0.900106 -0.828918 
vt -0.887599 -0.817188 
vt 0.635746 1.31867 
vt 0.640904 1.28979 
vt 0.640904 1.31867 
vt 0.635746 1.28979 
vt 0.707042 1.30034 
vt 0.7122 1.27146 
vt 0.7122 1.30034 
vt 0.707042 1.27146 
vt 0.82665 1.29117 
vt 0.831808 1.2623 
vt 0.831808 1.29117 
vt 0.82665 1.2623 
vt 0.836234 1.3224 
vt 0.821081 1.31867 
vt 0.836234 1.31867 
vt 0.821081 1.3224 
vt -1.14504 1.5374 
vt -1.15631 1.54381 
vt -1.15695 1.5374 
vt -1.14504 1.54381 
vt -1.11912 1.54671 
vt -1.42385 1.54293 
vt -1.11912 1.54293 
vt -1.42385 1.54671 
vt 0.79058 1.30407 
vt 0.775427 1.30034 
vt 0.79058 1.30034 
vt 0.775427 1.30407 
vt -1.26661 1.54381 
vt -1.27852 1.5374 
vt -1.26661 1.5374 
vt -1.27788 1.54381 
vt 0.666105 1.31323 
vt 0.65357 1.3095 
vt 0.666105 1.3095 
vt 0.65357 1.31323 
vt 0.88528 1.30407 
vt 0.872745 1.30034 
vt 0.88528 1.30034 
vt 0.872745 1.30407 
vt 0.737401 1.2949 
vt 0.724866 1.29117 
vt 0.737401 1.29117 
vt 0.724866 1.2949 
vt -1.08647 -0.820253 
vt -1.0895 -0.829833 
vt -1.08647 -0.829278 
vt -1.08647 -0.820253 
vt -1.0895 -0.817775 
vt -1.0895 -0.829833 
vt 0.827534 1.31867 
vt 0.833769 1.28979 
vt 0.833769 1.31867 
vt 0.827534 1.28979 
vt -1.08251 -0.757326 
vt -1.08517 -0.743588 
vt -1.08514 -0.759951 
vt -1.08251 -0.757326 
vt -1.08251 -0.744687 
vt -1.08517 -0.743588 
vt 0.777891 1.30034 
vt 0.784127 1.27146 
vt 0.784127 1.30034 
vt 0.777891 1.27146 
vt 0.808741 1.31323 
vt 0.793587 1.3095 
vt 0.808741 1.3095 
vt 0.793587 1.31323 
vt 0.65357 1.3095 
vt 0.658728 1.28063 
vt 0.658728 1.3095 
vt 0.65357 1.28063 
vt 0.881621 1.28432 
vt 0.675053 1.26093 
vt 0.881621 1.26093 
vt 0.675053 1.28432 
vt 0.818073 1.2949 
vt 0.80292 1.29117 
vt 0.818073 1.29117 
vt 0.80292 1.2949 
vt -1.0276 -0.852963 
vt -0.912042 -0.811513 
vt -1.02953 -0.850404 
vt -0.911487 -0.814526 
vt 0.880122 1.30034 
vt 0.88528 1.27146 
vt 0.88528 1.30034 
vt 0.880122 1.27146 
vt 0.724866 1.29117 
vt 0.730024 1.2623 
vt 0.730024 1.29117 
vt 0.724866 1.2623 
vt 1.39543 1.92954 
vt 1.39345 1.92253 
vt 1.39543 1.92408 
vt 1.39934 1.92253 
vt 1.39345 1.93108 
vt 1.39737 1.92408 
vt 1.39737 1.92954 
vt 1.39934 1.93108 
vt 0.683929 1.30407 
vt 0.671394 1.30034 
vt 0.683929 1.30034 
vt 0.671394 1.30407 
vt 0.867456 1.2949 
vt 0.854921 1.29117 
vt 0.867456 1.29117 
vt 0.854921 1.2949 
vt 0.80004 1.3095 
vt 0.806276 1.28063 
vt 0.806276 1.3095 
vt 0.80004 1.28063 
vt 0.81162 1.29117 
vt 0.805385 1.2623 
vt 0.81162 1.2623 
vt 0.805385 1.29117 
vt 0.781247 1.30407 
vt 0.766094 1.30034 
vt 0.781247 1.30034 
vt 0.766094 1.30407 
vt 0.735593 1.3224 
vt 0.72044 1.31867 
vt 0.735593 1.31867 
vt 0.72044 1.3224 
vt 1.39473 1.9129 
vt 1.39806 1.90998 
vt 1.39806 1.9129 
vt 1.39473 1.90998 
vt 1.40877 1.91118 
vt 1.40877 1.90826 
vt 1.41161 1.91118 
vt 1.41161 1.90826 
vt 1.40877 1.90826 
vt 1.41161 1.89413 
vt 1.41161 1.90826 
vt 1.40877 1.89413 
vt 0.862298 1.29117 
vt 0.867456 1.2623 
vt 0.867456 1.29117 
vt 0.862298 1.2623 
vt 0.671394 1.30034 
vt 0.676552 1.27146 
vt 0.676552 1.30034 
vt 0.671394 1.27146 
vt -0.772025 -0.820253 
vt -0.768992 -0.829833 
vt -0.768992 -0.817775 
vt -0.772025 -0.820253 
vt -0.772025 -0.829278 
vt -0.768992 -0.829833 
vt -0.773283 -0.74357 
vt -0.77598 -0.744687 
vt -0.77598 -0.757326 
vt -0.773283 -0.74357 
vt -0.77598 -0.757326 
vt -0.773278 -0.760028 
vt -0.787369 -0.817301 
vt -1.07112 -0.84694 
vt -0.787369 -0.84694 
vt -1.07112 -0.817285 
vt 1.39473 1.92253 
vt 1.39806 1.9129 
vt 1.39806 1.92253 
vt 1.39473 1.9129 
vt 0.772547 1.30034 
vt 0.778783 1.27146 
vt 0.778783 1.30034 
vt 0.772547 1.27146 
vt -1.07223 -0.730626 
vt -1.08251 -0.744687 
vt -1.07112 -0.733298 
vt 0.722905 1.31867 
vt 0.72914 1.28979 
vt 0.72914 1.31867 
vt 0.722905 1.28979 
vt 0.920928 1.30407 
vt 0.908393 1.30034 
vt 0.920928 1.30034 
vt 0.908393 1.30407 
vt -1.07223 -0.730626 
vt -1.08517 -0.743588 
vt -1.08251 -0.744687 
vt -0.946451 -0.811513 
vt -0.83089 -0.852963 
vt -0.828966 -0.850404 
vt -0.947006 -0.814526 
vt 0.701753 1.2949 
vt 0.689218 1.29117 
vt 0.701753 1.29117 
vt 0.689218 1.2949 
vt 0.763087 1.31323 
vt 0.747933 1.3095 
vt 0.763087 1.3095 
vt 0.747933 1.31323 
vt -1.27636 1.5374 
vt -1.28764 1.54381 
vt -1.28827 1.5374 
vt -1.27636 1.54381 
vt 0.91577 1.30034 
vt 0.920928 1.27146 
vt 0.920928 1.30034 
vt 0.91577 1.27146 
vt 0.750398 1.3095 
vt 0.756634 1.28063 
vt 0.756634 1.3095 
vt 0.750398 1.28063 
vt 0.689218 1.29117 
vt 0.694376 1.2623 
vt 0.694376 1.29117 
vt 0.689218 1.2623 
vt -0.773283 -0.74357 
vt -0.787369 -0.733298 
vt -0.77598 -0.744687 
vt -0.786256 -0.730611 
vt 0.836234 1.3224 
vt 0.821081 1.31867 
vt 0.836234 1.31867 
vt 0.821081 1.3224 
vt -1.08647 -0.945394 
vt -1.0895 -0.947317 
vt -1.07534 -0.961482 
vt 0.79058 1.30407 
vt 0.775427 1.30034 
vt 0.79058 1.30034 
vt 0.775427 1.30407 
vt 0.648281 1.30407 
vt 0.635746 1.30034 
vt 0.648281 1.30034 
vt 0.635746 1.30407 
vt 0.903104 1.2949 
vt 0.890569 1.29117 
vt 0.903104 1.29117 
vt 0.890569 1.2949 
vt -1.07403 -0.857068 
vt -0.78446 -0.868731 
vt -0.78446 -0.857068 
vt -1.07403 -0.868731 
vt -1.08647 -0.945394 
vt -1.07534 -0.961482 
vt -1.07403 -0.957794 
vt 0.827534 1.31867 
vt 0.833769 1.28979 
vt 0.833769 1.31867 
vt 0.827534 1.28979 
vt 0.777891 1.30034 
vt 0.784127 1.27146 
vt 0.784127 1.30034 
vt 0.777891 1.27146 
vt 0.897946 1.29117 
vt 0.903104 1.2623 
vt 0.903104 1.29117 
vt 0.897946 1.2623 
vt 0.635746 1.30034 
vt 0.640904 1.27146 
vt 0.640904 1.30034 
vt 0.635746 1.27146 
vt -1.25469 1.5374 
vt -1.26661 1.54381 
vt -1.26661 1.5374 
vt -1.25533 1.54381 
vt 1.55351 1.91118 
vt 1.5595 1.90826 
vt 1.5595 1.91118 
vt 1.55351 1.90826 
vt 1.55983 1.89413 
vt 1.56581 1.89413 
vt -1.25116 1.49616 
vt -1.23754 1.49052 
vt -1.22392 1.49616 
vt -1.2568 1.50978 
vt -1.25116 1.52339 
vt -1.21828 1.50978 
vt -1.22392 1.52339 
vt -1.23754 1.52904 
vt 0.666105 1.2949 
vt 0.65357 1.29117 
vt 0.666105 1.29117 
vt 0.65357 1.2949 
vt -0.772025 -0.945394 
vt -0.783157 -0.961482 
vt -0.768992 -0.947317 
vt 1.5308 1.88714 
vt 1.53778 1.91079 
vt 1.52529 1.89055 
vt 1.54329 1.90739 
vt -0.772025 -0.945394 
vt -0.78446 -0.957794 
vt -0.783157 -0.961482 
vt 0.735593 1.3224 
vt 0.72044 1.31867 
vt 0.735593 1.31867 
vt 0.72044 1.3224 
vt 0.65357 1.29117 
vt 0.658728 1.2623 
vt 0.658728 1.29117 
vt 0.65357 1.2623 
vt 1.55783 1.93108 
vt 1.54928 1.92253 
vt 1.55783 1.92253 
vt 1.54928 1.93108 
vt 1.55654 1.92253 
vt 1.55351 1.9129 
vt 1.5595 1.9129 
vt 1.55056 1.92253 
vt 0.722905 1.31867 
vt 0.72914 1.28979 
vt 0.72914 1.31867 
vt 0.722905 1.28979 
vt -1.23271 1.56846 
vt -1.30164 1.57521 
vt -1.23271 1.563 
vt -1.30114 1.58293 
vt -1.30665 1.57554 
vt -1.30602 1.58532 
vt -1.31167 1.57586 
vt -1.31098 1.58639 
vt -1.31604 1.58597 
vt -1.31668 1.57619 
vt -1.32119 1.58424 
vt -1.32169 1.57651 
vt -1.32435 1.58187 
vt -1.32469 1.57669 
vt -0.826896 -0.817262 
vt -0.839536 -0.84694 
vt -0.826896 -0.84694 
vt -0.839536 -0.817231 
vt -1.0276 -0.852963 
vt -0.908014 -0.833383 
vt -0.911487 -0.814526 
vt -1.02435 -0.865318 
vt -0.902463 -0.814525 
vt -0.898989 -0.833383 
vt -1.29181 1.52339 
vt -1.30543 1.52904 
vt -1.31905 1.52339 
vt -1.28617 1.50978 
vt -1.29181 1.49616 
vt -1.32469 1.50978 
vt -1.31905 1.49616 
vt -1.30543 1.49052 
vt 1.55332 1.91079 
vt 1.5603 1.88714 
vt 1.56581 1.89055 
vt 1.5478 1.90739 
vt -1.01896 -0.817318 
vt -1.0316 -0.84694 
vt -1.01896 -0.84694 
vt -1.0316 -0.817312 
vt -0.83089 -0.852963 
vt -0.950479 -0.833383 
vt -0.834144 -0.865318 
vt -0.947006 -0.814526 
vt -0.95603 -0.814525 
vt -0.959504 -0.833383 
vt -1.07112 -0.817285 
vt -1.08251 -0.84694 
vt -1.07112 -0.84694 
vt -1.08251 -0.817262 
vt -1.04 -0.857068 
vt -1.03678 -0.868731 
vt -1.02435 -0.865318 
vt -1.04 -0.857068 
vt -1.02435 -0.865318 
vt -1.0276 -0.852963 
vt -0.77598 -0.817312 
vt -0.787369 -0.84694 
vt -0.77598 -0.84694 
vt -0.787369 -0.817301 
vt -0.81849 -0.857068 
vt -0.834144 -0.865318 
vt -0.82171 -0.868731 
vt -0.81849 -0.857068 
vt -0.83089 -0.852963 
vt -0.834144 -0.865318 

usemtl Typewriterfix1Mtl

f 49/49/49 50/50/50 51/51/51 
f 49/49/49 52/52/52 50/50/50 
f 53/53/53 54/54/54 55/55/55 
f 53/53/53 56/56/56 54/54/54 
f 57/57/57 58/58/58 59/59/59 
f 57/57/57 60/60/60 58/58/58 
f 61/61/61 62/62/62 63/63/63 
f 61/61/61 64/64/64 62/62/62 
f 65/65/65 66/66/66 67/67/67 
f 65/65/65 68/68/68 66/66/66 
f 69/69/69 70/70/70 71/71/71 
f 69/69/69 72/72/72 70/70/70 
f 73/73/73 74/74/74 75/75/75 
f 73/73/73 76/76/76 74/74/74 
f 77/77/77 78/78/78 79/79/79 
f 77/77/77 80/80/80 78/78/78 
f 81/81/81 82/82/82 83/83/83 
f 81/81/81 84/84/84 82/82/82 
f 82/82/82 85/85/85 83/83/83 
f 86/86/86 81/81/81 83/83/83 
f 87/87/87 86/86/86 83/83/83 
f 83/83/83 88/88/88 87/87/87 
f 89/89/89 90/90/90 91/91/91 
f 89/89/89 92/92/92 90/90/90 
f 93/93/93 92/92/92 89/89/89 
f 93/93/93 94/94/94 92/92/92 
f 95/95/95 96/96/96 97/97/97 
f 95/95/95 98/98/98 96/96/96 
f 99/99/99 100/100/100 101/101/101 
f 102/102/102 103/103/103 104/104/104 
f 105/105/105 106/106/106 107/107/107 
f 105/105/105 108/108/108 106/106/106 
f 109/109/109 110/110/110 111/111/111 
f 109/109/109 112/112/112 110/110/110 
f 113/113/113 109/109/109 111/111/111 
f 113/113/113 111/111/111 114/114/114 
f 115/115/115 116/116/116 117/117/117 
f 115/115/115 118/118/118 116/116/116 
f 119/119/119 120/120/120 121/121/121 
f 122/122/122 123/123/123 124/124/124 
f 122/122/122 125/125/125 123/123/123 
f 126/126/126 127/127/127 128/128/128 
f 129/129/129 130/130/130 131/131/131 
f 129/129/129 132/132/132 130/130/130 
f 133/133/133 134/134/134 135/135/135 
f 133/133/133 136/136/136 134/134/134 
f 137/137/137 138/138/138 139/139/139 
f 137/137/137 140/140/140 138/138/138 
f 141/141/141 142/142/142 143/143/143 
f 141/141/141 144/144/144 142/142/142 
f 145/145/145 146/146/146 147/147/147 
f 145/145/145 148/148/148 146/146/146 
f 149/149/149 150/150/150 151/151/151 
f 150/150/150 152/152/152 151/151/151 
f 149/149/149 153/153/153 150/150/150 
f 151/151/151 154/154/154 149/149/149 
f 154/154/154 155/155/155 149/149/149 
f 151/151/151 156/156/156 154/154/154 
f 157/157/157 158/158/158 159/159/159 
f 157/157/157 160/160/160 158/158/158 
f 158/158/158 161/161/161 159/159/159 
f 158/158/158 162/162/162 161/161/161 
f 163/163/163 164/164/164 165/165/165 
f 163/163/163 166/166/166 164/164/164 
f 166/166/166 167/167/167 164/164/164 
f 166/166/166 168/168/168 167/167/167 
f 169/169/169 170/170/170 171/171/171 
f 169/169/169 172/172/172 170/170/170 
f 173/173/173 174/174/174 175/175/175 
f 173/173/173 176/176/176 174/174/174 
f 177/177/177 178/178/178 179/179/179 
f 177/177/177 180/180/180 178/178/178 
f 181/181/181 182/182/182 183/183/183 
f 181/181/181 184/184/184 182/182/182 
f 185/185/185 186/186/186 187/187/187 
f 185/185/185 188/188/188 186/186/186 
f 189/189/189 190/190/190 191/191/191 
f 189/189/189 192/192/192 190/190/190 
f 193/193/193 194/194/194 195/195/195 
f 193/193/193 196/196/196 194/194/194 
f 197/197/197 198/198/198 199/199/199 
f 197/197/197 200/200/200 198/198/198 
f 201/201/201 197/197/197 199/199/199 
f 201/201/201 199/199/199 202/202/202 
f 203/203/203 204/204/204 205/205/205 
f 203/203/203 206/206/206 204/204/204 
f 207/207/207 208/208/208 209/209/209 
f 207/207/207 210/210/210 208/208/208 
f 211/211/211 212/212/212 213/213/213 
f 211/211/211 214/214/214 212/212/212 
f 215/215/215 216/216/216 217/217/217 
f 215/215/215 218/218/218 216/216/216 
f 219/219/219 218/218/218 215/215/215 
f 219/219/219 220/220/220 218/218/218 
f 221/221/221 222/222/222 223/223/223 
f 221/221/221 224/224/224 222/222/222 
f 225/225/225 226/226/226 227/227/227 
f 225/225/225 228/228/228 226/226/226 
f 229/229/229 230/230/230 231/231/231 
f 232/232/232 233/233/233 234/234/234 
f 235/235/235 236/236/236 237/237/237 
f 235/235/235 238/238/238 236/236/236 
f 239/239/239 240/240/240 241/241/241 
f 239/239/239 242/242/242 240/240/240 
f 242/242/242 243/243/243 240/240/240 
f 242/242/242 244/244/244 243/243/243 
f 245/245/245 246/246/246 247/247/247 
f 245/245/245 248/248/248 246/246/246 
f 247/247/247 246/246/246 249/249/249 
f 247/247/247 249/249/249 250/250/250 
f 250/250/250 249/249/249 251/251/251 
f 250/250/250 251/251/251 252/252/252 
f 251/251/251 253/253/253 252/252/252 
f 251/251/251 254/254/254 253/253/253 
f 254/254/254 255/255/255 253/253/253 
f 254/254/254 256/256/256 255/255/255 
f 256/256/256 257/257/257 255/255/255 
f 256/256/256 258/258/258 257/257/257 
f 259/259/259 260/260/260 261/261/261 
f 259/259/259 262/262/262 260/260/260 
f 263/263/263 264/264/264 265/265/265 
f 263/263/263 266/266/266 264/264/264 
f 267/267/267 268/268/268 269/269/269 
f 267/267/267 270/270/270 268/268/268 
f 271/271/271 272/272/272 273/273/273 
f 271/271/271 274/274/274 272/272/272 
f 275/275/275 276/276/276 277/277/277 
f 275/275/275 278/278/278 276/276/276 
f 279/279/279 280/280/280 281/281/281 
f 279/279/279 282/282/282 280/280/280 
f 283/283/283 284/284/284 285/285/285 
f 283/283/283 286/286/286 284/284/284 
f 287/287/287 288/288/288 289/289/289 
f 287/287/287 290/290/290 288/288/288 
f 291/291/291 292/292/292 293/293/293 
f 291/291/291 294/294/294 292/292/292 
f 295/295/295 296/296/296 297/297/297 
f 298/298/298 299/299/299 300/300/300 
f 298/298/298 301/301/301 299/299/299 
f 302/302/302 303/303/303 304/304/304 
f 302/302/302 305/305/305 303/303/303 
f 306/306/306 307/307/307 308/308/308 
f 309/309/309 310/310/310 311/311/311 
f 309/309/309 312/312/312 310/310/310 
f 313/313/313 314/314/314 315/315/315 
f 313/313/313 316/316/316 314/314/314 
f 313/313/313 317/317/317 316/316/316 
f 313/313/313 318/318/318 317/317/317 
f 319/319/319 320/320/320 321/321/321 
f 319/319/319 322/322/322 320/320/320 
f 323/323/323 324/324/324 325/325/325 
f 323/323/323 326/326/326 324/324/324 
f 327/327/327 328/328/328 329/329/329 
f 327/327/327 330/330/330 328/328/328 
f 331/331/331 332/332/332 333/333/333 
f 331/331/331 334/334/334 332/332/332 
f 335/335/335 336/336/336 337/337/337 
f 335/335/335 338/338/338 336/336/336 
f 339/339/339 340/340/340 341/341/341 
f 339/339/339 342/342/342 340/340/340 
f 343/343/343 344/344/344 345/345/345 
f 343/343/343 346/346/346 344/344/344 
f 347/347/347 348/348/348 349/349/349 
f 347/347/347 350/350/350 348/348/348 
f 351/351/351 352/352/352 353/353/353 
f 351/351/351 354/354/354 352/352/352 
f 355/355/355 356/356/356 357/357/357 
f 355/355/355 358/358/358 356/356/356 
f 359/359/359 360/360/360 361/361/361 
f 359/359/359 362/362/362 360/360/360 
f 363/363/363 364/364/364 365/365/365 
f 366/366/366 367/367/367 368/368/368 
f 369/369/369 370/370/370 371/371/371 
f 369/369/369 372/372/372 370/370/370 
f 373/373/373 374/374/374 375/375/375 
f 373/373/373 376/376/376 374/374/374 
f 377/377/377 378/378/378 379/379/379 
f 377/377/377 380/380/380 378/378/378 
f 381/381/381 382/382/382 383/383/383 
f 381/381/381 384/384/384 382/382/382 
f 385/385/385 386/386/386 387/387/387 
f 385/385/385 388/388/388 386/386/386 
f 389/389/389 390/390/390 391/391/391 
f 389/389/389 392/392/392 390/390/390 
f 393/393/393 394/394/394 395/395/395 
f 393/393/393 396/396/396 394/394/394 
f 397/397/397 398/398/398 399/399/399 
f 397/397/397 400/400/400 398/398/398 
f 401/401/401 402/402/402 403/403/403 
f 401/401/401 404/404/404 402/402/402 
f 405/405/405 404/404/404 401/401/401 
f 405/405/405 406/406/406 404/404/404 
f 407/407/407 408/408/408 409/409/409 
f 407/407/407 410/410/410 408/408/408 
f 411/411/411 412/412/412 413/413/413 
f 411/411/411 414/414/414 412/412/412 
f 415/415/415 416/416/416 417/417/417 
f 415/415/415 418/418/418 416/416/416 
f 419/419/419 420/420/420 421/421/421 
f 419/419/419 422/422/422 420/420/420 
f 423/423/423 424/424/424 425/425/425 
f 426/426/426 427/427/427 428/428/428 
f 426/426/426 429/429/429 427/427/427 
f 430/430/430 431/431/431 432/432/432 
f 433/433/433 434/434/434 435/435/435 
f 433/433/433 436/436/436 434/434/434 
f 437/437/437 438/438/438 439/439/439 
f 437/437/437 440/440/440 438/438/438 
f 441/441/441 442/442/442 443/443/443 
f 441/441/441 444/444/444 442/442/442 
f 445/445/445 446/446/446 447/447/447 
f 445/445/445 448/448/448 446/446/446 
f 449/449/449 450/450/450 451/451/451 
f 449/449/449 452/452/452 450/450/450 
f 453/453/453 454/454/454 455/455/455 
f 453/453/453 456/456/456 454/454/454 
f 456/456/456 453/453/453 457/457/457 
f 456/456/456 457/457/457 458/458/458 
f 457/457/457 459/459/459 458/458/458 
f 457/457/457 460/460/460 459/459/459 
f 461/461/461 462/462/462 463/463/463 
f 461/461/461 464/464/464 462/462/462 
f 465/465/465 466/466/466 467/467/467 
f 465/465/465 468/468/468 466/466/466 
f 469/469/469 470/470/470 471/471/471 
f 469/469/469 472/472/472 470/470/470 
f 473/473/473 474/474/474 475/475/475 
f 473/473/473 476/476/476 474/474/474 
f 477/477/477 478/478/478 479/479/479 
f 477/477/477 480/480/480 478/478/478 
f 481/481/481 482/482/482 483/483/483 
f 481/481/481 484/484/484 482/482/482 
f 485/485/485 486/486/486 487/487/487 
f 485/485/485 488/488/488 486/486/486 
f 489/489/489 490/490/490 491/491/491 
f 489/489/489 492/492/492 490/490/490 
f 493/493/493 494/494/494 495/495/495 
f 493/493/493 496/496/496 494/494/494 
f 497/497/497 498/498/498 499/499/499 
f 497/497/497 500/500/500 498/498/498 
f 501/501/501 502/502/502 503/503/503 
f 501/501/501 504/504/504 502/502/502 
f 505/505/505 506/506/506 507/507/507 
f 505/505/505 508/508/508 506/506/506 
f 509/509/509 510/510/510 511/511/511 
f 512/512/512 513/513/513 514/514/514 
f 515/515/515 516/516/516 517/517/517 
f 515/515/515 518/518/518 516/516/516 
f 519/519/519 520/520/520 521/521/521 
f 519/519/519 522/522/522 520/520/520 
f 523/523/523 524/524/524 525/525/525 
f 523/523/523 526/526/526 524/524/524 
f 527/527/527 528/528/528 529/529/529 
f 527/527/527 530/530/530 528/528/528 
f 531/531/531 532/532/532 533/533/533 
f 534/534/534 535/535/535 536/536/536 
f 537/537/537 538/538/538 539/539/539 
f 540/540/540 541/541/541 542/542/542 
f 543/543/543 544/544/544 545/545/545 
f 543/543/543 546/546/546 544/544/544 
f 547/547/547 548/548/548 549/549/549 
f 550/550/550 551/551/551 552/552/552 
f 553/553/553 554/554/554 555/555/555 
f 553/553/553 556/556/556 554/554/554 
f 557/557/557 558/558/558 559/559/559 
f 557/557/557 560/560/560 558/558/558 
f 561/561/561 562/562/562 563/563/563 
f 561/561/561 564/564/564 562/562/562 
f 565/565/565 566/566/566 567/567/567 
f 568/568/568 569/569/569 570/570/570 
f 571/571/571 572/572/572 573/573/573 
f 574/574/574 575/575/575 576/576/576 
f 577/577/577 578/578/578 579/579/579 
f 580/580/580 581/581/581 582/582/582 
f 583/583/583 584/584/584 585/585/585 
f 586/586/586 587/587/587 588/588/588 
f 586/586/586 589/589/589 587/587/587 
f 590/590/590 591/591/591 592/592/592 
f 590/590/590 593/593/593 591/591/591 
f 594/594/594 595/595/595 596/596/596 
f 594/594/594 597/597/597 595/595/595 
f 598/598/598 599/599/599 600/600/600 
f 598/598/598 601/601/601 599/599/599 
f 602/602/602 603/603/603 604/604/604 
f 602/602/602 605/605/605 603/603/603 
f 606/606/606 607/607/607 608/608/608 
f 606/606/606 609/609/609 607/607/607 
f 610/610/610 611/611/611 612/612/612 
f 610/610/610 613/613/613 611/611/611 
f 614/614/614 615/615/615 616/616/616 
f 614/614/614 617/617/617 615/615/615 
f 618/618/618 619/619/619 620/620/620 
f 618/618/618 621/621/621 619/619/619 
f 622/622/622 623/623/623 624/624/624 
f 622/622/622 625/625/625 623/623/623 
f 626/626/626 627/627/627 628/628/628 
f 626/626/626 629/629/629 627/627/627 
f 630/630/630 631/631/631 632/632/632 
f 630/630/630 633/633/633 631/631/631 
f 634/634/634 635/635/635 636/636/636 
f 634/634/634 637/637/637 635/635/635 
f 638/638/638 639/639/639 640/640/640 
f 641/641/641 642/642/642 643/643/643 
f 641/641/641 644/644/644 642/642/642 
f 645/645/645 646/646/646 647/647/647 
f 648/648/648 649/649/649 650/650/650 
f 651/651/651 652/652/652 653/653/653 
f 651/651/651 654/654/654 652/652/652 
f 655/655/655 656/656/656 657/657/657 
f 655/655/655 658/658/658 656/656/656 
f 659/659/659 660/660/660 661/661/661 
f 662/662/662 663/663/663 664/664/664 
f 665/665/665 666/666/666 667/667/667 
f 665/665/665 668/668/668 666/666/666 
f 669/669/669 670/670/670 671/671/671 
f 672/672/672 673/673/673 674/674/674 
f 675/675/675 676/676/676 677/677/677 
f 678/678/678 679/679/679 680/680/680 
f 681/681/681 682/682/682 683/683/683 
f 683/683/683 684/684/684 681/681/681 
f 684/684/684 685/685/685 681/681/681 
f 686/686/686 687/687/687 688/688/688 
f 687/687/687 689/689/689 688/688/688 
f 690/690/690 686/686/686 688/688/688 
f 691/691/691 690/690/690 688/688/688 
f 688/688/688 692/692/692 691/691/691 
f 693/693/693 694/694/694 695/695/695 
f 696/696/696 697/697/697 698/698/698 
f 696/696/696 699/699/699 697/697/697 
f 700/700/700 701/701/701 702/702/702 
f 700/700/700 703/703/703 701/701/701 
f 704/704/704 705/705/705 706/706/706 
f 704/704/704 707/707/707 705/705/705 
f 708/708/708 709/709/709 710/710/710 
f 708/708/708 711/711/711 709/709/709 
f 712/712/712 713/713/713 714/714/714 
f 712/712/712 715/715/715 713/713/713 
f 716/716/716 717/717/717 718/718/718 
f 716/716/716 719/719/719 717/717/717 
f 720/720/720 721/721/721 722/722/722 
f 720/720/720 723/723/723 721/721/721 
f 724/724/724 725/725/725 726/726/726 
f 724/724/724 727/727/727 725/725/725 
f 728/728/728 729/729/729 730/730/730 
f 731/731/731 732/732/732 733/733/733 
f 731/731/731 734/734/734 732/732/732 
f 735/735/735 736/736/736 737/737/737 
f 735/735/735 738/738/738 736/736/736 
f 739/739/739 740/740/740 741/741/741 
f 742/742/742 743/743/743 744/744/744 
f 742/742/742 745/745/745 743/743/743 
f 746/746/746 747/747/747 748/748/748 
f 746/746/746 749/749/749 747/747/747 
f 750/750/750 751/751/751 752/752/752 
f 750/750/750 753/753/753 751/751/751 
f 754/754/754 755/755/755 756/756/756 
f 754/754/754 757/757/757 755/755/755 
f 758/758/758 759/759/759 760/760/760 
f 761/761/761 762/762/762 763/763/763 
f 764/764/764 765/765/765 766/766/766 
f 764/764/764 767/767/767 765/765/765 
f 768/768/768 769/769/769 770/770/770 
f 768/768/768 771/771/771 769/769/769 
f 772/772/772 773/773/773 774/774/774 
f 775/775/775 776/776/776 777/777/777 
f 778/778/778 779/779/779 780/780/780 
f 778/778/778 781/781/781 779/779/779 
f 782/782/782 783/783/783 784/784/784 
f 785/785/785 786/786/786 787/787/787 
f 785/785/785 788/788/788 786/786/786 
f 789/789/789 790/790/790 791/791/791 
f 792/792/792 793/793/793 794/794/794 
f 795/795/795 796/796/796 797/797/797 
f 795/795/795 798/798/798 796/796/796 
f 799/799/799 800/800/800 801/801/801 
f 799/799/799 802/802/802 800/800/800 
f 803/803/803 804/804/804 805/805/805 
f 806/806/806 807/807/807 808/808/808 
f 806/806/806 809/809/809 807/807/807 
f 810/810/810 811/811/811 812/812/812 
f 810/810/810 813/813/813 811/811/811 
f 814/814/814 815/815/815 816/816/816 
f 814/814/814 817/817/817 815/815/815 
f 818/818/818 819/819/819 820/820/820 
f 818/818/818 821/821/821 819/819/819 
f 822/822/822 823/823/823 824/824/824 
f 822/822/822 825/825/825 823/823/823 
f 826/826/826 827/827/827 828/828/828 
f 829/829/829 830/830/830 831/831/831 
f 832/832/832 833/833/833 834/834/834 
f 835/835/835 836/836/836 837/837/837 
f 835/835/835 838/838/838 836/836/836 
f 839/839/839 840/840/840 841/841/841 
f 839/839/839 842/842/842 840/840/840 
f 843/843/843 844/844/844 845/845/845 
f 843/843/843 846/846/846 844/844/844 
f 847/847/847 848/848/848 849/849/849 
f 847/847/847 850/850/850 848/848/848 
f 851/851/851 852/852/852 853/853/853 
f 851/851/851 854/854/854 852/852/852 
f 855/855/855 856/856/856 857/857/857 
f 855/855/855 858/858/858 856/856/856 
f 859/859/859 860/860/860 861/861/861 
f 859/859/859 862/862/862 860/860/860 
f 863/863/863 864/864/864 865/865/865 
f 866/866/866 867/867/867 868/868/868 
f 866/866/866 869/869/869 867/867/867 
f 870/870/870 871/871/871 872/872/872 
f 870/870/870 873/873/873 871/871/871 
f 874/874/874 875/875/875 876/876/876 
f 874/874/874 877/877/877 875/875/875 
f 878/878/878 879/879/879 880/880/880 
f 881/881/881 882/882/882 883/883/883 
f 881/881/881 884/884/884 882/882/882 
f 885/885/885 886/886/886 887/887/887 
f 885/885/885 888/888/888 886/886/886 
f 889/889/889 890/890/890 891/891/891 
f 889/889/889 892/892/892 890/890/890 
f 893/893/893 894/894/894 895/895/895 
f 893/893/893 896/896/896 894/894/894 
f 897/897/897 898/898/898 899/899/899 
f 897/897/897 900/900/900 898/898/898 
f 901/901/901 902/902/902 903/903/903 
f 901/901/901 904/904/904 902/902/902 
f 905/905/905 906/906/906 907/907/907 
f 905/905/905 908/908/908 906/906/906 
f 909/909/909 910/910/910 911/911/911 
f 909/909/909 912/912/912 910/910/910 
f 913/913/913 914/914/914 915/915/915 
f 913/913/913 916/916/916 914/914/914 
f 917/917/917 918/918/918 919/919/919 
f 917/917/917 920/920/920 918/918/918 
f 921/921/921 922/922/922 923/923/923 
f 921/921/921 924/924/924 922/922/922 
f 925/925/925 926/926/926 927/927/927 
f 925/925/925 928/928/928 926/926/926 
f 929/929/929 930/930/930 931/931/931 
f 929/929/929 932/932/932 930/930/930 
f 933/933/933 934/934/934 935/935/935 
f 936/936/936 937/937/937 938/938/938 
f 939/939/939 940/940/940 941/941/941 
f 942/942/942 943/943/943 944/944/944 
f 942/942/942 945/945/945 943/943/943 
f 946/946/946 947/947/947 948/948/948 
f 946/946/946 949/949/949 947/947/947 
f 950/950/950 951/951/951 952/952/952 
f 950/950/950 953/953/953 951/951/951 
f 954/954/954 955/955/955 956/956/956 
f 954/954/954 957/957/957 955/955/955 
f 958/958/958 959/959/959 960/960/960 
f 958/958/958 961/961/961 959/959/959 
f 962/962/962 963/963/963 964/964/964 
f 962/962/962 965/965/965 963/963/963 
f 966/966/966 967/967/967 968/968/968 
f 966/966/966 969/969/969 967/967/967 
f 970/970/970 971/971/971 972/972/972 
f 970/970/970 973/973/973 971/971/971 
f 974/974/974 975/975/975 976/976/976 
f 974/974/974 977/977/977 975/975/975 
f 978/978/978 979/979/979 980/980/980 
f 978/978/978 981/981/981 979/979/979 
f 982/982/982 983/983/983 984/984/984 
f 985/985/985 986/986/986 987/987/987 
f 985/985/985 988/988/988 986/986/986 
f 989/989/989 990/990/990 991/991/991 
f 989/989/989 992/992/992 990/990/990 
f 993/993/993 994/994/994 995/995/995 
f 993/993/993 996/996/996 994/994/994 
f 997/997/997 998/998/998 999/999/999 
f 997/997/997 1000/1000/1000 998/998/998 
f 1001/1001/1001 1002/1002/1002 1003/1003/1003 
f 1001/1001/1001 1004/1004/1004 1002/1002/1002 
f 1005/1005/1005 1006/1006/1006 1007/1007/1007 
f 1005/1005/1005 1008/1008/1008 1006/1006/1006 
f 1009/1009/1009 1010/1010/1010 1011/1011/1011 
f 1009/1009/1009 1012/1012/1012 1010/1010/1010 
f 1013/1013/1013 1014/1014/1014 1015/1015/1015 
f 1016/1016/1016 1017/1017/1017 1018/1018/1018 
f 1019/1019/1019 1020/1020/1020 1021/1021/1021 
f 1022/1022/1022 1023/1023/1023 1024/1024/1024 
f 1022/1022/1022 1025/1025/1025 1023/1023/1023 
f 1026/1026/1026 1027/1027/1027 1028/1028/1028 
f 1026/1026/1026 1029/1029/1029 1027/1027/1027 
f 1030/1030/1030 1031/1031/1031 1032/1032/1032 
f 1030/1030/1030 1033/1033/1033 1031/1031/1031 
f 1034/1034/1034 1035/1035/1035 1036/1036/1036 
f 1034/1034/1034 1037/1037/1037 1035/1035/1035 
f 1038/1038/1038 1039/1039/1039 1040/1040/1040 
f 1038/1038/1038 1041/1041/1041 1039/1039/1039 
f 1042/1042/1042 1043/1043/1043 1044/1044/1044 
f 1042/1042/1042 1045/1045/1045 1043/1043/1043 
f 1046/1046/1046 1047/1047/1047 1048/1048/1048 
f 1046/1046/1046 1049/1049/1049 1047/1047/1047 
f 1050/1050/1050 1051/1051/1051 1052/1052/1052 
f 1050/1050/1050 1053/1053/1053 1051/1051/1051 
f 1054/1054/1054 1055/1055/1055 1056/1056/1056 
f 1054/1054/1054 1057/1057/1057 1055/1055/1055 
f 1058/1058/1058 1059/1059/1059 1060/1060/1060 
f 1058/1058/1058 1061/1061/1061 1059/1059/1059 
f 1062/1062/1062 1063/1063/1063 1064/1064/1064 
f 1062/1062/1062 1065/1065/1065 1063/1063/1063 
f 1066/1066/1066 1067/1067/1067 1068/1068/1068 
f 1066/1066/1066 1069/1069/1069 1067/1067/1067 
f 1070/1070/1070 1071/1071/1071 1072/1072/1072 
f 1073/1073/1073 1074/1074/1074 1075/1075/1075 
f 1073/1073/1073 1076/1076/1076 1074/1074/1074 
f 1077/1077/1077 1078/1078/1078 1079/1079/1079 
f 1080/1080/1080 1081/1081/1081 1082/1082/1082 
f 1083/1083/1083 1084/1084/1084 1085/1085/1085 
f 1086/1086/1086 1087/1087/1087 1088/1088/1088 
f 1089/1089/1089 1090/1090/1090 1091/1091/1091 
f 1089/1089/1089 1092/1092/1092 1090/1090/1090 
f 1093/1093/1093 1094/1094/1094 1095/1095/1095 
f 1093/1093/1093 1096/1096/1096 1094/1094/1094 
f 1097/1097/1097 1098/1098/1098 1099/1099/1099 
f 1097/1097/1097 1100/1100/1100 1098/1098/1098 
f 1101/1101/1101 1102/1102/1102 1103/1103/1103 
f 1104/1104/1104 1105/1105/1105 1106/1106/1106 
f 1107/1107/1107 1108/1108/1108 1109/1109/1109 
f 1110/1110/1110 1111/1111/1111 1112/1112/1112 
f 1113/1113/1113 1114/1114/1114 1115/1115/1115 
f 1116/1116/1116 1117/1117/1117 1118/1118/1118 
f 1116/1116/1116 1119/1119/1119 1117/1117/1117 
f 1120/1120/1120 1121/1121/1121 1122/1122/1122 
f 1120/1120/1120 1123/1123/1123 1121/1121/1121 
f 1124/1124/1124 1125/1125/1125 1126/1126/1126 
f 1127/1127/1127 1128/1128/1128 1129/1129/1129 
f 1130/1130/1130 1127/1127/1127 1129/1129/1129 
f 1130/1130/1130 1131/1131/1131 1127/1127/1127 
f 1130/1130/1130 1132/1132/1132 1131/1131/1131 
f 1129/1129/1129 1133/1133/1133 1130/1130/1130 
f 1133/1133/1133 1134/1134/1134 1130/1130/1130 
f 1135/1135/1135 1136/1136/1136 1137/1137/1137 
f 1137/1137/1137 1138/1138/1138 1135/1135/1135 
f 1139/1139/1139 1137/1137/1137 1136/1136/1136 
f 1140/1140/1140 1139/1139/1139 1136/1136/1136 
f 1141/1141/1141 1137/1137/1137 1139/1139/1139 
f 1141/1141/1141 1139/1139/1139 1142/1142/1142 
f 1143/1143/1143 1144/1144/1144 1145/1145/1145 
f 1146/1146/1146 1147/1147/1147 1148/1148/1148 
f 1146/1146/1146 1149/1149/1149 1147/1147/1147 
f 1150/1150/1150 1151/1151/1151 1152/1152/1152 
f 1150/1150/1150 1153/1153/1153 1151/1151/1151 
f 1154/1154/1154 1155/1155/1155 1156/1156/1156 
f 1157/1157/1157 1158/1158/1158 1159/1159/1159 
f 1158/1158/1158 1160/1160/1160 1159/1159/1159 
f 1161/1161/1161 1157/1157/1157 1159/1159/1159 
f 1159/1159/1159 1162/1162/1162 1161/1161/1161 
f 1162/1162/1162 1163/1163/1163 1161/1161/1161 
f 1163/1163/1163 1164/1164/1164 1161/1161/1161 
f 1165/1165/1165 1166/1166/1166 1167/1167/1167 
f 1165/1165/1165 1168/1168/1168 1166/1166/1166 
f 1169/1169/1169 1170/1170/1170 1171/1171/1171 
f 1169/1169/1169 1172/1172/1172 1170/1170/1170 
f 1173/1173/1173 1174/1174/1174 1175/1175/1175 
f 1173/1173/1173 1176/1176/1176 1174/1174/1174 
f 1177/1177/1177 1178/1178/1178 1179/1179/1179 
f 1177/1177/1177 1180/1180/1180 1178/1178/1178 
f 1181/1181/1181 1182/1182/1182 1183/1183/1183 
f 1181/1181/1181 1184/1184/1184 1182/1182/1182 
f 1185/1185/1185 1186/1186/1186 1187/1187/1187 
f 1185/1185/1185 1188/1188/1188 1186/1186/1186 
f 1189/1189/1189 1190/1190/1190 1191/1191/1191 
f 1189/1189/1189 1192/1192/1192 1190/1190/1190 
f 1193/1193/1193 1194/1194/1194 1195/1195/1195 
f 1193/1193/1193 1196/1196/1196 1194/1194/1194 
f 1197/1197/1197 1198/1198/1198 1199/1199/1199 
f 1197/1197/1197 1200/1200/1200 1198/1198/1198 
f 1201/1201/1201 1202/1202/1202 1203/1203/1203 
f 1201/1201/1201 1204/1204/1204 1202/1202/1202 
f 1205/1205/1205 1206/1206/1206 1207/1207/1207 
f 1205/1205/1205 1208/1208/1208 1206/1206/1206 
f 1209/1209/1209 1210/1210/1210 1211/1211/1211 
f 1209/1209/1209 1212/1212/1212 1210/1210/1210 
f 1213/1213/1213 1214/1214/1214 1215/1215/1215 
f 1213/1213/1213 1216/1216/1216 1214/1214/1214 
f 1217/1217/1217 1218/1218/1218 1219/1219/1219 
f 1217/1217/1217 1220/1220/1220 1218/1218/1218 
f 1221/1221/1221 1222/1222/1222 1223/1223/1223 
f 1221/1221/1221 1224/1224/1224 1222/1222/1222 
f 1225/1225/1225 1226/1226/1226 1227/1227/1227 
f 1225/1225/1225 1228/1228/1228 1226/1226/1226 
f 1229/1229/1229 1230/1230/1230 1231/1231/1231 
f 1232/1232/1232 1233/1233/1233 1234/1234/1234 
f 1235/1235/1235 1236/1236/1236 1237/1237/1237 
f 1238/1238/1238 1239/1239/1239 1240/1240/1240 
f 1241/1241/1241 1242/1242/1242 1243/1243/1243 
f 1244/1244/1244 1245/1245/1245 1246/1246/1246 
f 1247/1247/1247 1248/1248/1248 1249/1249/1249 
f 1247/1247/1247 1250/1250/1250 1248/1248/1248 
f 1251/1251/1251 1252/1252/1252 1253/1253/1253 
f 1254/1254/1254 1255/1255/1255 1256/1256/1256 
f 1257/1257/1257 1258/1258/1258 1259/1259/1259 
f 1260/1260/1260 1261/1261/1261 1262/1262/1262 
f 1260/1260/1260 1263/1263/1263 1261/1261/1261 
f 1264/1264/1264 1265/1265/1265 1266/1266/1266 
f 1267/1267/1267 1268/1268/1268 1269/1269/1269 
f 1267/1267/1267 1270/1270/1270 1268/1268/1268 
f 1271/1271/1271 1272/1272/1272 1273/1273/1273 
f 1271/1271/1271 1274/1274/1274 1272/1272/1272 
f 1275/1275/1275 1276/1276/1276 1277/1277/1277 
f 1275/1275/1275 1278/1278/1278 1276/1276/1276 
f 1279/1279/1279 1280/1280/1280 1281/1281/1281 
f 1279/1279/1279 1282/1282/1282 1280/1280/1280 
f 1283/1283/1283 1284/1284/1284 1285/1285/1285 
f 1283/1283/1283 1286/1286/1286 1284/1284/1284 
f 1287/1287/1287 1288/1288/1288 1289/1289/1289 
f 1287/1287/1287 1290/1290/1290 1288/1288/1288 
f 1291/1291/1291 1292/1292/1292 1293/1293/1293 
f 1291/1291/1291 1294/1294/1294 1292/1292/1292 
f 1295/1295/1295 1296/1296/1296 1297/1297/1297 
f 1295/1295/1295 1298/1298/1298 1296/1296/1296 
f 1299/1299/1299 1300/1300/1300 1301/1301/1301 
f 1299/1299/1299 1302/1302/1302 1300/1300/1300 
f 1303/1303/1303 1304/1304/1304 1305/1305/1305 
f 1303/1303/1303 1306/1306/1306 1304/1304/1304 
f 1307/1307/1307 1308/1308/1308 1309/1309/1309 
f 1307/1307/1307 1310/1310/1310 1308/1308/1308 
f 1311/1311/1311 1312/1312/1312 1313/1313/1313 
f 1311/1311/1311 1314/1314/1314 1312/1312/1312 
f 1315/1315/1315 1316/1316/1316 1317/1317/1317 
f 1315/1315/1315 1318/1318/1318 1316/1316/1316 
f 1319/1319/1319 1320/1320/1320 1321/1321/1321 
f 1319/1319/1319 1322/1322/1322 1320/1320/1320 
f 1323/1323/1323 1324/1324/1324 1325/1325/1325 
f 1323/1323/1323 1326/1326/1326 1324/1324/1324 
f 1327/1327/1327 1328/1328/1328 1329/1329/1329 
f 1327/1327/1327 1330/1330/1330 1328/1328/1328 
f 1331/1331/1331 1332/1332/1332 1333/1333/1333 
f 1334/1334/1334 1335/1335/1335 1336/1336/1336 
f 1336/1336/1336 1337/1337/1337 1334/1334/1334 
f 1334/1334/1334 1337/1337/1337 1338/1338/1338 
f 1337/1337/1337 1339/1339/1339 1338/1338/1338 
f 1340/1340/1340 1341/1341/1341 1342/1342/1342 
f 1340/1340/1340 1343/1343/1343 1341/1341/1341 
f 1344/1344/1344 1345/1345/1345 1346/1346/1346 
f 1347/1347/1347 1348/1348/1348 1349/1349/1349 
f 1350/1350/1350 1351/1351/1351 1352/1352/1352 
f 1350/1350/1350 1353/1353/1353 1351/1351/1351 
f 1354/1354/1354 1355/1355/1355 1356/1356/1356 
f 1357/1357/1357 1358/1358/1358 1359/1359/1359 
f 1357/1357/1357 1360/1360/1360 1358/1358/1358 
f 1361/1361/1361 1362/1362/1362 1363/1363/1363 
f 1364/1364/1364 1365/1365/1365 1366/1366/1366 
f 1364/1364/1364 1367/1367/1367 1365/1365/1365 
f 1368/1368/1368 1369/1369/1369 1370/1370/1370 
f 1368/1368/1368 1371/1371/1371 1369/1369/1369 
f 1372/1372/1372 1373/1373/1373 1374/1374/1374 
f 1375/1375/1375 1376/1376/1376 1377/1377/1377 
f 1378/1378/1378 1379/1379/1379 1380/1380/1380 
f 1378/1378/1378 1381/1381/1381 1379/1379/1379 
f 1382/1382/1382 1383/1383/1383 1384/1384/1384 
f 1382/1382/1382 1385/1385/1385 1383/1383/1383 
f 1386/1386/1386 1387/1387/1387 1388/1388/1388 
f 1386/1386/1386 1389/1389/1389 1387/1387/1387 
f 1390/1390/1390 1391/1391/1391 1392/1392/1392 
f 1390/1390/1390 1393/1393/1393 1391/1391/1391 
f 1394/1394/1394 1395/1395/1395 1396/1396/1396 
f 1397/1397/1397 1398/1398/1398 1399/1399/1399 
f 1400/1400/1400 1401/1401/1401 1402/1402/1402 
f 1403/1403/1403 1404/1404/1404 1405/1405/1405 
f 1403/1403/1403 1406/1406/1406 1404/1404/1404 
f 1407/1407/1407 1408/1408/1408 1409/1409/1409 
f 1410/1410/1410 1411/1411/1411 1412/1412/1412 
f 1413/1413/1413 1414/1414/1414 1415/1415/1415 
f 1416/1416/1416 1417/1417/1417 1418/1418/1418 
f 1416/1416/1416 1419/1419/1419 1417/1417/1417 
f 1420/1420/1420 1421/1421/1421 1422/1422/1422 
f 1420/1420/1420 1423/1423/1423 1421/1421/1421 
f 1424/1424/1424 1425/1425/1425 1426/1426/1426 
f 1424/1424/1424 1427/1427/1427 1425/1425/1425 
f 1428/1428/1428 1429/1429/1429 1430/1430/1430 
f 1428/1428/1428 1431/1431/1431 1429/1429/1429 
f 1432/1432/1432 1433/1433/1433 1434/1434/1434 
f 1432/1432/1432 1435/1435/1435 1433/1433/1433 
f 1436/1436/1436 1437/1437/1437 1438/1438/1438 
f 1436/1436/1436 1439/1439/1439 1437/1437/1437 
f 1440/1440/1440 1441/1441/1441 1442/1442/1442 
f 1440/1440/1440 1443/1443/1443 1441/1441/1441 
f 1444/1444/1444 1445/1445/1445 1446/1446/1446 
f 1444/1444/1444 1447/1447/1447 1445/1445/1445 
f 1448/1448/1448 1449/1449/1449 1450/1450/1450 
f 1451/1451/1451 1452/1452/1452 1453/1453/1453 
f 1454/1454/1454 1455/1455/1455 1456/1456/1456 
f 1457/1457/1457 1458/1458/1458 1459/1459/1459 
f 1460/1460/1460 1461/1461/1461 1462/1462/1462 
f 1463/1463/1463 1464/1464/1464 1465/1465/1465 
f 1465/1465/1465 1466/1466/1466 1467/1467/1467 
f 1468/1468/1468 1469/1469/1469 1470/1470/1470 
f 1471/1471/1471 1472/1472/1472 1473/1473/1473 
f 1474/1474/1474 1475/1475/1475 1476/1476/1476 
f 1477/1477/1477 1478/1478/1478 1479/1479/1479 
f 1480/1480/1480 1481/1481/1481 1482/1482/1482 
f 1483/1483/1483 1484/1484/1484 1485/1485/1485 
f 1486/1486/1486 1487/1487/1487 1488/1488/1488 
f 1489/1489/1489 1490/1490/1490 1491/1491/1491 
f 1492/1492/1492 1493/1493/1493 1494/1494/1494 
f 1492/1492/1492 1495/1495/1495 1493/1493/1493 
f 1496/1496/1496 1497/1497/1497 1498/1498/1498 
f 1496/1496/1496 1499/1499/1499 1497/1497/1497 
f 1500/1500/1500 1501/1501/1501 1502/1502/1502 
f 1503/1503/1503 1504/1504/1504 1505/1505/1505 
f 1503/1503/1503 1506/1506/1506 1504/1504/1504 
f 1507/1507/1507 1508/1508/1508 1509/1509/1509 
f 1510/1510/1510 1511/1511/1511 1512/1512/1512 
f 1513/1513/1513 1514/1514/1514 1515/1515/1515 
f 1516/1516/1516 1517/1517/1517 1518/1518/1518 
f 1516/1516/1516 1519/1519/1519 1517/1517/1517 
f 1520/1520/1520 1521/1521/1521 1522/1522/1522 
f 1520/1520/1520 1523/1523/1523 1521/1521/1521 
f 1524/1524/1524 1525/1525/1525 1526/1526/1526 
f 1524/1524/1524 1527/1527/1527 1525/1525/1525 
f 1528/1528/1528 1529/1529/1529 1530/1530/1530 
f 1528/1528/1528 1531/1531/1531 1529/1529/1529 
f 1532/1532/1532 1533/1533/1533 1534/1534/1534 
f 1532/1532/1532 1535/1535/1535 1533/1533/1533 
f 1536/1536/1536 1537/1537/1537 1538/1538/1538 
f 1539/1539/1539 1540/1540/1540 1541/1541/1541 
f 1542/1542/1542 1543/1543/1543 1544/1544/1544 
f 1545/1545/1545 1546/1546/1546 1547/1547/1547 
f 1548/1548/1548 1549/1549/1549 1550/1550/1550 
f 1548/1548/1548 1551/1551/1551 1549/1549/1549 
f 1552/1552/1552 1553/1553/1553 1554/1554/1554 
f 1555/1555/1555 1556/1556/1556 1557/1557/1557 
f 1558/1558/1558 1559/1559/1559 1560/1560/1560 
f 1561/1561/1561 1562/1562/1562 1563/1563/1563 
f 1564/1564/1564 1565/1565/1565 1566/1566/1566 
f 1565/1565/1565 1567/1567/1567 1566/1566/1566 
f 1568/1568/1568 1565/1565/1565 1564/1564/1564 
f 1564/1564/1564 1569/1569/1569 1568/1568/1568 
f 1570/1570/1570 1571/1571/1571 1572/1572/1572 
f 1570/1570/1570 1573/1573/1573 1571/1571/1571 
f 1574/1574/1574 1575/1575/1575 1576/1576/1576 
f 1577/1577/1577 1578/1578/1578 1574/1574/1574 
f 1577/1577/1577 1579/1579/1579 1578/1578/1578 
f 1577/1577/1577 1580/1580/1580 1581/1581/1581 
f 1582/1582/1582 1583/1583/1583 1584/1584/1584 
f 1585/1585/1585 1586/1586/1586 1587/1587/1587 
f 1588/1588/1588 1589/1589/1589 1590/1590/1590 
f 1591/1591/1591 1592/1592/1592 1593/1593/1593 
f 1591/1591/1591 1594/1594/1594 1592/1592/1592 
f 1595/1595/1595 1596/1596/1596 1597/1597/1597 
f 1595/1595/1595 1598/1598/1598 1596/1596/1596 
f 1599/1599/1599 1600/1600/1600 1601/1601/1601 
f 1599/1599/1599 1602/1602/1602 1600/1600/1600 
f 1603/1603/1603 1604/1604/1604 1605/1605/1605 
f 1603/1603/1603 1606/1606/1606 1604/1604/1604 
f 1607/1607/1607 1608/1608/1608 1609/1609/1609 
f 1610/1610/1610 1611/1611/1611 1612/1612/1612 
f 1613/1613/1613 1614/1614/1614 1615/1615/1615 
f 1616/1616/1616 1617/1617/1617 1618/1618/1618 
f 1616/1616/1616 1619/1619/1619 1617/1617/1617 
f 1620/1620/1620 1621/1621/1621 1622/1622/1622 
f 1623/1623/1623 1624/1624/1624 1625/1625/1625 
f 1626/1626/1626 1627/1627/1627 1628/1628/1628 
f 1626/1626/1626 1629/1629/1629 1627/1627/1627 
f 1630/1630/1630 1631/1631/1631 1632/1632/1632 
f 1633/1633/1633 1634/1634/1634 1635/1635/1635 
f 1636/1636/1636 1637/1637/1637 1638/1638/1638 
f 1636/1636/1636 1639/1639/1639 1637/1637/1637 
f 1640/1640/1640 1641/1641/1641 1642/1642/1642 
f 1640/1640/1640 1643/1643/1643 1641/1641/1641 
f 1644/1644/1644 1645/1645/1645 1646/1646/1646 
f 1644/1644/1644 1647/1647/1647 1645/1645/1645 
f 1647/1647/1647 1648/1648/1648 1645/1645/1645 
f 1649/1649/1649 1644/1644/1644 1646/1646/1646 
f 1650/1650/1650 1649/1649/1649 1646/1646/1646 
f 1646/1646/1646 1651/1651/1651 1650/1650/1650 
f 1651/1651/1651 1652/1652/1652 1650/1650/1650 
f 1651/1651/1651 1653/1653/1653 1652/1652/1652 
f 1654/1654/1654 1653/1653/1653 1651/1651/1651 
f 1654/1654/1654 1655/1655/1655 1653/1653/1653 
f 1656/1656/1656 1645/1645/1645 1657/1657/1657 
f 1658/1658/1658 1656/1656/1656 1657/1657/1657 
f 1659/1659/1659 1656/1656/1656 1658/1658/1658 
f 1660/1660/1660 1659/1659/1659 1658/1658/1658 
f 1660/1660/1660 1661/1661/1661 1659/1659/1659 
f 1659/1659/1659 1662/1662/1662 1656/1656/1656 
f 1659/1659/1659 1663/1663/1663 1662/1662/1662 
f 1664/1664/1664 1662/1662/1662 1663/1663/1663 
f 1665/1665/1665 1666/1666/1666 1664/1664/1664 
f 1665/1665/1665 1667/1667/1667 1666/1666/1666 
f 1668/1668/1668 1669/1669/1669 1670/1670/1670 
f 1671/1671/1671 1672/1672/1672 1673/1673/1673 
f 1674/1674/1674 1675/1675/1675 1676/1676/1676 
f 1676/1676/1676 1675/1675/1675 1677/1677/1677 
f 1678/1678/1678 1679/1679/1679 1680/1680/1680 
f 1681/1681/1681 1682/1682/1682 1683/1683/1683 
f 1684/1684/1684 1685/1685/1685 1686/1686/1686 
f 1685/1685/1685 1687/1687/1687 1686/1686/1686 
f 1688/1688/1688 1685/1685/1685 1684/1684/1684 
f 1684/1684/1684 1689/1689/1689 1688/1688/1688 
f 1690/1690/1690 1691/1691/1691 1692/1692/1692 
f 1690/1690/1690 1693/1693/1693 1691/1691/1691 
f 1690/1690/1690 1694/1694/1694 1693/1693/1693 
f 1690/1690/1690 1695/1695/1695 1694/1694/1694 
f 1696/1696/1696 1697/1697/1697 1698/1698/1698 
f 1699/1699/1699 1700/1700/1700 1701/1701/1701 
f 1699/1699/1699 1702/1702/1702 1700/1700/1700 
f 1703/1703/1703 1704/1704/1704 1705/1705/1705 
f 1706/1706/1706 1707/1707/1707 1708/1708/1708 
f 1709/1709/1709 1710/1710/1710 1711/1711/1711 
f 1709/1709/1709 1712/1712/1712 1710/1710/1710 
f 1709/1709/1709 1713/1713/1713 1712/1712/1712 
f 1709/1709/1709 1714/1714/1714 1713/1713/1713 
f 1715/1715/1715 1716/1716/1716 1717/1717/1717 
f 1718/1718/1718 1719/1719/1719 1720/1720/1720 
f 1718/1718/1718 1721/1721/1721 1719/1719/1719 
f 1722/1722/1722 1723/1723/1723 1724/1724/1724 
f 1725/1725/1725 1726/1726/1726 1727/1727/1727 
f 1728/1728/1728 1729/1729/1729 1730/1730/1730 
f 1728/1728/1728 1731/1731/1731 1729/1729/1729 
f 1728/1728/1728 1732/1732/1732 1731/1731/1731 
f 1728/1728/1728 1733/1733/1733 1732/1732/1732 
f 1734/1734/1734 1735/1735/1735 1736/1736/1736 
f 1737/1737/1737 1738/1738/1738 1739/1739/1739 
f 1737/1737/1737 1740/1740/1740 1738/1738/1738 
f 1741/1741/1741 1742/1742/1742 1743/1743/1743 
f 1744/1744/1744 1745/1745/1745 1746/1746/1746 
f 1747/1747/1747 1748/1748/1748 1749/1749/1749 
f 1747/1747/1747 1750/1750/1750 1748/1748/1748 
f 1747/1747/1747 1751/1751/1751 1750/1750/1750 
f 1747/1747/1747 1752/1752/1752 1751/1751/1751 
f 1753/1753/1753 1754/1754/1754 1755/1755/1755 
f 1756/1756/1756 1757/1757/1757 1758/1758/1758 
f 1756/1756/1756 1759/1759/1759 1757/1757/1757 
f 1760/1760/1760 1761/1761/1761 1762/1762/1762 
f 1763/1763/1763 1764/1764/1764 1765/1765/1765 
f 1766/1766/1766 1767/1767/1767 1768/1768/1768 
f 1766/1766/1766 1769/1769/1769 1767/1767/1767 
f 1766/1766/1766 1770/1770/1770 1769/1769/1769 
f 1766/1766/1766 1771/1771/1771 1770/1770/1770 
f 1772/1772/1772 1773/1773/1773 1774/1774/1774 
f 1775/1775/1775 1776/1776/1776 1777/1777/1777 
f 1775/1775/1775 1778/1778/1778 1776/1776/1776 
f 1779/1779/1779 1780/1780/1780 1781/1781/1781 
f 1782/1782/1782 1783/1783/1783 1784/1784/1784 
f 1785/1785/1785 1786/1786/1786 1787/1787/1787 
f 1785/1785/1785 1788/1788/1788 1786/1786/1786 
f 1785/1785/1785 1789/1789/1789 1788/1788/1788 
f 1785/1785/1785 1790/1790/1790 1789/1789/1789 
f 1791/1791/1791 1792/1792/1792 1793/1793/1793 
f 1794/1794/1794 1795/1795/1795 1796/1796/1796 
f 1794/1794/1794 1797/1797/1797 1795/1795/1795 
f 1798/1798/1798 1799/1799/1799 1800/1800/1800 
f 1801/1801/1801 1802/1802/1802 1803/1803/1803 
f 1804/1804/1804 1805/1805/1805 1806/1806/1806 
f 1804/1804/1804 1807/1807/1807 1805/1805/1805 
f 1804/1804/1804 1808/1808/1808 1807/1807/1807 
f 1804/1804/1804 1809/1809/1809 1808/1808/1808 
f 1810/1810/1810 1811/1811/1811 1812/1812/1812 
f 1813/1813/1813 1814/1814/1814 1815/1815/1815 
f 1813/1813/1813 1816/1816/1816 1814/1814/1814 
f 1817/1817/1817 1818/1818/1818 1819/1819/1819 
f 1820/1820/1820 1821/1821/1821 1822/1822/1822 
f 1823/1823/1823 1824/1824/1824 1825/1825/1825 
f 1823/1823/1823 1826/1826/1826 1824/1824/1824 
f 1823/1823/1823 1827/1827/1827 1826/1826/1826 
f 1823/1823/1823 1828/1828/1828 1827/1827/1827 
f 1829/1829/1829 1830/1830/1830 1831/1831/1831 
f 1832/1832/1832 1833/1833/1833 1834/1834/1834 
f 1832/1832/1832 1834/1834/1834 1835/1835/1835 
f 1836/1836/1836 1837/1837/1837 1838/1838/1838 
f 1839/1839/1839 1840/1840/1840 1841/1841/1841 
f 1842/1842/1842 1843/1843/1843 1844/1844/1844 
f 1845/1845/1845 1846/1846/1846 1847/1847/1847 
f 1848/1848/1848 1849/1849/1849 1850/1850/1850 
f 1851/1851/1851 1852/1852/1852 1853/1853/1853 
f 1854/1854/1854 1855/1855/1855 1856/1856/1856 
f 1857/1857/1857 1858/1858/1858 1859/1859/1859 
f 1860/1860/1860 1861/1861/1861 1862/1862/1862 
f 1863/1863/1863 1864/1864/1864 1865/1865/1865 
f 1866/1866/1866 1867/1867/1867 1868/1868/1868 
f 1866/1866/1866 1869/1869/1869 1867/1867/1867 
f 1870/1870/1870 1871/1871/1871 1872/1872/1872 
f 1872/1872/1872 1871/1871/1871 1873/1873/1873 
f 1870/1870/1870 1874/1874/1874 1871/1871/1871 
f 1875/1875/1875 1876/1876/1876 1877/1877/1877 
f 1878/1878/1878 1875/1875/1875 1877/1877/1877 
f 1878/1878/1878 1877/1877/1877 1879/1879/1879 
f 1880/1880/1880 1881/1881/1881 1882/1882/1882 
f 1880/1880/1880 1883/1883/1883 1881/1881/1881 
f 1884/1884/1884 1885/1885/1885 1886/1886/1886 
f 1884/1884/1884 1887/1887/1887 1885/1885/1885 
f 1888/1888/1888 1889/1889/1889 1890/1890/1890 
f 1888/1888/1888 1891/1891/1891 1889/1889/1889 
f 1892/1892/1892 1893/1893/1893 1894/1894/1894 
f 1895/1895/1895 1896/1896/1896 1897/1897/1897 
f 1898/1898/1898 1899/1899/1899 1900/1900/1900 
f 1898/1898/1898 1901/1901/1901 1899/1899/1899 
f 1902/1902/1902 1903/1903/1903 1904/1904/1904 
f 1902/1902/1902 1905/1905/1905 1903/1903/1903 
f 1906/1906/1906 1907/1907/1907 1908/1908/1908 
f 1906/1906/1906 1909/1909/1909 1907/1907/1907 
f 1910/1910/1910 1911/1911/1911 1912/1912/1912 
f 1910/1910/1910 1913/1913/1913 1911/1911/1911 
f 1914/1914/1914 1915/1915/1915 1916/1916/1916 
f 1916/1916/1916 1917/1917/1917 1914/1914/1914 
f 1917/1917/1917 1918/1918/1918 1914/1914/1914 
f 1919/1919/1919 1920/1920/1920 1921/1921/1921 
f 1921/1921/1921 1922/1922/1922 1919/1919/1919 
f 1922/1922/1922 1923/1923/1923 1919/1919/1919 
f 1924/1924/1924 1925/1925/1925 1926/1926/1926 
f 1925/1925/1925 1927/1927/1927 1926/1926/1926 
f 1928/1928/1928 1925/1925/1925 1924/1924/1924 
f 1929/1929/1929 1930/1930/1930 1931/1931/1931 
f 1931/1931/1931 1932/1932/1932 1929/1929/1929 
f 1932/1932/1932 1933/1933/1933 1929/1929/1929 
f 1934/1934/1934 1935/1935/1935 1936/1936/1936 
f 1936/1936/1936 1937/1937/1937 1934/1934/1934 
f 1937/1937/1937 1938/1938/1938 1934/1934/1934 
f 1939/1939/1939 1940/1940/1940 1941/1941/1941 
f 1941/1941/1941 1942/1942/1942 1939/1939/1939 
f 1942/1942/1942 1943/1943/1943 1939/1939/1939 
f 1944/1944/1944 1945/1945/1945 1946/1946/1946 
f 1945/1945/1945 1947/1947/1947 1946/1946/1946 
f 1948/1948/1948 1945/1945/1945 1944/1944/1944 
f 1949/1949/1949 1950/1950/1950 1951/1951/1951 
f 1950/1950/1950 1952/1952/1952 1951/1951/1951 
f 1953/1953/1953 1950/1950/1950 1949/1949/1949 
f 1954/1954/1954 1955/1955/1955 1956/1956/1956 
f 1956/1956/1956 1957/1957/1957 1954/1954/1954 
f 1957/1957/1957 1958/1958/1958 1954/1954/1954 
f 1959/1959/1959 1960/1960/1960 1961/1961/1961 
f 1959/1959/1959 1962/1962/1962 1960/1960/1960 
f 1963/1963/1963 1964/1964/1964 1965/1965/1965 
f 1966/1966/1966 1967/1967/1967 1968/1968/1968 
f 1966/1966/1966 1969/1969/1969 1967/1967/1967 
f 1970/1970/1970 1971/1971/1971 1972/1972/1972 
f 1970/1970/1970 1973/1973/1973 1971/1971/1971 
f 1974/1974/1974 1975/1975/1975 1976/1976/1976 
f 1977/1977/1977 1978/1978/1978 1979/1979/1979 
f 1977/1977/1977 1980/1980/1980 1978/1978/1978 
f 1981/1981/1981 1982/1982/1982 1983/1983/1983 
f 1982/1982/1982 1984/1984/1984 1983/1983/1983 
f 1985/1985/1985 1982/1982/1982 1981/1981/1981 
f 1981/1981/1981 1986/1986/1986 1985/1985/1985 
f 1987/1987/1987 1988/1988/1988 1989/1989/1989 
f 1987/1987/1987 1990/1990/1990 1988/1988/1988 
f 1991/1991/1991 1992/1992/1992 1993/1993/1993 
f 1991/1991/1991 1994/1994/1994 1992/1992/1992 
f 1995/1995/1995 1996/1996/1996 1997/1997/1997 
f 1998/1998/1998 1999/1999/1999 2000/2000/2000 
f 2001/2001/2001 2002/2002/2002 2003/2003/2003 
f 2001/2001/2001 2004/2004/2004 2002/2002/2002 
f 2005/2005/2005 2006/2006/2006 2007/2007/2007 
f 2005/2005/2005 2008/2008/2008 2006/2006/2006 
f 2009/2009/2009 2010/2010/2010 2011/2011/2011 
f 2009/2009/2009 2012/2012/2012 2010/2010/2010 
f 2013/2013/2013 2014/2014/2014 2015/2015/2015 
f 2013/2013/2013 2016/2016/2016 2014/2014/2014 
f 2017/2017/2017 2018/2018/2018 2019/2019/2019 
f 2017/2017/2017 2020/2020/2020 2018/2018/2018 
f 2017/2017/2017 2021/2021/2021 2020/2020/2020 
f 2017/2017/2017 2022/2022/2022 2021/2021/2021 
f 2023/2023/2023 2024/2024/2024 2025/2025/2025 
f 2026/2026/2026 2027/2027/2027 2028/2028/2028 
f 2026/2026/2026 2028/2028/2028 2029/2029/2029 
f 2030/2030/2030 2031/2031/2031 2032/2032/2032 
f 2033/2033/2033 2034/2034/2034 2035/2035/2035 
f 2036/2036/2036 2037/2037/2037 2038/2038/2038 
f 2036/2036/2036 2039/2039/2039 2037/2037/2037 
f 2036/2036/2036 2040/2040/2040 2039/2039/2039 
f 2036/2036/2036 2041/2041/2041 2040/2040/2040 
f 2042/2042/2042 2043/2043/2043 2044/2044/2044 
f 2045/2045/2045 2046/2046/2046 2047/2047/2047 
f 2045/2045/2045 2047/2047/2047 2048/2048/2048 
f 2049/2049/2049 2050/2050/2050 2051/2051/2051 
f 2052/2052/2052 2053/2053/2053 2054/2054/2054 
f 2055/2055/2055 2056/2056/2056 2057/2057/2057 
f 2055/2055/2055 2058/2058/2058 2056/2056/2056 
f 2055/2055/2055 2059/2059/2059 2058/2058/2058 
f 2055/2055/2055 2060/2060/2060 2059/2059/2059 
f 2061/2061/2061 2062/2062/2062 2063/2063/2063 
f 2064/2064/2064 2065/2065/2065 2066/2066/2066 
f 2064/2064/2064 2066/2066/2066 2067/2067/2067 
f 2068/2068/2068 2069/2069/2069 2070/2070/2070 
f 2071/2071/2071 2072/2072/2072 2073/2073/2073 
f 2074/2074/2074 2075/2075/2075 2076/2076/2076 
f 2074/2074/2074 2077/2077/2077 2075/2075/2075 
f 2074/2074/2074 2078/2078/2078 2077/2077/2077 
f 2074/2074/2074 2079/2079/2079 2078/2078/2078 
f 2080/2080/2080 2081/2081/2081 2082/2082/2082 
f 2083/2083/2083 2084/2084/2084 2085/2085/2085 
f 2083/2083/2083 2085/2085/2085 2086/2086/2086 
f 2087/2087/2087 2088/2088/2088 2089/2089/2089 
f 2090/2090/2090 2091/2091/2091 2092/2092/2092 
f 2093/2093/2093 2094/2094/2094 2095/2095/2095 
f 2093/2093/2093 2096/2096/2096 2094/2094/2094 
f 2093/2093/2093 2097/2097/2097 2096/2096/2096 
f 2093/2093/2093 2098/2098/2098 2097/2097/2097 
f 2099/2099/2099 2100/2100/2100 2101/2101/2101 
f 2102/2102/2102 2103/2103/2103 2104/2104/2104 
f 2102/2102/2102 2104/2104/2104 2105/2105/2105 
f 2106/2106/2106 2107/2107/2107 2108/2108/2108 
f 2109/2109/2109 2110/2110/2110 2111/2111/2111 
f 2112/2112/2112 2113/2113/2113 2114/2114/2114 
f 2112/2112/2112 2115/2115/2115 2113/2113/2113 
f 2112/2112/2112 2116/2116/2116 2115/2115/2115 
f 2112/2112/2112 2117/2117/2117 2116/2116/2116 
f 2118/2118/2118 2119/2119/2119 2120/2120/2120 
f 2121/2121/2121 2122/2122/2122 2123/2123/2123 
f 2121/2121/2121 2123/2123/2123 2124/2124/2124 
f 2125/2125/2125 2126/2126/2126 2127/2127/2127 
f 2128/2128/2128 2129/2129/2129 2130/2130/2130 
f 2131/2131/2131 2132/2132/2132 2133/2133/2133 
f 2131/2131/2131 2134/2134/2134 2132/2132/2132 
f 2131/2131/2131 2135/2135/2135 2134/2134/2134 
f 2131/2131/2131 2136/2136/2136 2135/2135/2135 
f 2137/2137/2137 2138/2138/2138 2139/2139/2139 
f 2140/2140/2140 2141/2141/2141 2142/2142/2142 
f 2140/2140/2140 2142/2142/2142 2143/2143/2143 
f 2144/2144/2144 2145/2145/2145 2146/2146/2146 
f 2147/2147/2147 2148/2148/2148 2149/2149/2149 
f 2150/2150/2150 2151/2151/2151 2152/2152/2152 
f 2150/2150/2150 2153/2153/2153 2151/2151/2151 
f 2150/2150/2150 2154/2154/2154 2153/2153/2153 
f 2150/2150/2150 2155/2155/2155 2154/2154/2154 
f 2156/2156/2156 2157/2157/2157 2158/2158/2158 
f 2159/2159/2159 2160/2160/2160 2161/2161/2161 
f 2159/2159/2159 2161/2161/2161 2162/2162/2162 
f 2163/2163/2163 2164/2164/2164 2165/2165/2165 
f 2166/2166/2166 2167/2167/2167 2168/2168/2168 
f 2169/2169/2169 2170/2170/2170 2171/2171/2171 
f 2169/2169/2169 2172/2172/2172 2170/2170/2170 
f 2169/2169/2169 2173/2173/2173 2172/2172/2172 
f 2169/2169/2169 2174/2174/2174 2173/2173/2173 
f 2175/2175/2175 2176/2176/2176 2177/2177/2177 
f 2178/2178/2178 2179/2179/2179 2180/2180/2180 
f 2178/2178/2178 2180/2180/2180 2181/2181/2181 
f 2182/2182/2182 2183/2183/2183 2184/2184/2184 
f 2185/2185/2185 2186/2186/2186 2187/2187/2187 
f 2188/2188/2188 2189/2189/2189 2190/2190/2190 
f 2191/2191/2191 2192/2192/2192 2193/2193/2193 
f 2194/2194/2194 2195/2195/2195 2196/2196/2196 
f 2197/2197/2197 2198/2198/2198 2199/2199/2199 
f 2200/2200/2200 2201/2201/2201 2202/2202/2202 
f 2203/2203/2203 2204/2204/2204 2205/2205/2205 
f 2206/2206/2206 2207/2207/2207 2208/2208/2208 
f 2209/2209/2209 2210/2210/2210 2211/2211/2211 
f 2212/2212/2212 2213/2213/2213 2214/2214/2214 
f 2215/2215/2215 2216/2216/2216 2217/2217/2217 
f 2215/2215/2215 2218/2218/2218 2216/2216/2216 
f 2219/2219/2219 2220/2220/2220 2221/2221/2221 
f 2219/2219/2219 2222/2222/2222 2220/2220/2220 
f 2223/2223/2223 2224/2224/2224 2225/2225/2225 
f 2223/2223/2223 2226/2226/2226 2224/2224/2224 
f 2227/2227/2227 2228/2228/2228 2229/2229/2229 
f 2227/2227/2227 2230/2230/2230 2228/2228/2228 
f 2231/2231/2231 2232/2232/2232 2233/2233/2233 
f 2231/2231/2231 2234/2234/2234 2232/2232/2232 
f 2235/2235/2235 2236/2236/2236 2237/2237/2237 
f 2235/2235/2235 2238/2238/2238 2236/2236/2236 
f 2239/2239/2239 2240/2240/2240 2241/2241/2241 
f 2239/2239/2239 2242/2242/2242 2240/2240/2240 
f 2243/2243/2243 2244/2244/2244 2245/2245/2245 
f 2243/2243/2243 2246/2246/2246 2244/2244/2244 
f 2247/2247/2247 2248/2248/2248 2249/2249/2249 
f 2247/2247/2247 2250/2250/2250 2248/2248/2248 
f 2251/2251/2251 2252/2252/2252 2253/2253/2253 
f 2251/2251/2251 2254/2254/2254 2252/2252/2252 
f 2255/2255/2255 2256/2256/2256 2257/2257/2257 
f 2255/2255/2255 2258/2258/2258 2256/2256/2256 
f 2259/2259/2259 2260/2260/2260 2261/2261/2261 
f 2259/2259/2259 2262/2262/2262 2260/2260/2260 
f 2263/2263/2263 2264/2264/2264 2265/2265/2265 
f 2263/2263/2263 2266/2266/2266 2264/2264/2264 
f 2267/2267/2267 2268/2268/2268 2269/2269/2269 
f 2268/2268/2268 2270/2270/2270 2269/2269/2269 
f 2271/2271/2271 2268/2268/2268 2267/2267/2267 
f 2272/2272/2272 2273/2273/2273 2274/2274/2274 
f 2274/2274/2274 2275/2275/2275 2272/2272/2272 
f 2275/2275/2275 2276/2276/2276 2272/2272/2272 
f 2277/2277/2277 2278/2278/2278 2279/2279/2279 
f 2278/2278/2278 2280/2280/2280 2279/2279/2279 
f 2281/2281/2281 2278/2278/2278 2277/2277/2277 
f 2282/2282/2282 2283/2283/2283 2284/2284/2284 
f 2284/2284/2284 2285/2285/2285 2282/2282/2282 
f 2285/2285/2285 2286/2286/2286 2282/2282/2282 
f 2287/2287/2287 2288/2288/2288 2289/2289/2289 
f 2289/2289/2289 2290/2290/2290 2287/2287/2287 
f 2290/2290/2290 2291/2291/2291 2287/2287/2287 
f 2292/2292/2292 2293/2293/2293 2294/2294/2294 
f 2293/2293/2293 2295/2295/2295 2294/2294/2294 
f 2296/2296/2296 2293/2293/2293 2292/2292/2292 
f 2297/2297/2297 2298/2298/2298 2299/2299/2299 
f 2298/2298/2298 2300/2300/2300 2299/2299/2299 
f 2301/2301/2301 2298/2298/2298 2297/2297/2297 
f 2302/2302/2302 2303/2303/2303 2304/2304/2304 
f 2303/2303/2303 2305/2305/2305 2304/2304/2304 
f 2306/2306/2306 2303/2303/2303 2302/2302/2302 
f 2307/2307/2307 2308/2308/2308 2309/2309/2309 
f 2310/2310/2310 2311/2311/2311 2312/2312/2312 
f 2313/2313/2313 2314/2314/2314 2315/2315/2315 
f 2313/2313/2313 2316/2316/2316 2314/2314/2314 
f 2317/2317/2317 2318/2318/2318 2319/2319/2319 
f 2317/2317/2317 2320/2320/2320 2318/2318/2318 
f 2321/2321/2321 2322/2322/2322 2323/2323/2323 
f 2321/2321/2321 2324/2324/2324 2322/2322/2322 
f 2325/2325/2325 2326/2326/2326 2327/2327/2327 
f 2325/2325/2325 2328/2328/2328 2326/2326/2326 
f 2329/2329/2329 2330/2330/2330 2331/2331/2331 
f 2329/2329/2329 2332/2332/2332 2330/2330/2330 
f 2333/2333/2333 2334/2334/2334 2335/2335/2335 
f 2336/2336/2336 2337/2337/2337 2338/2338/2338 
f 2339/2339/2339 2340/2340/2340 2341/2341/2341 
f 2342/2342/2342 2343/2343/2343 2344/2344/2344 
f 2345/2345/2345 2346/2346/2346 2347/2347/2347 
f 2345/2345/2345 2348/2348/2348 2346/2346/2346 
f 2349/2349/2349 2350/2350/2350 2351/2351/2351 
f 2352/2352/2352 2353/2353/2353 2354/2354/2354 
f 2352/2352/2352 2355/2355/2355 2353/2353/2353 
f 2356/2356/2356 2357/2357/2357 2358/2358/2358 
f 2356/2356/2356 2359/2359/2359 2357/2357/2357 
f 2360/2360/2360 2361/2361/2361 2362/2362/2362 
f 2360/2360/2360 2363/2363/2363 2361/2361/2361 
f 2364/2364/2364 2365/2365/2365 2366/2366/2366 
f 2364/2364/2364 2367/2367/2367 2365/2365/2365 
f 2368/2368/2368 2369/2369/2369 2370/2370/2370 
f 2371/2371/2371 2372/2372/2372 2373/2373/2373 
f 2374/2374/2374 2375/2375/2375 2376/2376/2376 
f 2374/2374/2374 2377/2377/2377 2375/2375/2375 
f 2378/2378/2378 2379/2379/2379 2380/2380/2380 
f 2378/2378/2378 2381/2381/2381 2379/2379/2379 
f 2378/2378/2378 2382/2382/2382 2381/2381/2381 
f 2378/2378/2378 2383/2383/2383 2382/2382/2382 
f 2384/2384/2384 2385/2385/2385 2386/2386/2386 
f 2387/2387/2387 2388/2388/2388 2389/2389/2389 
f 2387/2387/2387 2389/2389/2389 2390/2390/2390 
f 2391/2391/2391 2392/2392/2392 2393/2393/2393 
f 2394/2394/2394 2395/2395/2395 2396/2396/2396 
f 2397/2397/2397 2398/2398/2398 2399/2399/2399 
f 2397/2397/2397 2400/2400/2400 2398/2398/2398 
f 2397/2397/2397 2401/2401/2401 2400/2400/2400 
f 2397/2397/2397 2402/2402/2402 2401/2401/2401 
f 2403/2403/2403 2404/2404/2404 2405/2405/2405 
f 2406/2406/2406 2407/2407/2407 2408/2408/2408 
f 2406/2406/2406 2408/2408/2408 2409/2409/2409 
f 2410/2410/2410 2411/2411/2411 2412/2412/2412 
f 2413/2413/2413 2414/2414/2414 2415/2415/2415 
f 2416/2416/2416 2417/2417/2417 2418/2418/2418 
f 2416/2416/2416 2419/2419/2419 2417/2417/2417 
f 2416/2416/2416 2420/2420/2420 2419/2419/2419 
f 2416/2416/2416 2421/2421/2421 2420/2420/2420 
f 2422/2422/2422 2423/2423/2423 2424/2424/2424 
f 2425/2425/2425 2426/2426/2426 2427/2427/2427 
f 2425/2425/2425 2427/2427/2427 2428/2428/2428 
f 2429/2429/2429 2430/2430/2430 2431/2431/2431 
f 2432/2432/2432 2433/2433/2433 2434/2434/2434 
f 2435/2435/2435 2436/2436/2436 2437/2437/2437 
f 2435/2435/2435 2438/2438/2438 2436/2436/2436 
f 2435/2435/2435 2439/2439/2439 2438/2438/2438 
f 2435/2435/2435 2440/2440/2440 2439/2439/2439 
f 2441/2441/2441 2442/2442/2442 2443/2443/2443 
f 2444/2444/2444 2445/2445/2445 2446/2446/2446 
f 2444/2444/2444 2446/2446/2446 2447/2447/2447 
f 2448/2448/2448 2449/2449/2449 2450/2450/2450 
f 2451/2451/2451 2452/2452/2452 2453/2453/2453 
f 2454/2454/2454 2455/2455/2455 2456/2456/2456 
f 2454/2454/2454 2457/2457/2457 2455/2455/2455 
f 2454/2454/2454 2458/2458/2458 2457/2457/2457 
f 2454/2454/2454 2459/2459/2459 2458/2458/2458 
f 2460/2460/2460 2461/2461/2461 2462/2462/2462 
f 2463/2463/2463 2464/2464/2464 2465/2465/2465 
f 2463/2463/2463 2465/2465/2465 2466/2466/2466 
f 2467/2467/2467 2468/2468/2468 2469/2469/2469 
f 2470/2470/2470 2471/2471/2471 2472/2472/2472 
f 2473/2473/2473 2474/2474/2474 2475/2475/2475 
f 2473/2473/2473 2476/2476/2476 2474/2474/2474 
f 2473/2473/2473 2477/2477/2477 2476/2476/2476 
f 2473/2473/2473 2478/2478/2478 2477/2477/2477 
f 2479/2479/2479 2480/2480/2480 2481/2481/2481 
f 2482/2482/2482 2483/2483/2483 2484/2484/2484 
f 2482/2482/2482 2484/2484/2484 2485/2485/2485 
f 2486/2486/2486 2487/2487/2487 2488/2488/2488 
f 2489/2489/2489 2490/2490/2490 2491/2491/2491 
f 2492/2492/2492 2493/2493/2493 2494/2494/2494 
f 2492/2492/2492 2495/2495/2495 2493/2493/2493 
f 2492/2492/2492 2496/2496/2496 2495/2495/2495 
f 2492/2492/2492 2497/2497/2497 2496/2496/2496 
f 2498/2498/2498 2499/2499/2499 2500/2500/2500 
f 2501/2501/2501 2502/2502/2502 2503/2503/2503 
f 2501/2501/2501 2503/2503/2503 2504/2504/2504 
f 2505/2505/2505 2506/2506/2506 2507/2507/2507 
f 2508/2508/2508 2509/2509/2509 2510/2510/2510 
f 2511/2511/2511 2512/2512/2512 2513/2513/2513 
f 2511/2511/2511 2514/2514/2514 2512/2512/2512 
f 2511/2511/2511 2515/2515/2515 2514/2514/2514 
f 2511/2511/2511 2516/2516/2516 2515/2515/2515 
f 2517/2517/2517 2518/2518/2518 2519/2519/2519 
f 2520/2520/2520 2521/2521/2521 2522/2522/2522 
f 2520/2520/2520 2522/2522/2522 2523/2523/2523 
f 2524/2524/2524 2525/2525/2525 2526/2526/2526 
f 2527/2527/2527 2528/2528/2528 2529/2529/2529 
f 2530/2530/2530 2531/2531/2531 2532/2532/2532 
f 2533/2533/2533 2534/2534/2534 2535/2535/2535 
f 2536/2536/2536 2537/2537/2537 2538/2538/2538 
f 2539/2539/2539 2540/2540/2540 2541/2541/2541 
f 2542/2542/2542 2543/2543/2543 2544/2544/2544 
f 2545/2545/2545 2546/2546/2546 2547/2547/2547 
f 2548/2548/2548 2549/2549/2549 2550/2550/2550 
f 2551/2551/2551 2552/2552/2552 2553/2553/2553 
f 2554/2554/2554 2555/2555/2555 2556/2556/2556 
f 2554/2554/2554 2557/2557/2557 2555/2555/2555 
f 2558/2558/2558 2559/2559/2559 2560/2560/2560 
f 2558/2558/2558 2561/2561/2561 2559/2559/2559 
f 2562/2562/2562 2563/2563/2563 2564/2564/2564 
f 2562/2562/2562 2565/2565/2565 2563/2563/2563 
f 2566/2566/2566 2567/2567/2567 2568/2568/2568 
f 2566/2566/2566 2569/2569/2569 2567/2567/2567 
f 2570/2570/2570 2571/2571/2571 2572/2572/2572 
f 2570/2570/2570 2573/2573/2573 2571/2571/2571 
f 2574/2574/2574 2575/2575/2575 2576/2576/2576 
f 2574/2574/2574 2577/2577/2577 2575/2575/2575 
f 2578/2578/2578 2579/2579/2579 2580/2580/2580 
f 2578/2578/2578 2581/2581/2581 2579/2579/2579 
f 2582/2582/2582 2583/2583/2583 2584/2584/2584 
f 2582/2582/2582 2585/2585/2585 2583/2583/2583 
f 2586/2586/2586 2587/2587/2587 2588/2588/2588 
f 2586/2586/2586 2589/2589/2589 2587/2587/2587 
f 2590/2590/2590 2591/2591/2591 2592/2592/2592 
f 2590/2590/2590 2593/2593/2593 2591/2591/2591 
f 2594/2594/2594 2595/2595/2595 2596/2596/2596 
f 2594/2594/2594 2597/2597/2597 2595/2595/2595 
f 2598/2598/2598 2599/2599/2599 2600/2600/2600 
f 2598/2598/2598 2601/2601/2601 2599/2599/2599 
f 2602/2602/2602 2603/2603/2603 2604/2604/2604 
f 2602/2602/2602 2605/2605/2605 2603/2603/2603 
f 2606/2606/2606 2607/2607/2607 2608/2608/2608 
f 2609/2609/2609 2610/2610/2610 2611/2611/2611 
f 2609/2609/2609 2612/2612/2612 2610/2610/2610 
f 2613/2613/2613 2614/2614/2614 2615/2615/2615 
f 2616/2616/2616 2617/2617/2617 2618/2618/2618 
f 2619/2619/2619 2620/2620/2620 2621/2621/2621 
f 2619/2619/2619 2622/2622/2622 2620/2620/2620 
f 2623/2623/2623 2624/2624/2624 2625/2625/2625 
f 2624/2624/2624 2626/2626/2626 2625/2625/2625 
f 2627/2627/2627 2624/2624/2624 2623/2623/2623 
f 2628/2628/2628 2629/2629/2629 2630/2630/2630 
f 2629/2629/2629 2631/2631/2631 2630/2630/2630 
f 2632/2632/2632 2629/2629/2629 2628/2628/2628 
f 2633/2633/2633 2634/2634/2634 2635/2635/2635 
f 2634/2634/2634 2636/2636/2636 2635/2635/2635 
f 2637/2637/2637 2634/2634/2634 2633/2633/2633 
f 2638/2638/2638 2639/2639/2639 2640/2640/2640 
f 2640/2640/2640 2641/2641/2641 2638/2638/2638 
f 2641/2641/2641 2642/2642/2642 2638/2638/2638 
f 2643/2643/2643 2644/2644/2644 2645/2645/2645 
f 2645/2645/2645 2646/2646/2646 2643/2643/2643 
f 2646/2646/2646 2647/2647/2647 2643/2643/2643 
f 2648/2648/2648 2649/2649/2649 2650/2650/2650 
f 2649/2649/2649 2651/2651/2651 2650/2650/2650 
f 2652/2652/2652 2649/2649/2649 2648/2648/2648 
f 2653/2653/2653 2654/2654/2654 2655/2655/2655 
f 2655/2655/2655 2656/2656/2656 2653/2653/2653 
f 2656/2656/2656 2657/2657/2657 2653/2653/2653 
f 2658/2658/2658 2659/2659/2659 2660/2660/2660 
f 2659/2659/2659 2661/2661/2661 2660/2660/2660 
f 2662/2662/2662 2659/2659/2659 2658/2658/2658 
f 2663/2663/2663 2664/2664/2664 2665/2665/2665 
f 2665/2665/2665 2666/2666/2666 2663/2663/2663 
f 2666/2666/2666 2667/2667/2667 2663/2663/2663 
f 2668/2668/2668 2669/2669/2669 2670/2670/2670 
f 2668/2668/2668 2671/2671/2671 2669/2669/2669 
f 2672/2672/2672 2673/2673/2673 2674/2674/2674 
f 2675/2675/2675 2676/2676/2676 2677/2677/2677 
f 2678/2678/2678 2679/2679/2679 2680/2680/2680 
f 2678/2678/2678 2681/2681/2681 2679/2679/2679 
f 2682/2682/2682 2683/2683/2683 2684/2684/2684 
f 2685/2685/2685 2684/2684/2684 2683/2683/2683 
f 2686/2686/2686 2687/2687/2687 2688/2688/2688 
f 2689/2689/2689 2690/2690/2690 2691/2691/2691 
f 2689/2689/2689 2692/2692/2692 2690/2690/2690 
f 2693/2693/2693 2694/2694/2694 2695/2695/2695 
f 2693/2693/2693 2696/2696/2696 2694/2694/2694 
f 2697/2697/2697 2698/2698/2698 2699/2699/2699 
f 2697/2697/2697 2700/2700/2700 2698/2698/2698 
f 2701/2701/2701 2702/2702/2702 2703/2703/2703 
f 2704/2704/2704 2705/2705/2705 2706/2706/2706 
f 2707/2707/2707 2708/2708/2708 2709/2709/2709 
f 2707/2707/2707 2710/2710/2710 2708/2708/2708 
f 2711/2711/2711 2712/2712/2712 2713/2713/2713 
f 2711/2711/2711 2714/2714/2714 2712/2712/2712 
f 2715/2715/2715 2716/2716/2716 2717/2717/2717 
f 2718/2718/2718 2719/2719/2719 2720/2720/2720 
f 2718/2718/2718 2721/2721/2721 2719/2719/2719 
f 2722/2722/2722 2723/2723/2723 2724/2724/2724 
f 2722/2722/2722 2725/2725/2725 2723/2723/2723 
f 2726/2726/2726 2727/2727/2727 2728/2728/2728 
f 2729/2729/2729 2730/2730/2730 2731/2731/2731 
f 2729/2729/2729 2732/2732/2732 2730/2730/2730 
f 2733/2733/2733 2734/2734/2734 2735/2735/2735 
f 2736/2736/2736 2737/2737/2737 2738/2738/2738 
f 2736/2736/2736 2739/2739/2739 2737/2737/2737 
f 2740/2740/2740 2741/2741/2741 2742/2742/2742 
f 2740/2740/2740 2743/2743/2743 2741/2741/2741 
f 2744/2744/2744 2745/2745/2745 2746/2746/2746 
f 2747/2747/2747 2748/2748/2748 2749/2749/2749 
f 2747/2747/2747 2750/2750/2750 2748/2748/2748 
f 2751/2751/2751 2752/2752/2752 2753/2753/2753 
f 2751/2751/2751 2754/2754/2754 2752/2752/2752 
f 2751/2751/2751 2755/2755/2755 2754/2754/2754 
f 2751/2751/2751 2756/2756/2756 2755/2755/2755 
f 2757/2757/2757 2758/2758/2758 2759/2759/2759 
f 2757/2757/2757 2760/2760/2760 2758/2758/2758 
f 2761/2761/2761 2762/2762/2762 2763/2763/2763 
f 2761/2761/2761 2763/2763/2763 2764/2764/2764 
f 2765/2765/2765 2766/2766/2766 2767/2767/2767 
f 2765/2765/2765 2767/2767/2767 2768/2768/2768 
f 2769/2769/2769 2770/2770/2770 2771/2771/2771 
f 2769/2769/2769 2772/2772/2772 2770/2770/2770 
f 2769/2769/2769 2773/2773/2773 2772/2772/2772 
f 2769/2769/2769 2774/2774/2774 2773/2773/2773 
f 2775/2775/2775 2776/2776/2776 2777/2777/2777 
f 2775/2775/2775 2778/2778/2778 2776/2776/2776 
f 2779/2779/2779 2780/2780/2780 2781/2781/2781 
f 2779/2779/2779 2781/2781/2781 2782/2782/2782 
f 2783/2783/2783 2784/2784/2784 2785/2785/2785 
f 2783/2783/2783 2785/2785/2785 2786/2786/2786 
f 2787/2787/2787 2788/2788/2788 2789/2789/2789 
f 2787/2787/2787 2790/2790/2790 2788/2788/2788 
f 2787/2787/2787 2791/2791/2791 2790/2790/2790 
f 2787/2787/2787 2792/2792/2792 2791/2791/2791 
f 2793/2793/2793 2794/2794/2794 2795/2795/2795 
f 2793/2793/2793 2796/2796/2796 2794/2794/2794 
f 2797/2797/2797 2798/2798/2798 2799/2799/2799 
f 2797/2797/2797 2799/2799/2799 2800/2800/2800 
f 2801/2801/2801 2802/2802/2802 2803/2803/2803 
f 2801/2801/2801 2803/2803/2803 2804/2804/2804 
f 2805/2805/2805 2806/2806/2806 2807/2807/2807 
f 2805/2805/2805 2808/2808/2808 2806/2806/2806 
f 2805/2805/2805 2809/2809/2809 2808/2808/2808 
f 2805/2805/2805 2810/2810/2810 2809/2809/2809 
f 2811/2811/2811 2812/2812/2812 2813/2813/2813 
f 2811/2811/2811 2814/2814/2814 2812/2812/2812 
f 2815/2815/2815 2816/2816/2816 2817/2817/2817 
f 2815/2815/2815 2817/2817/2817 2818/2818/2818 
f 2819/2819/2819 2820/2820/2820 2821/2821/2821 
f 2819/2819/2819 2821/2821/2821 2822/2822/2822 
f 2823/2823/2823 2824/2824/2824 2825/2825/2825 
f 2823/2823/2823 2826/2826/2826 2824/2824/2824 
f 2823/2823/2823 2827/2827/2827 2826/2826/2826 
f 2823/2823/2823 2828/2828/2828 2827/2827/2827 
f 2829/2829/2829 2830/2830/2830 2831/2831/2831 
f 2829/2829/2829 2832/2832/2832 2830/2830/2830 
f 2833/2833/2833 2834/2834/2834 2835/2835/2835 
f 2833/2833/2833 2835/2835/2835 2836/2836/2836 
f 2837/2837/2837 2838/2838/2838 2839/2839/2839 
f 2837/2837/2837 2839/2839/2839 2840/2840/2840 
f 2841/2841/2841 2842/2842/2842 2843/2843/2843 
f 2841/2841/2841 2844/2844/2844 2842/2842/2842 
f 2841/2841/2841 2845/2845/2845 2844/2844/2844 
f 2841/2841/2841 2846/2846/2846 2845/2845/2845 
f 2847/2847/2847 2848/2848/2848 2849/2849/2849 
f 2847/2847/2847 2850/2850/2850 2848/2848/2848 
f 2851/2851/2851 2852/2852/2852 2853/2853/2853 
f 2851/2851/2851 2853/2853/2853 2854/2854/2854 
f 2855/2855/2855 2856/2856/2856 2857/2857/2857 
f 2855/2855/2855 2857/2857/2857 2858/2858/2858 
f 2859/2859/2859 2860/2860/2860 2861/2861/2861 
f 2859/2859/2859 2862/2862/2862 2860/2860/2860 
f 2859/2859/2859 2863/2863/2863 2862/2862/2862 
f 2859/2859/2859 2864/2864/2864 2863/2863/2863 
f 2865/2865/2865 2866/2866/2866 2867/2867/2867 
f 2865/2865/2865 2868/2868/2868 2866/2866/2866 
f 2869/2869/2869 2870/2870/2870 2871/2871/2871 
f 2869/2869/2869 2871/2871/2871 2872/2872/2872 
f 2873/2873/2873 2874/2874/2874 2875/2875/2875 
f 2873/2873/2873 2875/2875/2875 2876/2876/2876 
f 2877/2877/2877 2878/2878/2878 2879/2879/2879 
f 2877/2877/2877 2880/2880/2880 2878/2878/2878 
f 2877/2877/2877 2881/2881/2881 2880/2880/2880 
f 2877/2877/2877 2882/2882/2882 2881/2881/2881 
f 2883/2883/2883 2884/2884/2884 2885/2885/2885 
f 2883/2883/2883 2886/2886/2886 2884/2884/2884 
f 2887/2887/2887 2888/2888/2888 2889/2889/2889 
f 2887/2887/2887 2889/2889/2889 2890/2890/2890 
f 2891/2891/2891 2892/2892/2892 2893/2893/2893 
f 2891/2891/2891 2893/2893/2893 2894/2894/2894 
f 2895/2895/2895 2896/2896/2896 2897/2897/2897 
f 2895/2895/2895 2898/2898/2898 2896/2896/2896 
f 2895/2895/2895 2899/2899/2899 2898/2898/2898 
f 2895/2895/2895 2900/2900/2900 2899/2899/2899 
f 2901/2901/2901 2902/2902/2902 2903/2903/2903 
f 2901/2901/2901 2904/2904/2904 2902/2902/2902 
f 2905/2905/2905 2906/2906/2906 2907/2907/2907 
f 2905/2905/2905 2907/2907/2907 2908/2908/2908 
f 2909/2909/2909 2910/2910/2910 2911/2911/2911 
f 2909/2909/2909 2911/2911/2911 2912/2912/2912 
f 2913/2913/2913 2914/2914/2914 2915/2915/2915 
f 2916/2916/2916 2917/2917/2917 2918/2918/2918 
f 2919/2919/2919 2920/2920/2920 2921/2921/2921 
f 2922/2922/2922 2923/2923/2923 2924/2924/2924 
f 2922/2922/2922 2925/2925/2925 2923/2923/2923 
f 2926/2926/2926 2927/2927/2927 2928/2928/2928 
f 2926/2926/2926 2929/2929/2929 2927/2927/2927 
f 2930/2930/2930 2931/2931/2931 2932/2932/2932 
f 2930/2930/2930 2933/2933/2933 2931/2931/2931 
f 2934/2934/2934 2935/2935/2935 2936/2936/2936 
f 2937/2937/2937 2938/2938/2938 2939/2939/2939 
f 2937/2937/2937 2940/2940/2940 2938/2938/2938 
f 2941/2941/2941 2942/2942/2942 2943/2943/2943 
f 2941/2941/2941 2944/2944/2944 2942/2942/2942 
f 2945/2945/2945 2946/2946/2946 2947/2947/2947 
f 2948/2948/2948 2949/2949/2949 2950/2950/2950 
f 2949/2949/2949 2951/2951/2951 2950/2950/2950 
f 2952/2952/2952 2949/2949/2949 2948/2948/2948 
f 2953/2953/2953 2954/2954/2954 2955/2955/2955 
f 2954/2954/2954 2956/2956/2956 2955/2955/2955 
f 2957/2957/2957 2954/2954/2954 2953/2953/2953 
f 2958/2958/2958 2959/2959/2959 2960/2960/2960 
f 2959/2959/2959 2961/2961/2961 2960/2960/2960 
f 2962/2962/2962 2959/2959/2959 2958/2958/2958 
f 2963/2963/2963 2964/2964/2964 2965/2965/2965 
f 2964/2964/2964 2966/2966/2966 2965/2965/2965 
f 2967/2967/2967 2964/2964/2964 2963/2963/2963 
f 2968/2968/2968 2969/2969/2969 2970/2970/2970 
f 2969/2969/2969 2971/2971/2971 2970/2970/2970 
f 2972/2972/2972 2969/2969/2969 2968/2968/2968 
f 2973/2973/2973 2974/2974/2974 2975/2975/2975 
f 2974/2974/2974 2976/2976/2976 2975/2975/2975 
f 2977/2977/2977 2974/2974/2974 2973/2973/2973 
f 2978/2978/2978 2979/2979/2979 2980/2980/2980 
f 2979/2979/2979 2981/2981/2981 2980/2980/2980 
f 2982/2982/2982 2979/2979/2979 2978/2978/2978 
f 2983/2983/2983 2984/2984/2984 2985/2985/2985 
f 2984/2984/2984 2986/2986/2986 2985/2985/2985 
f 2987/2987/2987 2984/2984/2984 2983/2983/2983 
f 2988/2988/2988 2989/2989/2989 2990/2990/2990 
f 2988/2988/2988 2991/2991/2991 2989/2989/2989 
f 2992/2992/2992 2993/2993/2993 2994/2994/2994 
f 2995/2995/2995 2996/2996/2996 2997/2997/2997 
f 2998/2998/2998 2999/2999/2999 3000/3000/3000 
f 2998/2998/2998 3001/3001/3001 2999/2999/2999 
f 3002/3002/3002 3003/3003/3003 3004/3004/3004 
f 3005/3005/3005 3006/3006/3006 3007/3007/3007 
f 3005/3005/3005 3008/3008/3008 3006/3006/3006 
f 3009/3009/3009 3010/3010/3010 3011/3011/3011 
f 3010/3010/3010 3012/3012/3012 3011/3011/3011 
f 3009/3009/3009 3013/3013/3013 3010/3010/3010 
f 3014/3014/3014 3015/3015/3015 3009/3009/3009 
f 3016/3016/3016 3017/3017/3017 3018/3018/3018 
f 3017/3017/3017 3019/3019/3019 3018/3018/3018 
f 3016/3016/3016 3020/3020/3020 3017/3017/3017 
f 3021/3021/3021 3022/3022/3022 3016/3016/3016 
f 3023/3023/3023 3024/3024/3024 3025/3025/3025 
f 3026/3026/3026 3027/3027/3027 3028/3028/3028 
f 3029/3029/3029 3030/3030/3030 3031/3031/3031 
f 3032/3032/3032 3033/3033/3033 3034/3034/3034 
f 3035/3035/3035 3036/3036/3036 3037/3037/3037 
f 3035/3035/3035 3038/3038/3038 3036/3036/3036 
f 3039/3039/3039 3040/3040/3040 3041/3041/3041 
f 3042/3042/3042 3043/3043/3043 3044/3044/3044 
f 3045/3045/3045 3046/3046/3046 3047/3047/3047 
f 3045/3045/3045 3048/3048/3048 3046/3046/3046 
f 3049/3049/3049 3050/3050/3050 3051/3051/3051 
f 3049/3049/3049 3052/3052/3052 3050/3050/3050 
f 3053/3053/3053 3054/3054/3054 3055/3055/3055 
f 3053/3053/3053 3056/3056/3056 3054/3054/3054 
f 3057/3057/3057 3058/3058/3058 3059/3059/3059 
f 3057/3057/3057 3060/3060/3060 3058/3058/3058 
f 3061/3061/3061 3062/3062/3062 3063/3063/3063 
f 3064/3064/3064 3065/3065/3065 3066/3066/3066 
f 3067/3067/3067 3068/3068/3068 3069/3069/3069 
f 3067/3067/3067 3070/3070/3070 3068/3068/3068 
f 3071/3071/3071 3072/3072/3072 3073/3073/3073 
f 3071/3071/3071 3074/3074/3074 3072/3072/3072 
f 3075/3075/3075 3076/3076/3076 3077/3077/3077 
f 3075/3075/3075 3078/3078/3078 3076/3076/3076 
f 3079/3079/3079 3080/3080/3080 3081/3081/3081 
f 3079/3079/3079 3082/3082/3082 3080/3080/3080 
f 3083/3083/3083 3084/3084/3084 3085/3085/3085 
f 3086/3086/3086 3087/3087/3087 3088/3088/3088 
f 3089/3089/3089 3086/3086/3086 3088/3088/3088 
f 3088/3088/3088 3090/3090/3090 3089/3089/3089 
f 3090/3090/3090 3091/3091/3091 3089/3089/3089 
f 3092/3092/3092 3093/3093/3093 3094/3094/3094 
f 3092/3092/3092 3095/3095/3095 3093/3093/3093 
f 3096/3096/3096 3097/3097/3097 3098/3098/3098 
f 3096/3096/3096 3099/3099/3099 3097/3097/3097 
f 3100/3100/3100 3101/3101/3101 3102/3102/3102 
f 3100/3100/3100 3103/3103/3103 3101/3101/3101 
f 3104/3104/3104 3105/3105/3105 3106/3106/3106 
f 3107/3107/3107 3108/3108/3108 3109/3109/3109 
f 3110/3110/3110 3111/3111/3111 3112/3112/3112 
f 3111/3111/3111 3113/3113/3113 3112/3112/3112 
f 3114/3114/3114 3110/3110/3110 3112/3112/3112 
f 3112/3112/3112 3115/3115/3115 3114/3114/3114 
f 3115/3115/3115 3116/3116/3116 3114/3114/3114 
f 3116/3116/3116 3117/3117/3117 3114/3114/3114 
f 3118/3118/3118 3119/3119/3119 3120/3120/3120 
f 3118/3118/3118 3121/3121/3121 3119/3119/3119 
f 3122/3122/3122 3123/3123/3123 3124/3124/3124 
f 3122/3122/3122 3125/3125/3125 3123/3123/3123 
f 3126/3126/3126 3127/3127/3127 3128/3128/3128 
f 3126/3126/3126 3129/3129/3129 3127/3127/3127 
f 3130/3130/3130 3131/3131/3131 3132/3132/3132 
f 3130/3130/3130 3133/3133/3133 3131/3131/3131 
f 3134/3134/3134 3135/3135/3135 3136/3136/3136 
f 3134/3134/3134 3137/3137/3137 3135/3135/3135 
f 3138/3138/3138 3139/3139/3139 3140/3140/3140 
f 3138/3138/3138 3141/3141/3141 3139/3139/3139 
f 3142/3142/3142 3143/3143/3143 3144/3144/3144 
f 3142/3142/3142 3145/3145/3145 3143/3143/3143 
f 3146/3146/3146 3147/3147/3147 3148/3148/3148 
f 3146/3146/3146 3149/3149/3149 3147/3147/3147 
f 3150/3150/3150 3151/3151/3151 3152/3152/3152 
f 3150/3150/3150 3153/3153/3153 3151/3151/3151 
f 3154/3154/3154 3155/3155/3155 3156/3156/3156 
f 3154/3154/3154 3157/3157/3157 3155/3155/3155 
f 3158/3158/3158 3159/3159/3159 3160/3160/3160 
f 3161/3161/3161 3162/3162/3162 3163/3163/3163 
f 3161/3161/3161 3164/3164/3164 3162/3162/3162 
f 3165/3165/3165 3166/3166/3166 3167/3167/3167 
f 3165/3165/3165 3168/3168/3168 3166/3166/3166 
f 3169/3169/3169 3170/3170/3170 3171/3171/3171 
f 3169/3169/3169 3172/3172/3172 3170/3170/3170 
f 3173/3173/3173 3174/3174/3174 3175/3175/3175 
f 3176/3176/3176 3177/3177/3177 3178/3178/3178 
f 3179/3179/3179 3180/3180/3180 3181/3181/3181 
f 3179/3179/3179 3182/3182/3182 3180/3180/3180 
f 3183/3183/3183 3184/3184/3184 3185/3185/3185 
f 3183/3183/3183 3186/3186/3186 3184/3184/3184 
f 3187/3187/3187 3188/3188/3188 3189/3189/3189 
f 3187/3187/3187 3190/3190/3190 3188/3188/3188 
f 3191/3191/3191 3192/3192/3192 3193/3193/3193 
f 3191/3191/3191 3194/3194/3194 3192/3192/3192 
f 3195/3195/3195 3196/3196/3196 3197/3197/3197 
f 3195/3195/3195 3198/3198/3198 3196/3196/3196 
f 3199/3199/3199 3200/3200/3200 3201/3201/3201 
f 3199/3199/3199 3202/3202/3202 3200/3200/3200 
f 3203/3203/3203 3204/3204/3204 3205/3205/3205 
f 3206/3206/3206 3207/3207/3207 3208/3208/3208 
f 3209/3209/3209 3210/3210/3210 3211/3211/3211 
f 3209/3209/3209 3212/3212/3212 3210/3210/3210 
f 3213/3213/3213 3214/3214/3214 3215/3215/3215 
f 3216/3216/3216 3217/3217/3217 3218/3218/3218 
f 3216/3216/3216 3219/3219/3219 3217/3217/3217 
f 3220/3220/3220 3221/3221/3221 3222/3222/3222 
f 3220/3220/3220 3223/3223/3223 3221/3221/3221 
f 3224/3224/3224 3225/3225/3225 3226/3226/3226 
f 3227/3227/3227 3228/3228/3228 3229/3229/3229 
f 3227/3227/3227 3230/3230/3230 3228/3228/3228 
f 3231/3231/3231 3232/3232/3232 3233/3233/3233 
f 3234/3234/3234 3235/3235/3235 3236/3236/3236 
f 3234/3234/3234 3237/3237/3237 3235/3235/3235 
f 3238/3238/3238 3239/3239/3239 3240/3240/3240 
f 3241/3241/3241 3242/3242/3242 3243/3243/3243 
f 3241/3241/3241 3244/3244/3244 3242/3242/3242 
f 3245/3245/3245 3246/3246/3246 3247/3247/3247 
f 3248/3248/3248 3249/3249/3249 3250/3250/3250 
f 3251/3251/3251 3252/3252/3252 3253/3253/3253 
f 3251/3251/3251 3254/3254/3254 3252/3252/3252 
f 3255/3255/3255 3256/3256/3256 3257/3257/3257 
f 3255/3255/3255 3258/3258/3258 3256/3256/3256 
f 3259/3259/3259 3260/3260/3260 3261/3261/3261 
f 3262/3262/3262 3263/3263/3263 3264/3264/3264 
f 3265/3265/3265 3266/3266/3266 3267/3267/3267 
f 3265/3265/3265 3268/3268/3268 3266/3266/3266 
f 3269/3269/3269 3270/3270/3270 3271/3271/3271 
f 3269/3269/3269 3272/3272/3272 3270/3270/3270 
f 3273/3273/3273 3274/3274/3274 3275/3275/3275 
f 3276/3276/3276 3277/3277/3277 3278/3278/3278 
f 3276/3276/3276 3279/3279/3279 3277/3277/3277 
f 3280/3280/3280 3281/3281/3281 3282/3282/3282 
f 3280/3280/3280 3283/3283/3283 3281/3281/3281 
f 3284/3284/3284 3285/3285/3285 3286/3286/3286 
f 3284/3284/3284 3287/3287/3287 3285/3285/3285 
f 3288/3288/3288 3289/3289/3289 3290/3290/3290 
f 3288/3288/3288 3291/3291/3291 3289/3289/3289 
f 3292/3292/3292 3293/3293/3293 3294/3294/3294 
f 3292/3292/3292 3295/3295/3295 3293/3293/3293 
f 3296/3296/3296 3297/3297/3297 3298/3298/3298 
f 3296/3296/3296 3299/3299/3299 3297/3297/3297 
f 3300/3300/3300 3301/3301/3301 3302/3302/3302 
f 3300/3300/3300 3303/3303/3303 3301/3301/3301 
f 3304/3304/3304 3305/3305/3305 3306/3306/3306 
f 3304/3304/3304 3307/3307/3307 3305/3305/3305 
f 3308/3308/3308 3309/3309/3309 3310/3310/3310 
f 3308/3308/3308 3311/3311/3311 3309/3309/3309 
f 3312/3312/3312 3313/3313/3313 3314/3314/3314 
f 3312/3312/3312 3315/3315/3315 3313/3313/3313 
f 3316/3316/3316 3317/3317/3317 3318/3318/3318 
f 3316/3316/3316 3319/3319/3319 3317/3317/3317 
f 3320/3320/3320 3321/3321/3321 3322/3322/3322 
f 3320/3320/3320 3323/3323/3323 3321/3321/3321 
f 3324/3324/3324 3325/3325/3325 3326/3326/3326 
f 3324/3324/3324 3327/3327/3327 3325/3325/3325 
f 3328/3328/3328 3329/3329/3329 3330/3330/3330 
f 3328/3328/3328 3331/3331/3331 3329/3329/3329 
f 3332/3332/3332 3333/3333/3333 3334/3334/3334 
f 3332/3332/3332 3335/3335/3335 3333/3333/3333 
f 3336/3336/3336 3337/3337/3337 3338/3338/3338 
f 3336/3336/3336 3339/3339/3339 3337/3337/3337 
f 3340/3340/3340 3341/3341/3341 3342/3342/3342 
f 3340/3340/3340 3343/3343/3343 3341/3341/3341 
f 3344/3344/3344 3345/3345/3345 3346/3346/3346 
f 3344/3344/3344 3347/3347/3347 3345/3345/3345 
f 3348/3348/3348 3349/3349/3349 3350/3350/3350 
f 3348/3348/3348 3351/3351/3351 3349/3349/3349 
f 3352/3352/3352 3353/3353/3353 3354/3354/3354 
f 3352/3352/3352 3355/3355/3355 3353/3353/3353 
f 3356/3356/3356 3357/3357/3357 3358/3358/3358 
f 3356/3356/3356 3359/3359/3359 3357/3357/3357 
f 3360/3360/3360 3361/3361/3361 3362/3362/3362 
f 3360/3360/3360 3363/3363/3363 3361/3361/3361 
f 3364/3364/3364 3365/3365/3365 3366/3366/3366 
f 3364/3364/3364 3367/3367/3367 3365/3365/3365 
f 3368/3368/3368 3369/3369/3369 3370/3370/3370 
f 3368/3368/3368 3371/3371/3371 3369/3369/3369 
f 3372/3372/3372 3373/3373/3373 3374/3374/3374 
f 3372/3372/3372 3375/3375/3375 3373/3373/3373 
f 3376/3376/3376 3372/3372/3372 3374/3374/3374 
f 3376/3376/3376 3374/3374/3374 3377/3377/3377 
f 3378/3378/3378 3376/3376/3376 3377/3377/3377 
f 3378/3378/3378 3377/3377/3377 3379/3379/3379 
f 3380/3380/3380 3378/3378/3378 3379/3379/3379 
f 3380/3380/3380 3379/3379/3379 3381/3381/3381 
f 3382/3382/3382 3383/3383/3383 3384/3384/3384 
f 3382/3382/3382 3385/3385/3385 3383/3383/3383 
f 3386/3386/3386 3387/3387/3387 3388/3388/3388 
f 3386/3386/3386 3389/3389/3389 3387/3387/3387 
f 3390/3390/3390 3391/3391/3391 3392/3392/3392 
f 3390/3390/3390 3393/3393/3393 3391/3391/3391 
f 3394/3394/3394 3395/3395/3395 3396/3396/3396 
f 3394/3394/3394 3397/3397/3397 3395/3395/3395 
f 3398/3398/3398 3399/3399/3399 3400/3400/3400 
f 3398/3398/3398 3401/3401/3401 3399/3399/3399 
f 3402/3402/3402 3403/3403/3403 3404/3404/3404 
f 3402/3402/3402 3405/3405/3405 3403/3403/3403 
f 3406/3406/3406 3407/3407/3407 3408/3408/3408 
f 3406/3406/3406 3409/3409/3409 3407/3407/3407 
f 3410/3410/3410 3411/3411/3411 3412/3412/3412 
f 3410/3410/3410 3413/3413/3413 3411/3411/3411 
f 3414/3414/3414 3415/3415/3415 3416/3416/3416 
f 3417/3417/3417 3418/3418/3418 3419/3419/3419 
f 3420/3420/3420 3421/3421/3421 3422/3422/3422 
f 3420/3420/3420 3423/3423/3423 3421/3421/3421 
f 3424/3424/3424 3425/3425/3425 3426/3426/3426 
f 3424/3424/3424 3427/3427/3427 3425/3425/3425 
f 3428/3428/3428 3429/3429/3429 3430/3430/3430 
f 3428/3428/3428 3431/3431/3431 3429/3429/3429 
f 3432/3432/3432 3433/3433/3433 3434/3434/3434 
f 3432/3432/3432 3435/3435/3435 3433/3433/3433 
f 3436/3436/3436 3437/3437/3437 3438/3438/3438 
f 3436/3436/3436 3439/3439/3439 3437/3437/3437 
f 3440/3440/3440 3441/3441/3441 3442/3442/3442 
f 3440/3440/3440 3443/3443/3443 3441/3441/3441 
f 3444/3444/3444 3445/3445/3445 3446/3446/3446 
f 3444/3444/3444 3447/3447/3447 3445/3445/3445 
f 3448/3448/3448 3449/3449/3449 3450/3450/3450 
f 3448/3448/3448 3451/3451/3451 3449/3449/3449 
f 3452/3452/3452 3453/3453/3453 3454/3454/3454 
f 3452/3452/3452 3455/3455/3455 3453/3453/3453 
f 3456/3456/3456 3457/3457/3457 3458/3458/3458 
f 3456/3456/3456 3459/3459/3459 3457/3457/3457 
f 3460/3460/3460 3461/3461/3461 3462/3462/3462 
f 3460/3460/3460 3463/3463/3463 3461/3461/3461 
f 3464/3464/3464 3465/3465/3465 3466/3466/3466 
f 3464/3464/3464 3467/3467/3467 3465/3465/3465 
f 3468/3468/3468 3469/3469/3469 3470/3470/3470 
f 3468/3468/3468 3471/3471/3471 3469/3469/3469 
f 3472/3472/3472 3473/3473/3473 3474/3474/3474 
f 3472/3472/3472 3475/3475/3475 3473/3473/3473 
f 3476/3476/3476 3477/3477/3477 3478/3478/3478 
f 3476/3476/3476 3479/3479/3479 3477/3477/3477 
f 3480/3480/3480 3481/3481/3481 3482/3482/3482 
f 3480/3480/3480 3483/3483/3483 3481/3481/3481 
f 3484/3484/3484 3485/3485/3485 3486/3486/3486 
f 3484/3484/3484 3487/3487/3487 3485/3485/3485 
f 3488/3488/3488 3489/3489/3489 3490/3490/3490 
f 3488/3488/3488 3491/3491/3491 3489/3489/3489 
f 3492/3492/3492 3493/3493/3493 3494/3494/3494 
f 3495/3495/3495 3496/3496/3496 3497/3497/3497 
f 3498/3498/3498 3499/3499/3499 3500/3500/3500 
f 3498/3498/3498 3501/3501/3501 3499/3499/3499 
f 3502/3502/3502 3503/3503/3503 3504/3504/3504 
f 3502/3502/3502 3505/3505/3505 3503/3503/3503 
f 3506/3506/3506 3507/3507/3507 3508/3508/3508 
f 3506/3506/3506 3509/3509/3509 3507/3507/3507 
f 3510/3510/3510 3511/3511/3511 3512/3512/3512 
f 3510/3510/3510 3513/3513/3513 3511/3511/3511 
f 3514/3514/3514 3515/3515/3515 3516/3516/3516 
f 3514/3514/3514 3517/3517/3517 3515/3515/3515 
f 3518/3518/3518 3519/3519/3519 3520/3520/3520 
f 3518/3518/3518 3521/3521/3521 3519/3519/3519 
f 3522/3522/3522 3523/3523/3523 3524/3524/3524 
f 3522/3522/3522 3525/3525/3525 3523/3523/3523 
f 3526/3526/3526 3527/3527/3527 3528/3528/3528 
f 3526/3526/3526 3529/3529/3529 3527/3527/3527 
f 3530/3530/3530 3531/3531/3531 3532/3532/3532 
f 3530/3530/3530 3533/3533/3533 3531/3531/3531 
f 3534/3534/3534 3535/3535/3535 3536/3536/3536 
f 3534/3534/3534 3537/3537/3537 3535/3535/3535 
f 3538/3538/3538 3539/3539/3539 3540/3540/3540 
f 3538/3538/3538 3541/3541/3541 3539/3539/3539 
f 3542/3542/3542 3543/3543/3543 3544/3544/3544 
f 3542/3542/3542 3545/3545/3545 3543/3543/3543 
f 3546/3546/3546 3547/3547/3547 3548/3548/3548 
f 3546/3546/3546 3549/3549/3549 3547/3547/3547 
f 3550/3550/3550 3551/3551/3551 3552/3552/3552 
f 3550/3550/3550 3553/3553/3553 3551/3551/3551 
f 3554/3554/3554 3555/3555/3555 3556/3556/3556 
f 3554/3554/3554 3557/3557/3557 3555/3555/3555 
f 3558/3558/3558 3559/3559/3559 3560/3560/3560 
f 3558/3558/3558 3561/3561/3561 3559/3559/3559 
f 3562/3562/3562 3563/3563/3563 3564/3564/3564 
f 3562/3562/3562 3565/3565/3565 3563/3563/3563 
f 3566/3566/3566 3567/3567/3567 3568/3568/3568 
f 3566/3566/3566 3569/3569/3569 3567/3567/3567 
f 3570/3570/3570 3571/3571/3571 3572/3572/3572 
f 3570/3570/3570 3573/3573/3573 3571/3571/3571 
f 3574/3574/3574 3575/3575/3575 3576/3576/3576 
f 3574/3574/3574 3577/3577/3577 3575/3575/3575 
f 3578/3578/3578 3579/3579/3579 3580/3580/3580 
f 3578/3578/3578 3581/3581/3581 3579/3579/3579 
f 3582/3582/3582 3583/3583/3583 3584/3584/3584 
f 3585/3585/3585 3586/3586/3586 3587/3587/3587 
f 3585/3585/3585 3588/3588/3588 3586/3586/3586 
f 3589/3589/3589 3590/3590/3590 3591/3591/3591 
f 3589/3589/3589 3592/3592/3592 3590/3590/3590 
f 3593/3593/3593 3594/3594/3594 3595/3595/3595 
f 3593/3593/3593 3596/3596/3596 3594/3594/3594 
f 3597/3597/3597 3598/3598/3598 3599/3599/3599 
f 3597/3597/3597 3600/3600/3600 3598/3598/3598 
f 3601/3601/3601 3602/3602/3602 3603/3603/3603 
f 3601/3601/3601 3604/3604/3604 3602/3602/3602 
f 3605/3605/3605 3606/3606/3606 3607/3607/3607 
f 3605/3605/3605 3608/3608/3608 3606/3606/3606 
f 3609/3609/3609 3610/3610/3610 3611/3611/3611 
f 3609/3609/3609 3612/3612/3612 3610/3610/3610 
f 3613/3613/3613 3614/3614/3614 3615/3615/3615 
f 3613/3613/3613 3616/3616/3616 3614/3614/3614 
f 3617/3617/3617 3618/3618/3618 3619/3619/3619 
f 3617/3617/3617 3620/3620/3620 3618/3618/3618 
f 3621/3621/3621 3622/3622/3622 3623/3623/3623 
f 3621/3621/3621 3624/3624/3624 3622/3622/3622 
f 3625/3625/3625 3626/3626/3626 3627/3627/3627 
f 3625/3625/3625 3628/3628/3628 3626/3626/3626 
f 3629/3629/3629 3630/3630/3630 3631/3631/3631 
f 3632/3632/3632 3633/3633/3633 3634/3634/3634 
f 3635/3635/3635 3636/3636/3636 3637/3637/3637 
f 3635/3635/3635 3638/3638/3638 3636/3636/3636 
f 3639/3639/3639 3640/3640/3640 3641/3641/3641 
f 3642/3642/3642 3643/3643/3643 3644/3644/3644 
f 3645/3645/3645 3646/3646/3646 3647/3647/3647 
f 3645/3645/3645 3648/3648/3648 3646/3646/3646 
f 3649/3649/3649 3650/3650/3650 3651/3651/3651 
f 3649/3649/3649 3652/3652/3652 3650/3650/3650 
f 3653/3653/3653 3654/3654/3654 3655/3655/3655 
f 3653/3653/3653 3656/3656/3656 3654/3654/3654 
f 3657/3657/3657 3658/3658/3658 3659/3659/3659 
f 3657/3657/3657 3660/3660/3660 3658/3658/3658 
f 3661/3661/3661 3662/3662/3662 3663/3663/3663 
f 3661/3661/3661 3664/3664/3664 3662/3662/3662 
f 3665/3665/3665 3666/3666/3666 3667/3667/3667 
f 3665/3665/3665 3668/3668/3668 3666/3666/3666 
f 3669/3669/3669 3670/3670/3670 3671/3671/3671 
f 3669/3669/3669 3672/3672/3672 3670/3670/3670 
f 3673/3673/3673 3674/3674/3674 3675/3675/3675 
f 3673/3673/3673 3676/3676/3676 3674/3674/3674 
f 3677/3677/3677 3678/3678/3678 3679/3679/3679 
f 3679/3679/3679 3678/3678/3678 3680/3680/3680 
f 3677/3677/3677 3681/3681/3681 3678/3678/3678 
f 3679/3679/3679 3680/3680/3680 3682/3682/3682 
f 3683/3683/3683 3681/3681/3681 3677/3677/3677 
f 3682/3682/3682 3680/3680/3680 3684/3684/3684 
f 3683/3683/3683 3684/3684/3684 3681/3681/3681 
f 3682/3682/3682 3684/3684/3684 3683/3683/3683 
f 3685/3685/3685 3686/3686/3686 3687/3687/3687 
f 3685/3685/3685 3688/3688/3688 3686/3686/3686 
f 3689/3689/3689 3690/3690/3690 3691/3691/3691 
f 3689/3689/3689 3692/3692/3692 3690/3690/3690 
f 3693/3693/3693 3694/3694/3694 3695/3695/3695 
f 3693/3693/3693 3696/3696/3696 3694/3694/3694 
f 3697/3697/3697 3698/3698/3698 3699/3699/3699 
f 3697/3697/3697 3700/3700/3700 3698/3698/3698 
f 3701/3701/3701 3702/3702/3702 3703/3703/3703 
f 3701/3701/3701 3704/3704/3704 3702/3702/3702 
f 3705/3705/3705 3706/3706/3706 3707/3707/3707 
f 3705/3705/3705 3708/3708/3708 3706/3706/3706 
f 3709/3709/3709 3710/3710/3710 3711/3711/3711 
f 3709/3709/3709 3712/3712/3712 3710/3710/3710 
f 3710/3710/3710 3713/3713/3713 3711/3711/3711 
f 3710/3710/3710 3714/3714/3714 3713/3713/3713 
f 3714/3714/3714 3715/3715/3715 3713/3713/3713 
f 3714/3714/3714 3716/3716/3716 3715/3715/3715 
f 3717/3717/3717 3718/3718/3718 3719/3719/3719 
f 3717/3717/3717 3720/3720/3720 3718/3718/3718 
f 3721/3721/3721 3722/3722/3722 3723/3723/3723 
f 3721/3721/3721 3724/3724/3724 3722/3722/3722 
f 3725/3725/3725 3726/3726/3726 3727/3727/3727 
f 3725/3725/3725 3728/3728/3728 3726/3726/3726 
f 3729/3729/3729 3730/3730/3730 3731/3731/3731 
f 3732/3732/3732 3733/3733/3733 3734/3734/3734 
f 3735/3735/3735 3736/3736/3736 3737/3737/3737 
f 3738/3738/3738 3739/3739/3739 3740/3740/3740 
f 3741/3741/3741 3742/3742/3742 3743/3743/3743 
f 3741/3741/3741 3744/3744/3744 3742/3742/3742 
f 3745/3745/3745 3746/3746/3746 3747/3747/3747 
f 3745/3745/3745 3748/3748/3748 3746/3746/3746 
f 3749/3749/3749 3750/3750/3750 3751/3751/3751 
f 3749/3749/3749 3752/3752/3752 3750/3750/3750 
f 3753/3753/3753 3754/3754/3754 3755/3755/3755 
f 3756/3756/3756 3757/3757/3757 3758/3758/3758 
f 3756/3756/3756 3759/3759/3759 3757/3757/3757 
f 3760/3760/3760 3761/3761/3761 3762/3762/3762 
f 3760/3760/3760 3763/3763/3763 3761/3761/3761 
f 3764/3764/3764 3765/3765/3765 3766/3766/3766 
f 3767/3767/3767 3768/3768/3768 3769/3769/3769 
f 3767/3767/3767 3770/3770/3770 3768/3768/3768 
f 3771/3771/3771 3772/3772/3772 3773/3773/3773 
f 3771/3771/3771 3774/3774/3774 3772/3772/3772 
f 3775/3775/3775 3776/3776/3776 3777/3777/3777 
f 3775/3775/3775 3778/3778/3778 3776/3776/3776 
f 3779/3779/3779 3780/3780/3780 3781/3781/3781 
f 3779/3779/3779 3782/3782/3782 3780/3780/3780 
f 3783/3783/3783 3784/3784/3784 3785/3785/3785 
f 3783/3783/3783 3786/3786/3786 3784/3784/3784 
f 3787/3787/3787 3788/3788/3788 3789/3789/3789 
f 3787/3787/3787 3790/3790/3790 3788/3788/3788 
f 3791/3791/3791 3792/3792/3792 3793/3793/3793 
f 3791/3791/3791 3794/3794/3794 3792/3792/3792 
f 3795/3795/3795 3796/3796/3796 3797/3797/3797 
f 3795/3795/3795 3798/3798/3798 3796/3796/3796 
f 3799/3799/3799 3800/3800/3800 3801/3801/3801 
f 3799/3799/3799 3802/3802/3802 3800/3800/3800 
f 3803/3803/3803 3804/3804/3804 3805/3805/3805 
f 3806/3806/3806 3807/3807/3807 3808/3808/3808 
f 3806/3806/3806 3809/3809/3809 3807/3807/3807 
f 3810/3810/3810 3811/3811/3811 3812/3812/3812 
f 3810/3810/3810 3813/3813/3813 3811/3811/3811 
f 3814/3814/3814 3815/3815/3815 3816/3816/3816 
f 3814/3814/3814 3817/3817/3817 3815/3815/3815 
f 3818/3818/3818 3819/3819/3819 3820/3820/3820 
f 3818/3818/3818 3821/3821/3821 3819/3819/3819 
f 3822/3822/3822 3823/3823/3823 3824/3824/3824 
f 3825/3825/3825 3826/3826/3826 3827/3827/3827 
f 3825/3825/3825 3828/3828/3828 3826/3826/3826 
f 3829/3829/3829 3830/3830/3830 3831/3831/3831 
f 3829/3829/3829 3832/3832/3832 3830/3830/3830 
f 3833/3833/3833 3834/3834/3834 3835/3835/3835 
f 3833/3833/3833 3836/3836/3836 3834/3834/3834 
f 3837/3837/3837 3838/3838/3838 3839/3839/3839 
f 3837/3837/3837 3840/3840/3840 3838/3838/3838 
f 3841/3841/3841 3842/3842/3842 3843/3843/3843 
f 3841/3841/3841 3844/3844/3844 3842/3842/3842 
f 3845/3845/3845 3846/3846/3846 3847/3847/3847 
f 3845/3845/3845 3848/3848/3848 3846/3846/3846 
f 3846/3846/3846 3848/3848/3848 3849/3849/3849 
f 3846/3846/3846 3849/3849/3849 3850/3850/3850 
f 3851/3851/3851 3852/3852/3852 3853/3853/3853 
f 3854/3854/3854 3851/3851/3851 3853/3853/3853 
f 3855/3855/3855 3854/3854/3854 3853/3853/3853 
f 3853/3853/3853 3856/3856/3856 3855/3855/3855 
f 3856/3856/3856 3857/3857/3857 3855/3855/3855 
f 3857/3857/3857 3858/3858/3858 3855/3855/3855 
f 3859/3859/3859 3860/3860/3860 3861/3861/3861 
f 3859/3859/3859 3862/3862/3862 3860/3860/3860 
f 3863/3863/3863 3864/3864/3864 3865/3865/3865 
f 3866/3866/3866 3867/3867/3867 3868/3868/3868 
f 3866/3866/3866 3869/3869/3869 3867/3867/3867 
f 3870/3870/3870 3871/3871/3871 3872/3872/3872 
f 3873/3873/3873 3874/3874/3874 3875/3875/3875 
f 3873/3873/3873 3876/3876/3876 3874/3874/3874 
f 3877/3877/3877 3878/3878/3878 3879/3879/3879 
f 3877/3877/3877 3880/3880/3880 3878/3878/3878 
f 3881/3881/3881 3882/3882/3882 3883/3883/3883 
f 3881/3881/3881 3884/3884/3884 3882/3882/3882 
f 3885/3885/3885 3886/3886/3886 3887/3887/3887 
f 3885/3885/3885 3888/3888/3888 3886/3886/3886 
f 3889/3889/3889 3890/3890/3890 3891/3891/3891 
f 3889/3889/3889 3892/3892/3892 3890/3890/3890 
f 3893/3893/3893 3894/3894/3894 3895/3895/3895 
f 3893/3893/3893 3896/3896/3896 3894/3894/3894 
f 3896/3896/3896 3897/3897/3897 3894/3894/3894 
f 3896/3896/3896 3898/3898/3898 3897/3897/3897 
f 3898/3898/3898 3899/3899/3899 3897/3897/3897 
f 3898/3898/3898 3900/3900/3900 3899/3899/3899 
f 3899/3899/3899 3900/3900/3900 3901/3901/3901 
f 3899/3899/3899 3901/3901/3901 3902/3902/3902 
f 3902/3902/3902 3901/3901/3901 3903/3903/3903 
f 3902/3902/3902 3903/3903/3903 3904/3904/3904 
f 3904/3904/3904 3903/3903/3903 3905/3905/3905 
f 3904/3904/3904 3905/3905/3905 3906/3906/3906 
f 3907/3907/3907 3908/3908/3908 3909/3909/3909 
f 3907/3907/3907 3910/3910/3910 3908/3908/3908 
f 3911/3911/3911 3912/3912/3912 3913/3913/3913 
f 3911/3911/3911 3914/3914/3914 3912/3912/3912 
f 3915/3915/3915 3913/3913/3913 3912/3912/3912 
f 3915/3915/3915 3912/3912/3912 3916/3916/3916 
f 3917/3917/3917 3918/3918/3918 3919/3919/3919 
f 3920/3920/3920 3917/3917/3917 3919/3919/3919 
f 3921/3921/3921 3920/3920/3920 3919/3919/3919 
f 3919/3919/3919 3922/3922/3922 3921/3921/3921 
f 3922/3922/3922 3923/3923/3923 3921/3921/3921 
f 3923/3923/3923 3924/3924/3924 3921/3921/3921 
f 3925/3925/3925 3926/3926/3926 3927/3927/3927 
f 3925/3925/3925 3928/3928/3928 3926/3926/3926 
f 3929/3929/3929 3930/3930/3930 3931/3931/3931 
f 3929/3929/3929 3932/3932/3932 3930/3930/3930 
f 3933/3933/3933 3934/3934/3934 3935/3935/3935 
f 3933/3933/3933 3936/3936/3936 3934/3934/3934 
f 3937/3937/3937 3934/3934/3934 3936/3936/3936 
f 3937/3937/3937 3938/3938/3938 3934/3934/3934 
f 3939/3939/3939 3940/3940/3940 3941/3941/3941 
f 3939/3939/3939 3942/3942/3942 3940/3940/3940 
f 3943/3943/3943 3944/3944/3944 3945/3945/3945 
f 3946/3946/3946 3947/3947/3947 3948/3948/3948 
f 3949/3949/3949 3950/3950/3950 3951/3951/3951 
f 3949/3949/3949 3952/3952/3952 3950/3950/3950 
f 3953/3953/3953 3954/3954/3954 3955/3955/3955 
f 3956/3956/3956 3957/3957/3957 3958/3958/3958 

g Part3

v -178.344 3.8561 -66.0772 
v -177.906 3.8561 -66.0772 
v -178.344 0.556098 -66.0772 
v -177.906 0.556098 -66.0772 
v -177.906 3.8561 -65.6397 
v -177.906 3.8561 -66.0772 
v -178.344 3.8561 -65.6397 
v -178.344 3.8561 -66.0772 
v -177.906 3.8561 -66.0772 
v -177.906 3.8561 -65.6397 
v -177.906 0.556098 -66.0772 
v -177.906 0.556098 -65.6397 
v -177.906 3.8561 -65.6397 
v -178.344 3.8561 -65.6397 
v -177.906 0.556098 -65.6397 
v -178.344 0.556098 -65.6397 
v -178.344 0.556098 -65.6397 
v -178.344 0.556098 -66.0772 
v -177.906 0.556098 -65.6397 
v -177.906 0.556098 -66.0772 
v -178.344 3.8561 -65.6397 
v -178.344 3.8561 -66.0772 
v -178.344 0.556098 -65.6397 
v -178.344 0.556098 -66.0772 

vn 0 0 -1 
vn 0 0 -1 
vn 0 0 -1 
vn 0 0 -1 
vn 0 1 0 
vn 0 1 0 
vn 0 1 0 
vn 0 1 0 
vn 1 0 0 
vn 1 0 0 
vn 1 0 0 
vn 1 0 0 
vn 0 0 1 
vn 0 0 1 
vn 0 0 1 
vn 0 0 1 
vn 0 -1 0 
vn 0 -1 0 
vn 0 -1 0 
vn 0 -1 0 
vn -1 0 0 
vn -1 0 0 
vn -1 0 0 
vn -1 0 0 

vt 0.22882 1.03758 
vt 0.174132 1.03758 
vt 0.22882 0.625084 
vt 0.174132 0.625084 
vt 0.22882 1.03758 
vt 0.174132 1.03758 
vt 0.22882 0.982897 
vt 0.174132 0.982897 
vt 0.22882 1.03758 
vt 0.174132 1.03758 
vt 0.22882 0.625084 
vt 0.174132 0.625084 
vt 0.22882 1.03758 
vt 0.174132 1.03758 
vt 0.22882 0.625084 
vt 0.174132 0.625084 
vt 0.22882 1.03758 
vt 0.174132 1.03758 
vt 0.22882 0.982897 
vt 0.174132 0.982897 
vt 0.22882 1.03758 
vt 0.174132 1.03758 
vt 0.22882 0.625084 
vt 0.174132 0.625084 

usemtl Part1Mtl

f 3959/3959/3959 3960/3960/3960 3961/3961/3961 
f 3961/3961/3961 3960/3960/3960 3962/3962/3962 
f 3963/3963/3963 3964/3964/3964 3965/3965/3965 
f 3965/3965/3965 3964/3964/3964 3966/3966/3966 
f 3967/3967/3967 3968/3968/3968 3969/3969/3969 
f 3969/3969/3969 3968/3968/3968 3970/3970/3970 
f 3971/3971/3971 3972/3972/3972 3973/3973/3973 
f 3973/3973/3973 3972/3972/3972 3974/3974/3974 
f 3975/3975/3975 3976/3976/3976 3977/3977/3977 
f 3977/3977/3977 3976/3976/3976 3978/3978/3978 
f 3979/3979/3979 3980/3980/3980 3981/3981/3981 
f 3981/3981/3981 3980/3980/3980 3982/3982/3982 

g Part4

v -180.844 3.8561 -66.0772 
v -180.406 3.8561 -66.0772 
v -180.844 0.556098 -66.0772 
v -180.406 0.556098 -66.0772 
v -180.406 3.8561 -65.6397 
v -180.406 3.8561 -66.0772 
v -180.844 3.8561 -65.6397 
v -180.844 3.8561 -66.0772 
v -180.406 3.8561 -66.0772 
v -180.406 3.8561 -65.6397 
v -180.406 0.556098 -66.0772 
v -180.406 0.556098 -65.6397 
v -180.406 3.8561 -65.6397 
v -180.844 3.8561 -65.6397 
v -180.406 0.556098 -65.6397 
v -180.844 0.556098 -65.6397 
v -180.844 0.556098 -65.6397 
v -180.844 0.556098 -66.0772 
v -180.406 0.556098 -65.6397 
v -180.406 0.556098 -66.0772 
v -180.844 3.8561 -65.6397 
v -180.844 3.8561 -66.0772 
v -180.844 0.556098 -65.6397 
v -180.844 0.556098 -66.0772 

vn 0 0 -1 
vn 0 0 -1 
vn 0 0 -1 
vn 0 0 -1 
vn 0 1 0 
vn 0 1 0 
vn 0 1 0 
vn 0 1 0 
vn 1 0 0 
vn 1 0 0 
vn 1 0 0 
vn 1 0 0 
vn 0 0 1 
vn 0 0 1 
vn 0 0 1 
vn 0 0 1 
vn 0 -1 0 
vn 0 -1 0 
vn 0 -1 0 
vn 0 -1 0 
vn -1 0 0 
vn -1 0 0 
vn -1 0 0 
vn -1 0 0 

vt 0.132421 0.934307 
vt 0.0777333 0.934307 
vt 0.132421 0.521807 
vt 0.0777333 0.521807 
vt 0.132421 0.934307 
vt 0.0777333 0.934307 
vt 0.132421 0.879619 
vt 0.0777333 0.879619 
vt 0.132421 0.934307 
vt 0.0777333 0.934307 
vt 0.132421 0.521807 
vt 0.0777333 0.521807 
vt 0.132421 0.934307 
vt 0.0777333 0.934307 
vt 0.132421 0.521807 
vt 0.0777333 0.521807 
vt 0.132421 0.934307 
vt 0.0777333 0.934307 
vt 0.132421 0.879619 
vt 0.0777333 0.879619 
vt 0.132421 0.934307 
vt 0.0777333 0.934307 
vt 0.132421 0.521807 
vt 0.0777333 0.521807 

usemtl Part1Mtl

f 3983/3983/3983 3984/3984/3984 3985/3985/3985 
f 3985/3985/3985 3984/3984/3984 3986/3986/3986 
f 3987/3987/3987 3988/3988/3988 3989/3989/3989 
f 3989/3989/3989 3988/3988/3988 3990/3990/3990 
f 3991/3991/3991 3992/3992/3992 3993/3993/3993 
f 3993/3993/3993 3992/3992/3992 3994/3994/3994 
f 3995/3995/3995 3996/3996/3996 3997/3997/3997 
f 3997/3997/3997 3996/3996/3996 3998/3998/3998 
f 3999/3999/3999 4000/4000/4000 4001/4001/4001 
f 4001/4001/4001 4000/4000/4000 4002/4002/4002 
f 4003/4003/4003 4004/4004/4004 4005/4005/4005 
f 4005/4005/4005 4004/4004/4004 4006/4006/4006 

g Part5

v -171.25 1.7061 -65.671 
v -178.75 1.7061 -65.671 
v -171.25 0.706099 -65.671 
v -178.75 0.706099 -65.671 
v -178.75 1.7061 -66.046 
v -178.75 1.7061 -65.671 
v -171.25 1.7061 -66.046 
v -171.25 1.7061 -65.671 
v -178.75 1.7061 -65.671 
v -178.75 1.7061 -66.046 
v -178.75 0.706099 -65.671 
v -178.75 0.706099 -66.046 
v -178.75 1.7061 -66.046 
v -171.25 1.7061 -66.046 
v -178.75 0.706099 -66.046 
v -171.25 0.706099 -66.046 
v -171.25 0.706099 -66.046 
v -171.25 0.706099 -65.671 
v -178.75 0.706099 -66.046 
v -178.75 0.706099 -65.671 
v -171.25 1.7061 -66.046 
v -171.25 1.7061 -65.671 
v -171.25 0.706099 -66.046 
v -171.25 0.706099 -65.671 

vn 0 0 1 
vn 0 0 1 
vn 0 0 1 
vn 0 0 1 
vn 0 1 0 
vn 0 1 0 
vn 0 1 0 
vn 0 1 0 
vn -1 0 0 
vn -1 0 0 
vn -1 0 0 
vn -1 0 0 
vn 0 0 -1 
vn 0 0 -1 
vn 0 0 -1 
vn 0 0 -1 
vn 0 -1 0 
vn 0 -1 0 
vn 0 -1 0 
vn 0 -1 0 
vn 1 0 0 
vn 1 0 0 
vn 1 0 0 
vn 1 0 0 

vt 0.887542 1.08439 
vt -0.0499585 1.08439 
vt 0.887542 0.959392 
vt -0.0499585 0.959392 
vt -0.00308349 1.08439 
vt -0.0499585 1.08439 
vt -0.00308349 0.146892 
vt -0.0499585 0.146892 
vt -0.00308349 1.08439 
vt -0.0499585 1.08439 
vt -0.00308349 0.959392 
vt -0.0499585 0.959392 
vt 0.887542 1.08439 
vt -0.0499585 1.08439 
vt 0.887542 0.959392 
vt -0.0499585 0.959392 
vt -0.00308349 1.08439 
vt -0.0499585 1.08439 
vt -0.00308349 0.146892 
vt -0.0499585 0.146892 
vt -0.00308349 1.08439 
vt -0.0499585 1.08439 
vt -0.00308349 0.959392 
vt -0.0499585 0.959392 

usemtl Part1Mtl

f 4007/4007/4007 4008/4008/4008 4009/4009/4009 
f 4009/4009/4009 4008/4008/4008 4010/4010/4010 
f 4011/4011/4011 4012/4012/4012 4013/4013/4013 
f 4013/4013/4013 4012/4012/4012 4014/4014/4014 
f 4015/4015/4015 4016/4016/4016 4017/4017/4017 
f 4017/4017/4017 4016/4016/4016 4018/4018/4018 
f 4019/4019/4019 4020/4020/4020 4021/4021/4021 
f 4021/4021/4021 4020/4020/4020 4022/4022/4022 
f 4023/4023/4023 4024/4024/4024 4025/4025/4025 
f 4025/4025/4025 4024/4024/4024 4026/4026/4026 
f 4027/4027/4027 4028/4028/4028 4029/4029/4029 
f 4029/4029/4029 4028/4028/4028 4030/4030/4030 

g Part6

v -170 1.78111 -63.1085 
v -171.25 1.78111 -63.1085 
v -170 1.63111 -63.1085 
v -171.25 1.63111 -63.1085 
v -171.25 1.78111 -63.6085 
v -171.25 1.78111 -63.1085 
v -170 1.78111 -63.6085 
v -170 1.78111 -63.1085 
v -171.25 1.78111 -63.1085 
v -171.25 1.78111 -63.6085 
v -171.25 1.63111 -63.1085 
v -171.25 1.63111 -63.6085 
v -171.25 1.78111 -63.6085 
v -170 1.78111 -63.6085 
v -171.25 1.63111 -63.6085 
v -170 1.63111 -63.6085 
v -170 1.63111 -63.6085 
v -170 1.63111 -63.1085 
v -171.25 1.63111 -63.6085 
v -171.25 1.63111 -63.1085 
v -170 1.78111 -63.6085 
v -170 1.78111 -63.1085 
v -170 1.63111 -63.6085 
v -170 1.63111 -63.1085 

vn 0 0 1 
vn 0 0 1 
vn 0 0 1 
vn 0 0 1 
vn 0 1 0 
vn 0 1 0 
vn 0 1 0 
vn 0 1 0 
vn -1 0 0 
vn -1 0 0 
vn -1 0 0 
vn -1 0 0 
vn 0 0 -1 
vn 0 0 -1 
vn 0 0 -1 
vn 0 0 -1 
vn 0 -1 0 
vn 0 -1 0 
vn 0 -1 0 
vn 0 -1 0 
vn 1 0 0 
vn 1 0 0 
vn 1 0 0 
vn 1 0 0 

vt 0.267814 0.929327 
vt 0.111564 0.929327 
vt 0.267814 0.910577 
vt 0.111564 0.910577 
vt 0.174064 0.929327 
vt 0.111564 0.929327 
vt 0.174064 0.773077 
vt 0.111564 0.773077 
vt 0.174064 0.929327 
vt 0.111564 0.929327 
vt 0.174064 0.910577 
vt 0.111564 0.910577 
vt 0.267814 0.929327 
vt 0.111564 0.929327 
vt 0.267814 0.910577 
vt 0.111564 0.910577 
vt 0.174064 0.929327 
vt 0.111564 0.929327 
vt 0.174064 0.773077 
vt 0.111564 0.773077 
vt 0.174064 0.929327 
vt 0.111564 0.929327 
vt 0.174064 0.910577 
vt 0.111564 0.910577 

usemtl Part1Mtl

f 4031/4031/4031 4032/4032/4032 4033/4033/4033 
f 4033/4033/4033 4032/4032/4032 4034/4034/4034 
f 4035/4035/4035 4036/4036/4036 4037/4037/4037 
f 4037/4037/4037 4036/4036/4036 4038/4038/4038 
f 4039/4039/4039 4040/4040/4040 4041/4041/4041 
f 4041/4041/4041 4040/4040/4040 4042/4042/4042 
f 4043/4043/4043 4044/4044/4044 4045/4045/4045 
f 4045/4045/4045 4044/4044/4044 4046/4046/4046 
f 4047/4047/4047 4048/4048/4048 4049/4049/4049 
f 4049/4049/4049 4048/4048/4048 4050/4050/4050 
f 4051/4051/4051 4052/4052/4052 4053/4053/4053 
f 4053/4053/4053 4052/4052/4052 4054/4054/4054 

g Part7

v -169.5 3.58111 -63.4834 
v -169.5 3.58111 -65.9834 
v -169.5 1.08111 -63.4834 
v -169.5 1.08111 -65.9834 
v -169.25 3.58111 -65.9834 
v -169.5 3.58111 -65.9834 
v -169.25 3.58111 -63.4834 
v -169.5 3.58111 -63.4834 
v -169.5 3.58111 -65.9834 
v -169.25 3.58111 -65.9834 
v -169.5 1.08111 -65.9834 
v -169.25 1.08111 -65.9834 
v -169.25 3.58111 -65.9834 
v -169.25 3.58111 -63.4834 
v -169.25 1.08111 -65.9834 
v -169.25 1.08111 -63.4834 
v -169.25 1.08111 -63.4834 
v -169.5 1.08111 -63.4834 
v -169.25 1.08111 -65.9834 
v -169.5 1.08111 -65.9834 
v -169.25 3.58111 -63.4834 
v -169.5 3.58111 -63.4834 
v -169.25 1.08111 -63.4834 
v -169.5 1.08111 -63.4834 

vn -1 0 0 
vn -1 0 0 
vn -1 0 0 
vn -1 0 0 
vn 0 1 0 
vn 0 1 0 
vn 0 1 0 
vn 0 1 0 
vn 0 0 -1 
vn 0 0 -1 
vn 0 0 -1 
vn 0 0 -1 
vn 1 0 0 
vn 1 0 0 
vn 1 0 0 
vn 1 0 0 
vn 0 -1 0 
vn 0 -1 0 
vn 0 -1 0 
vn 0 -1 0 
vn 0 0 1 
vn 0 0 1 
vn 0 0 1 
vn 0 0 1 

vt 0.35792 1.00993 
vt 0.0454204 1.00993 
vt 0.35792 0.697431 
vt 0.0454204 0.697431 
vt 0.0766704 1.00993 
vt 0.0454204 1.00993 
vt 0.0766704 0.697431 
vt 0.0454204 0.697431 
vt 0.0766704 1.00993 
vt 0.0454204 1.00993 
vt 0.0766704 0.697431 
vt 0.0454204 0.697431 
vt 0.35792 1.00993 
vt 0.0454204 1.00993 
vt 0.35792 0.697431 
vt 0.0454204 0.697431 
vt 0.0766704 1.00993 
vt 0.0454204 1.00993 
vt 0.0766704 0.697431 
vt 0.0454204 0.697431 
vt 0.0766704 1.00993 
vt 0.0454204 1.00993 
vt 0.0766704 0.697431 
vt 0.0454204 0.697431 

usemtl Part1Mtl

f 4055/4055/4055 4056/4056/4056 4057/4057/4057 
f 4057/4057/4057 4056/4056/4056 4058/4058/4058 
f 4059/4059/4059 4060/4060/4060 4061/4061/4061 
f 4061/4061/4061 4060/4060/4060 4062/4062/4062 
f 4063/4063/4063 4064/4064/4064 4065/4065/4065 
f 4065/4065/4065 4064/4064/4064 4066/4066/4066 
f 4067/4067/4067 4068/4068/4068 4069/4069/4069 
f 4069/4069/4069 4068/4068/4068 4070/4070/4070 
f 4071/4071/4071 4072/4072/4072 4073/4073/4073 
f 4073/4073/4073 4072/4072/4072 4074/4074/4074 
f 4075/4075/4075 4076/4076/4076 4077/4077/4077 
f 4077/4077/4077 4076/4076/4076 4078/4078/4078 

g Part8

v -172.375 0.581103 -66.3586 
v -168.875 0.581103 -66.3586 
v -172.375 0.0811028 -66.3586 
v -168.875 0.0811028 -66.3586 
v -168.875 0.581103 -62.8586 
v -168.875 0.581103 -66.3586 
v -172.375 0.581103 -62.8586 
v -172.375 0.581103 -66.3586 
v -168.875 0.581103 -66.3586 
v -168.875 0.581103 -62.8586 
v -168.875 0.0811028 -66.3586 
v -168.875 0.0811028 -62.8586 
v -168.875 0.581103 -62.8586 
v -172.375 0.581103 -62.8586 
v -168.875 0.0811028 -62.8586 
v -172.375 0.0811028 -62.8586 
v -172.375 0.0811028 -62.8586 
v -172.375 0.0811028 -66.3586 
v -168.875 0.0811028 -62.8586 
v -168.875 0.0811028 -66.3586 
v -172.375 0.581103 -62.8586 
v -172.375 0.581103 -66.3586 
v -172.375 0.0811028 -62.8586 
v -172.375 0.0811028 -66.3586 

vn 0 0 -1 
vn 0 0 -1 
vn 0 0 -1 
vn 0 0 -1 
vn 0 1 0 
vn 0 1 0 
vn 0 1 0 
vn 0 1 0 
vn 1 0 0 
vn 1 0 0 
vn 1 0 0 
vn 1 0 0 
vn 0 0 1 
vn 0 0 1 
vn 0 0 1 
vn 0 0 1 
vn 0 -1 0 
vn 0 -1 0 
vn 0 -1 0 
vn 0 -1 0 
vn -1 0 0 
vn -1 0 0 
vn -1 0 0 
vn -1 0 0 

vt 0.71404 1.1673 
vt 0.27654 1.1673 
vt 0.71404 1.1048 
vt 0.27654 1.1048 
vt 0.71404 1.1673 
vt 0.27654 1.1673 
vt 0.71404 0.729804 
vt 0.27654 0.729804 
vt 0.71404 1.1673 
vt 0.27654 1.1673 
vt 0.71404 1.1048 
vt 0.27654 1.1048 
vt 0.71404 1.1673 
vt 0.27654 1.1673 
vt 0.71404 1.1048 
vt 0.27654 1.1048 
vt 0.71404 1.1673 
vt 0.27654 1.1673 
vt 0.71404 0.729804 
vt 0.27654 0.729804 
vt 0.71404 1.1673 
vt 0.27654 1.1673 
vt 0.71404 1.1048 
vt 0.27654 1.1048 

usemtl Part1Mtl

f 4079/4079/4079 4080/4080/4080 4081/4081/4081 
f 4081/4081/4081 4080/4080/4080 4082/4082/4082 
f 4083/4083/4083 4084/4084/4084 4085/4085/4085 
f 4085/4085/4085 4084/4084/4084 4086/4086/4086 
f 4087/4087/4087 4088/4088/4088 4089/4089/4089 
f 4089/4089/4089 4088/4088/4088 4090/4090/4090 
f 4091/4091/4091 4092/4092/4092 4093/4093/4093 
f 4093/4093/4093 4092/4092/4092 4094/4094/4094 
f 4095/4095/4095 4096/4096/4096 4097/4097/4097 
f 4097/4097/4097 4096/4096/4096 4098/4098/4098 
f 4099/4099/4099 4100/4100/4100 4101/4101/4101 
f 4101/4101/4101 4100/4100/4100 4102/4102/4102 

g Part9

v -169.562 1.7061 -63.3586 
v -169.562 1.7061 -65.8586 
v -169.562 0.706099 -63.3586 
v -169.562 0.706099 -65.8586 
v -169.187 1.7061 -65.8586 
v -169.562 1.7061 -65.8586 
v -169.187 1.7061 -63.3586 
v -169.562 1.7061 -63.3586 
v -169.562 1.7061 -65.8586 
v -169.187 1.7061 -65.8586 
v -169.562 0.706099 -65.8586 
v -169.187 0.706099 -65.8586 
v -169.187 1.7061 -65.8586 
v -169.187 1.7061 -63.3586 
v -169.187 0.706099 -65.8586 
v -169.187 0.706099 -63.3586 
v -169.187 0.706099 -63.3586 
v -169.562 0.706099 -63.3586 
v -169.187 0.706099 -65.8586 
v -169.562 0.706099 -65.8586 
v -169.187 1.7061 -63.3586 
v -169.562 1.7061 -63.3586 
v -169.187 0.706099 -63.3586 
v -169.562 0.706099 -63.3586 

vn -1 0 0 
vn -1 0 0 
vn -1 0 0 
vn -1 0 0 
vn 0 1 0 
vn 0 1 0 
vn 0 1 0 
vn 0 1 0 
vn 0 0 -1 
vn 0 0 -1 
vn 0 0 -1 
vn 0 0 -1 
vn 1 0 0 
vn 1 0 0 
vn 1 0 0 
vn 1 0 0 
vn 0 -1 0 
vn 0 -1 0 
vn 0 -1 0 
vn 0 -1 0 
vn 0 0 1 
vn 0 0 1 
vn 0 0 1 
vn 0 0 1 

vt 0.346025 0.841772 
vt 0.0335246 0.841772 
vt 0.346025 0.716772 
vt 0.0335246 0.716772 
vt 0.0803996 0.841772 
vt 0.0335246 0.841772 
vt 0.0803996 0.529272 
vt 0.0335246 0.529272 
vt 0.0803996 0.841772 
vt 0.0335246 0.841772 
vt 0.0803996 0.716772 
vt 0.0335246 0.716772 
vt 0.346025 0.841772 
vt 0.0335246 0.841772 
vt 0.346025 0.716772 
vt 0.0335246 0.716772 
vt 0.0803996 0.841772 
vt 0.0335246 0.841772 
vt 0.0803996 0.529272 
vt 0.0335246 0.529272 
vt 0.0803996 0.841772 
vt 0.0335246 0.841772 
vt 0.0803996 0.716772 
vt 0.0335246 0.716772 

usemtl Part1Mtl

f 4103/4103/4103 4104/4104/4104 4105/4105/4105 
f 4105/4105/4105 4104/4104/4104 4106/4106/4106 
f 4107/4107/4107 4108/4108/4108 4109/4109/4109 
f 4109/4109/4109 4108/4108/4108 4110/4110/4110 
f 4111/4111/4111 4112/4112/4112 4113/4113/4113 
f 4113/4113/4113 4112/4112/4112 4114/4114/4114 
f 4115/4115/4115 4116/4116/4116 4117/4117/4117 
f 4117/4117/4117 4116/4116/4116 4118/4118/4118 
f 4119/4119/4119 4120/4120/4120 4121/4121/4121 
f 4121/4121/4121 4120/4120/4120 4122/4122/4122 
f 4123/4123/4123 4124/4124/4124 4125/4125/4125 
f 4125/4125/4125 4124/4124/4124 4126/4126/4126 

g Part10

v -169.594 3.8561 -63.5772 
v -169.156 3.8561 -63.5772 
v -169.594 0.556098 -63.5772 
v -169.156 0.556098 -63.5772 
v -169.156 3.8561 -63.1397 
v -169.156 3.8561 -63.5772 
v -169.594 3.8561 -63.1397 
v -169.594 3.8561 -63.5772 
v -169.156 3.8561 -63.5772 
v -169.156 3.8561 -63.1397 
v -169.156 0.556098 -63.5772 
v -169.156 0.556098 -63.1397 
v -169.156 3.8561 -63.1397 
v -169.594 3.8561 -63.1397 
v -169.156 0.556098 -63.1397 
v -169.594 0.556098 -63.1397 
v -169.594 0.556098 -63.1397 
v -169.594 0.556098 -63.5772 
v -169.156 0.556098 -63.1397 
v -169.156 0.556098 -63.5772 
v -169.594 3.8561 -63.1397 
v -169.594 3.8561 -63.5772 
v -169.594 0.556098 -63.1397 
v -169.594 0.556098 -63.5772 

vn 0 0 -1 
vn 0 0 -1 
vn 0 0 -1 
vn 0 0 -1 
vn 0 1 0 
vn 0 1 0 
vn 0 1 0 
vn 0 1 0 
vn 1 0 0 
vn 1 0 0 
vn 1 0 0 
vn 1 0 0 
vn 0 0 1 
vn 0 0 1 
vn 0 0 1 
vn 0 0 1 
vn 0 -1 0 
vn 0 -1 0 
vn 0 -1 0 
vn 0 -1 0 
vn -1 0 0 
vn -1 0 0 
vn -1 0 0 
vn -1 0 0 

vt 0.0740606 1.15259 
vt 0.019373 1.15259 
vt 0.0740606 0.74009 
vt 0.019373 0.74009 
vt 0.0740606 1.15259 
vt 0.019373 1.15259 
vt 0.0740606 1.0979 
vt 0.019373 1.0979 
vt 0.0740606 1.15259 
vt 0.019373 1.15259 
vt 0.0740606 0.74009 
vt 0.019373 0.74009 
vt 0.0740606 1.15259 
vt 0.019373 1.15259 
vt 0.0740606 0.74009 
vt 0.019373 0.74009 
vt 0.0740606 1.15259 
vt 0.019373 1.15259 
vt 0.0740606 1.0979 
vt 0.019373 1.0979 
vt 0.0740606 1.15259 
vt 0.019373 1.15259 
vt 0.0740606 0.74009 
vt 0.019373 0.74009 

usemtl Part1Mtl

f 4127/4127/4127 4128/4128/4128 4129/4129/4129 
f 4129/4129/4129 4128/4128/4128 4130/4130/4130 
f 4131/4131/4131 4132/4132/4132 4133/4133/4133 
f 4133/4133/4133 4132/4132/4132 4134/4134/4134 
f 4135/4135/4135 4136/4136/4136 4137/4137/4137 
f 4137/4137/4137 4136/4136/4136 4138/4138/4138 
f 4139/4139/4139 4140/4140/4140 4141/4141/4141 
f 4141/4141/4141 4140/4140/4140 4142/4142/4142 
f 4143/4143/4143 4144/4144/4144 4145/4145/4145 
f 4145/4145/4145 4144/4144/4144 4146/4146/4146 
f 4147/4147/4147 4148/4148/4148 4149/4149/4149 
f 4149/4149/4149 4148/4148/4148 4150/4150/4150 

g Part11

v -178.312 1.7061 -63.3586 
v -178.312 1.7061 -65.8586 
v -178.312 0.706099 -63.3586 
v -178.312 0.706099 -65.8586 
v -177.938 1.7061 -65.8586 
v -178.312 1.7061 -65.8586 
v -177.938 1.7061 -63.3586 
v -178.312 1.7061 -63.3586 
v -178.312 1.7061 -65.8586 
v -177.938 1.7061 -65.8586 
v -178.312 0.706099 -65.8586 
v -177.938 0.706099 -65.8586 
v -177.938 1.7061 -65.8586 
v -177.938 1.7061 -63.3586 
v -177.938 0.706099 -65.8586 
v -177.938 0.706099 -63.3586 
v -177.938 0.706099 -63.3586 
v -178.312 0.706099 -63.3586 
v -177.938 0.706099 -65.8586 
v -178.312 0.706099 -65.8586 
v -177.938 1.7061 -63.3586 
v -178.312 1.7061 -63.3586 
v -177.938 0.706099 -63.3586 
v -178.312 0.706099 -63.3586 

vn -1 0 0 
vn -1 0 0 
vn -1 0 0 
vn -1 0 0 
vn 0 1 0 
vn 0 1 0 
vn 0 1 0 
vn 0 1 0 
vn 0 0 -1 
vn 0 0 -1 
vn 0 0 -1 
vn 0 0 -1 
vn 1 0 0 
vn 1 0 0 
vn 1 0 0 
vn 1 0 0 
vn 0 -1 0 
vn 0 -1 0 
vn 0 -1 0 
vn 0 -1 0 
vn 0 0 1 
vn 0 0 1 
vn 0 0 1 
vn 0 0 1 

vt 0.471047 0.975286 
vt 0.158547 0.975286 
vt 0.471047 0.850286 
vt 0.158547 0.850286 
vt 0.205422 0.975286 
vt 0.158547 0.975286 
vt 0.205422 0.662786 
vt 0.158547 0.662786 
vt 0.205422 0.975286 
vt 0.158547 0.975286 
vt 0.205422 0.850286 
vt 0.158547 0.850286 
vt 0.471047 0.975286 
vt 0.158547 0.975286 
vt 0.471047 0.850286 
vt 0.158547 0.850286 
vt 0.205422 0.975286 
vt 0.158547 0.975286 
vt 0.205422 0.662786 
vt 0.158547 0.662786 
vt 0.205422 0.975286 
vt 0.158547 0.975286 
vt 0.205422 0.850286 
vt 0.158547 0.850286 

usemtl Part1Mtl

f 4151/4151/4151 4152/4152/4152 4153/4153/4153 
f 4153/4153/4153 4152/4152/4152 4154/4154/4154 
f 4155/4155/4155 4156/4156/4156 4157/4157/4157 
f 4157/4157/4157 4156/4156/4156 4158/4158/4158 
f 4159/4159/4159 4160/4160/4160 4161/4161/4161 
f 4161/4161/4161 4160/4160/4160 4162/4162/4162 
f 4163/4163/4163 4164/4164/4164 4165/4165/4165 
f 4165/4165/4165 4164/4164/4164 4166/4166/4166 
f 4167/4167/4167 4168/4168/4168 4169/4169/4169 
f 4169/4169/4169 4168/4168/4168 4170/4170/4170 
f 4171/4171/4171 4172/4172/4172 4173/4173/4173 
f 4173/4173/4173 4172/4172/4172 4174/4174/4174 

g Part12

v -169.556 3.8561 -64.7649 
v -169.194 3.8561 -64.7649 
v -169.556 0.556098 -64.7649 
v -169.194 0.556098 -64.7649 
v -169.194 3.8561 -64.4524 
v -169.194 3.8561 -64.7649 
v -169.556 3.8561 -64.4524 
v -169.556 3.8561 -64.7649 
v -169.194 3.8561 -64.7649 
v -169.194 3.8561 -64.4524 
v -169.194 0.556098 -64.7649 
v -169.194 0.556098 -64.4524 
v -169.194 3.8561 -64.4524 
v -169.556 3.8561 -64.4524 
v -169.194 0.556098 -64.4524 
v -169.556 0.556098 -64.4524 
v -169.556 0.556098 -64.4524 
v -169.556 0.556098 -64.7649 
v -169.194 0.556098 -64.4524 
v -169.194 0.556098 -64.7649 
v -169.556 3.8561 -64.4524 
v -169.556 3.8561 -64.7649 
v -169.556 0.556098 -64.4524 
v -169.556 0.556098 -64.7649 

vn 0 0 -1 
vn 0 0 -1 
vn 0 0 -1 
vn 0 0 -1 
vn 0 1 0 
vn 0 1 0 
vn 0 1 0 
vn 0 1 0 
vn 1 0 0 
vn 1 0 0 
vn 1 0 0 
vn 1 0 0 
vn 0 0 1 
vn 0 0 1 
vn 0 0 1 
vn 0 0 1 
vn 0 -1 0 
vn 0 -1 0 
vn 0 -1 0 
vn 0 -1 0 
vn -1 0 0 
vn -1 0 0 
vn -1 0 0 
vn -1 0 0 

vt 0.0584722 1.05378 
vt 0.0131597 1.05378 
vt 0.0584722 0.641283 
vt 0.0131597 0.641283 
vt 0.0522222 1.05378 
vt 0.0131597 1.05378 
vt 0.0522222 1.00847 
vt 0.0131597 1.00847 
vt 0.0522222 1.05378 
vt 0.0131597 1.05378 
vt 0.0522222 0.641283 
vt 0.0131597 0.641283 
vt 0.0584722 1.05378 
vt 0.0131597 1.05378 
vt 0.0584722 0.641283 
vt 0.0131597 0.641283 
vt 0.0522222 1.05378 
vt 0.0131597 1.05378 
vt 0.0522222 1.00847 
vt 0.0131597 1.00847 
vt 0.0522222 1.05378 
vt 0.0131597 1.05378 
vt 0.0522222 0.641283 
vt 0.0131597 0.641283 

usemtl Part1Mtl

f 4175/4175/4175 4176/4176/4176 4177/4177/4177 
f 4177/4177/4177 4176/4176/4176 4178/4178/4178 
f 4179/4179/4179 4180/4180/4180 4181/4181/4181 
f 4181/4181/4181 4180/4180/4180 4182/4182/4182 
f 4183/4183/4183 4184/4184/4184 4185/4185/4185 
f 4185/4185/4185 4184/4184/4184 4186/4186/4186 
f 4187/4187/4187 4188/4188/4188 4189/4189/4189 
f 4189/4189/4189 4188/4188/4188 4190/4190/4190 
f 4191/4191/4191 4192/4192/4192 4193/4193/4193 
f 4193/4193/4193 4192/4192/4192 4194/4194/4194 
f 4195/4195/4195 4196/4196/4196 4197/4197/4197 
f 4197/4197/4197 4196/4196/4196 4198/4198/4198 

g Part13

v -170 2.78111 -63.1085 
v -171.25 2.78111 -63.1085 
v -170 2.63111 -63.1085 
v -171.25 2.63111 -63.1085 
v -171.25 2.78111 -63.6085 
v -171.25 2.78111 -63.1085 
v -170 2.78111 -63.6085 
v -170 2.78111 -63.1085 
v -171.25 2.78111 -63.1085 
v -171.25 2.78111 -63.6085 
v -171.25 2.63111 -63.1085 
v -171.25 2.63111 -63.6085 
v -171.25 2.78111 -63.6085 
v -170 2.78111 -63.6085 
v -171.25 2.63111 -63.6085 
v -170 2.63111 -63.6085 
v -170 2.63111 -63.6085 
v -170 2.63111 -63.1085 
v -171.25 2.63111 -63.6085 
v -171.25 2.63111 -63.1085 
v -170 2.78111 -63.6085 
v -170 2.78111 -63.1085 
v -170 2.63111 -63.6085 
v -170 2.63111 -63.1085 

vn 0 0 1 
vn 0 0 1 
vn 0 0 1 
vn 0 0 1 
vn 0 1 0 
vn 0 1 0 
vn 0 1 0 
vn 0 1 0 
vn -1 0 0 
vn -1 0 0 
vn -1 0 0 
vn -1 0 0 
vn 0 0 -1 
vn 0 0 -1 
vn 0 0 -1 
vn 0 0 -1 
vn 0 -1 0 
vn 0 -1 0 
vn 0 -1 0 
vn 0 -1 0 
vn 1 0 0 
vn 1 0 0 
vn 1 0 0 
vn 1 0 0 

vt 0.265767 0.915707 
vt 0.109517 0.915707 
vt 0.265767 0.896957 
vt 0.109517 0.896957 
vt 0.172017 0.915707 
vt 0.109517 0.915707 
vt 0.172017 0.759457 
vt 0.109517 0.759457 
vt 0.172017 0.915707 
vt 0.109517 0.915707 
vt 0.172017 0.896957 
vt 0.109517 0.896957 
vt 0.265767 0.915707 
vt 0.109517 0.915707 
vt 0.265767 0.896957 
vt 0.109517 0.896957 
vt 0.172017 0.915707 
vt 0.109517 0.915707 
vt 0.172017 0.759457 
vt 0.109517 0.759457 
vt 0.172017 0.915707 
vt 0.109517 0.915707 
vt 0.172017 0.896957 
vt 0.109517 0.896957 

usemtl Part1Mtl

f 4199/4199/4199 4200/4200/4200 4201/4201/4201 
f 4201/4201/4201 4200/4200/4200 4202/4202/4202 
f 4203/4203/4203 4204/4204/4204 4205/4205/4205 
f 4205/4205/4205 4204/4204/4204 4206/4206/4206 
f 4207/4207/4207 4208/4208/4208 4209/4209/4209 
f 4209/4209/4209 4208/4208/4208 4210/4210/4210 
f 4211/4211/4211 4212/4212/4212 4213/4213/4213 
f 4213/4213/4213 4212/4212/4212 4214/4214/4214 
f 4215/4215/4215 4216/4216/4216 4217/4217/4217 
f 4217/4217/4217 4216/4216/4216 4218/4218/4218 
f 4219/4219/4219 4220/4220/4220 4221/4221/4221 
f 4221/4221/4221 4220/4220/4220 4222/4222/4222 

g Part14

v -171.25 3.8311 -65.7335 
v -178.75 3.8311 -65.7335 
v -171.25 1.3311 -65.7335 
v -178.75 1.3311 -65.7335 
v -178.75 3.8311 -65.9835 
v -178.75 3.8311 -65.7335 
v -171.25 3.8311 -65.9835 
v -171.25 3.8311 -65.7335 
v -178.75 3.8311 -65.7335 
v -178.75 3.8311 -65.9835 
v -178.75 1.3311 -65.7335 
v -178.75 1.3311 -65.9835 
v -178.75 3.8311 -65.9835 
v -171.25 3.8311 -65.9835 
v -178.75 1.3311 -65.9835 
v -171.25 1.3311 -65.9835 
v -171.25 1.3311 -65.9835 
v -171.25 1.3311 -65.7335 
v -178.75 1.3311 -65.9835 
v -178.75 1.3311 -65.7335 
v -171.25 3.8311 -65.9835 
v -171.25 3.8311 -65.7335 
v -171.25 1.3311 -65.9835 
v -171.25 1.3311 -65.7335 

vn 0 0 1 
vn 0 0 1 
vn 0 0 1 
vn 0 0 1 
vn 0 1 0 
vn 0 1 0 
vn 0 1 0 
vn 0 1 0 
vn -1 0 0 
vn -1 0 0 
vn -1 0 0 
vn -1 0 0 
vn 0 0 -1 
vn 0 0 -1 
vn 0 0 -1 
vn 0 0 -1 
vn 0 -1 0 
vn 0 -1 0 
vn 0 -1 0 
vn 0 -1 0 
vn 1 0 0 
vn 1 0 0 
vn 1 0 0 
vn 1 0 0 

vt 1.39198 0.911322 
vt 0.45448 0.911322 
vt 1.39198 0.598822 
vt 0.45448 0.598822 
vt 0.48573 0.911322 
vt 0.45448 0.911322 
vt 0.48573 -0.0261779 
vt 0.45448 -0.0261779 
vt 0.48573 0.911322 
vt 0.45448 0.911322 
vt 0.48573 0.598822 
vt 0.45448 0.598822 
vt 1.39198 0.911322 
vt 0.45448 0.911322 
vt 1.39198 0.598822 
vt 0.45448 0.598822 
vt 0.48573 0.911322 
vt 0.45448 0.911322 
vt 0.48573 -0.0261779 
vt 0.45448 -0.0261779 
vt 0.48573 0.911322 
vt 0.45448 0.911322 
vt 0.48573 0.598822 
vt 0.45448 0.598822 

usemtl Part1Mtl

f 4223/4223/4223 4224/4224/4224 4225/4225/4225 
f 4225/4225/4225 4224/4224/4224 4226/4226/4226 
f 4227/4227/4227 4228/4228/4228 4229/4229/4229 
f 4229/4229/4229 4228/4228/4228 4230/4230/4230 
f 4231/4231/4231 4232/4232/4232 4233/4233/4233 
f 4233/4233/4233 4232/4232/4232 4234/4234/4234 
f 4235/4235/4235 4236/4236/4236 4237/4237/4237 
f 4237/4237/4237 4236/4236/4236 4238/4238/4238 
f 4239/4239/4239 4240/4240/4240 4241/4241/4241 
f 4241/4241/4241 4240/4240/4240 4242/4242/4242 
f 4243/4243/4243 4244/4244/4244 4245/4245/4245 
f 4245/4245/4245 4244/4244/4244 4246/4246/4246 

g Part15

v -178.25 3.58111 -63.4834 
v -178.25 3.58111 -65.9834 
v -178.25 1.08111 -63.4834 
v -178.25 1.08111 -65.9834 
v -178 3.58111 -65.9834 
v -178.25 3.58111 -65.9834 
v -178 3.58111 -63.4834 
v -178.25 3.58111 -63.4834 
v -178.25 3.58111 -65.9834 
v -178 3.58111 -65.9834 
v -178.25 1.08111 -65.9834 
v -178 1.08111 -65.9834 
v -178 3.58111 -65.9834 
v -178 3.58111 -63.4834 
v -178 1.08111 -65.9834 
v -178 1.08111 -63.4834 
v -178 1.08111 -63.4834 
v -178.25 1.08111 -63.4834 
v -178 1.08111 -65.9834 
v -178.25 1.08111 -65.9834 
v -178 3.58111 -63.4834 
v -178.25 3.58111 -63.4834 
v -178 1.08111 -63.4834 
v -178.25 1.08111 -63.4834 

vn -1 0 0 
vn -1 0 0 
vn -1 0 0 
vn -1 0 0 
vn 0 1 0 
vn 0 1 0 
vn 0 1 0 
vn 0 1 0 
vn 0 0 -1 
vn 0 0 -1 
vn 0 0 -1 
vn 0 0 -1 
vn 1 0 0 
vn 1 0 0 
vn 1 0 0 
vn 1 0 0 
vn 0 -1 0 
vn 0 -1 0 
vn 0 -1 0 
vn 0 -1 0 
vn 0 0 1 
vn 0 0 1 
vn 0 0 1 
vn 0 0 1 

vt 0.638709 0.95458 
vt 0.326209 0.95458 
vt 0.638709 0.64208 
vt 0.326209 0.64208 
vt 0.357459 0.95458 
vt 0.326209 0.95458 
vt 0.357459 0.64208 
vt 0.326209 0.64208 
vt 0.357459 0.95458 
vt 0.326209 0.95458 
vt 0.357459 0.64208 
vt 0.326209 0.64208 
vt 0.638709 0.95458 
vt 0.326209 0.95458 
vt 0.638709 0.64208 
vt 0.326209 0.64208 
vt 0.357459 0.95458 
vt 0.326209 0.95458 
vt 0.357459 0.64208 
vt 0.326209 0.64208 
vt 0.357459 0.95458 
vt 0.326209 0.95458 
vt 0.357459 0.64208 
vt 0.326209 0.64208 

usemtl Part1Mtl

f 4247/4247/4247 4248/4248/4248 4249/4249/4249 
f 4249/4249/4249 4248/4248/4248 4250/4250/4250 
f 4251/4251/4251 4252/4252/4252 4253/4253/4253 
f 4253/4253/4253 4252/4252/4252 4254/4254/4254 
f 4255/4255/4255 4256/4256/4256 4257/4257/4257 
f 4257/4257/4257 4256/4256/4256 4258/4258/4258 
f 4259/4259/4259 4260/4260/4260 4261/4261/4261 
f 4261/4261/4261 4260/4260/4260 4262/4262/4262 
f 4263/4263/4263 4264/4264/4264 4265/4265/4265 
f 4265/4265/4265 4264/4264/4264 4266/4266/4266 
f 4267/4267/4267 4268/4268/4268 4269/4269/4269 
f 4269/4269/4269 4268/4268/4268 4270/4270/4270 

g Part16

v -178.306 3.8561 -64.7649 
v -177.944 3.8561 -64.7649 
v -178.306 0.556098 -64.7649 
v -177.944 0.556098 -64.7649 
v -177.944 3.8561 -64.4524 
v -177.944 3.8561 -64.7649 
v -178.306 3.8561 -64.4524 
v -178.306 3.8561 -64.7649 
v -177.944 3.8561 -64.7649 
v -177.944 3.8561 -64.4524 
v -177.944 0.556098 -64.7649 
v -177.944 0.556098 -64.4524 
v -177.944 3.8561 -64.4524 
v -178.306 3.8561 -64.4524 
v -177.944 0.556098 -64.4524 
v -178.306 0.556098 -64.4524 
v -178.306 0.556098 -64.4524 
v -178.306 0.556098 -64.7649 
v -177.944 0.556098 -64.4524 
v -177.944 0.556098 -64.7649 
v -178.306 3.8561 -64.4524 
v -178.306 3.8561 -64.7649 
v -178.306 0.556098 -64.4524 
v -178.306 0.556098 -64.7649 

vn 0 0 -1 
vn 0 0 -1 
vn 0 0 -1 
vn 0 0 -1 
vn 0 1 0 
vn 0 1 0 
vn 0 1 0 
vn 0 1 0 
vn 1 0 0 
vn 1 0 0 
vn 1 0 0 
vn 1 0 0 
vn 0 0 1 
vn 0 0 1 
vn 0 0 1 
vn 0 0 1 
vn 0 -1 0 
vn 0 -1 0 
vn 0 -1 0 
vn 0 -1 0 
vn -1 0 0 
vn -1 0 0 
vn -1 0 0 
vn -1 0 0 

vt 0.0377933 0.96561 
vt -0.00751921 0.96561 
vt 0.0377933 0.55311 
vt -0.00751921 0.55311 
vt 0.0315433 0.96561 
vt -0.00751921 0.96561 
vt 0.0315433 0.920298 
vt -0.00751921 0.920298 
vt 0.0315433 0.96561 
vt -0.00751921 0.96561 
vt 0.0315433 0.55311 
vt -0.00751921 0.55311 
vt 0.0377933 0.96561 
vt -0.00751921 0.96561 
vt 0.0377933 0.55311 
vt -0.00751921 0.55311 
vt 0.0315433 0.96561 
vt -0.00751921 0.96561 
vt 0.0315433 0.920298 
vt -0.00751921 0.920298 
vt 0.0315433 0.96561 
vt -0.00751921 0.96561 
vt 0.0315433 0.55311 
vt -0.00751921 0.55311 

usemtl Part1Mtl

f 4271/4271/4271 4272/4272/4272 4273/4273/4273 
f 4273/4273/4273 4272/4272/4272 4274/4274/4274 
f 4275/4275/4275 4276/4276/4276 4277/4277/4277 
f 4277/4277/4277 4276/4276/4276 4278/4278/4278 
f 4279/4279/4279 4280/4280/4280 4281/4281/4281 
f 4281/4281/4281 4280/4280/4280 4282/4282/4282 
f 4283/4283/4283 4284/4284/4284 4285/4285/4285 
f 4285/4285/4285 4284/4284/4284 4286/4286/4286 
f 4287/4287/4287 4288/4288/4288 4289/4289/4289 
f 4289/4289/4289 4288/4288/4288 4290/4290/4290 
f 4291/4291/4291 4292/4292/4292 4293/4293/4293 
f 4293/4293/4293 4292/4292/4292 4294/4294/4294 

g Part17

v -178.312 3.8311 -63.3586 
v -178.312 3.8311 -65.8586 
v -178.312 3.3311 -63.3586 
v -178.312 3.3311 -65.8586 
v -177.938 3.8311 -65.8586 
v -178.312 3.8311 -65.8586 
v -177.938 3.8311 -63.3586 
v -178.312 3.8311 -63.3586 
v -178.312 3.8311 -65.8586 
v -177.938 3.8311 -65.8586 
v -178.312 3.3311 -65.8586 
v -177.938 3.3311 -65.8586 
v -177.938 3.8311 -65.8586 
v -177.938 3.8311 -63.3586 
v -177.938 3.3311 -65.8586 
v -177.938 3.3311 -63.3586 
v -177.938 3.3311 -63.3586 
v -178.312 3.3311 -63.3586 
v -177.938 3.3311 -65.8586 
v -178.312 3.3311 -65.8586 
v -177.938 3.8311 -63.3586 
v -178.312 3.8311 -63.3586 
v -177.938 3.3311 -63.3586 
v -178.312 3.3311 -63.3586 

vn -1 0 0 
vn -1 0 0 
vn -1 0 0 
vn -1 0 0 
vn 0 1 0 
vn 0 1 0 
vn 0 1 0 
vn 0 1 0 
vn 0 0 -1 
vn 0 0 -1 
vn 0 0 -1 
vn 0 0 -1 
vn 1 0 0 
vn 1 0 0 
vn 1 0 0 
vn 1 0 0 
vn 0 -1 0 
vn 0 -1 0 
vn 0 -1 0 
vn 0 -1 0 
vn 0 0 1 
vn 0 0 1 
vn 0 0 1 
vn 0 0 1 

vt 0.248079 0.853554 
vt -0.0644207 0.853554 
vt 0.248079 0.791054 
vt -0.0644207 0.791054 
vt -0.0175457 0.853554 
vt -0.0644207 0.853554 
vt -0.0175457 0.541054 
vt -0.0644207 0.541054 
vt -0.0175457 0.853554 
vt -0.0644207 0.853554 
vt -0.0175457 0.791054 
vt -0.0644207 0.791054 
vt 0.248079 0.853554 
vt -0.0644207 0.853554 
vt 0.248079 0.791054 
vt -0.0644207 0.791054 
vt -0.0175457 0.853554 
vt -0.0644207 0.853554 
vt -0.0175457 0.541054 
vt -0.0644207 0.541054 
vt -0.0175457 0.853554 
vt -0.0644207 0.853554 
vt -0.0175457 0.791054 
vt -0.0644207 0.791054 

usemtl Part1Mtl

f 4295/4295/4295 4296/4296/4296 4297/4297/4297 
f 4297/4297/4297 4296/4296/4296 4298/4298/4298 
f 4299/4299/4299 4300/4300/4300 4301/4301/4301 
f 4301/4301/4301 4300/4300/4300 4302/4302/4302 
f 4303/4303/4303 4304/4304/4304 4305/4305/4305 
f 4305/4305/4305 4304/4304/4304 4306/4306/4306 
f 4307/4307/4307 4308/4308/4308 4309/4309/4309 
f 4309/4309/4309 4308/4308/4308 4310/4310/4310 
f 4311/4311/4311 4312/4312/4312 4313/4313/4313 
f 4313/4313/4313 4312/4312/4312 4314/4314/4314 
f 4315/4315/4315 4316/4316/4316 4317/4317/4317 
f 4317/4317/4317 4316/4316/4316 4318/4318/4318 

g Part18

v -169.375 3.8311 -65.7335 
v -171.875 3.8311 -65.7335 
v -169.375 1.3311 -65.7335 
v -171.875 1.3311 -65.7335 
v -171.875 3.8311 -65.9835 
v -171.875 3.8311 -65.7335 
v -169.375 3.8311 -65.9835 
v -169.375 3.8311 -65.7335 
v -171.875 3.8311 -65.7335 
v -171.875 3.8311 -65.9835 
v -171.875 1.3311 -65.7335 
v -171.875 1.3311 -65.9835 
v -171.875 3.8311 -65.9835 
v -169.375 3.8311 -65.9835 
v -171.875 1.3311 -65.9835 
v -169.375 1.3311 -65.9835 
v -169.375 1.3311 -65.9835 
v -169.375 1.3311 -65.7335 
v -171.875 1.3311 -65.9835 
v -171.875 1.3311 -65.7335 
v -169.375 3.8311 -65.9835 
v -169.375 3.8311 -65.7335 
v -169.375 1.3311 -65.9835 
v -169.375 1.3311 -65.7335 

vn 0 0 1 
vn 0 0 1 
vn 0 0 1 
vn 0 0 1 
vn 0 1 0 
vn 0 1 0 
vn 0 1 0 
vn 0 1 0 
vn -1 0 0 
vn -1 0 0 
vn -1 0 0 
vn -1 0 0 
vn 0 0 -1 
vn 0 0 -1 
vn 0 0 -1 
vn 0 0 -1 
vn 0 -1 0 
vn 0 -1 0 
vn 0 -1 0 
vn 0 -1 0 
vn 1 0 0 
vn 1 0 0 
vn 1 0 0 
vn 1 0 0 

vt 0.632495 1.10541 
vt 0.319995 1.10541 
vt 0.632495 0.792913 
vt 0.319995 0.792913 
vt 0.351245 1.10541 
vt 0.319995 1.10541 
vt 0.351245 0.792913 
vt 0.319995 0.792913 
vt 0.351245 1.10541 
vt 0.319995 1.10541 
vt 0.351245 0.792913 
vt 0.319995 0.792913 
vt 0.632495 1.10541 
vt 0.319995 1.10541 
vt 0.632495 0.792913 
vt 0.319995 0.792913 
vt 0.351245 1.10541 
vt 0.319995 1.10541 
vt 0.351245 0.792913 
vt 0.319995 0.792913 
vt 0.351245 1.10541 
vt 0.319995 1.10541 
vt 0.351245 0.792913 
vt 0.319995 0.792913 

usemtl Part1Mtl

f 4319/4319/4319 4320/4320/4320 4321/4321/4321 
f 4321/4321/4321 4320/4320/4320 4322/4322/4322 
f 4323/4323/4323 4324/4324/4324 4325/4325/4325 
f 4325/4325/4325 4324/4324/4324 4326/4326/4326 
f 4327/4327/4327 4328/4328/4328 4329/4329/4329 
f 4329/4329/4329 4328/4328/4328 4330/4330/4330 
f 4331/4331/4331 4332/4332/4332 4333/4333/4333 
f 4333/4333/4333 4332/4332/4332 4334/4334/4334 
f 4335/4335/4335 4336/4336/4336 4337/4337/4337 
f 4337/4337/4337 4336/4336/4336 4338/4338/4338 
f 4339/4339/4339 4340/4340/4340 4341/4341/4341 
f 4341/4341/4341 4340/4340/4340 4342/4342/4342 

g Part19

v -169.375 1.7061 -65.671 
v -171.875 1.7061 -65.671 
v -169.375 0.706099 -65.671 
v -171.875 0.706099 -65.671 
v -171.875 1.7061 -66.046 
v -171.875 1.7061 -65.671 
v -169.375 1.7061 -66.046 
v -169.375 1.7061 -65.671 
v -171.875 1.7061 -65.671 
v -171.875 1.7061 -66.046 
v -171.875 0.706099 -65.671 
v -171.875 0.706099 -66.046 
v -171.875 1.7061 -66.046 
v -169.375 1.7061 -66.046 
v -171.875 0.706099 -66.046 
v -169.375 0.706099 -66.046 
v -169.375 0.706099 -66.046 
v -169.375 0.706099 -65.671 
v -171.875 0.706099 -66.046 
v -171.875 0.706099 -65.671 
v -169.375 1.7061 -66.046 
v -169.375 1.7061 -65.671 
v -169.375 0.706099 -66.046 
v -169.375 0.706099 -65.671 

vn 0 0 1 
vn 0 0 1 
vn 0 0 1 
vn 0 0 1 
vn 0 1 0 
vn 0 1 0 
vn 0 1 0 
vn 0 1 0 
vn -1 0 0 
vn -1 0 0 
vn -1 0 0 
vn -1 0 0 
vn 0 0 -1 
vn 0 0 -1 
vn 0 0 -1 
vn 0 0 -1 
vn 0 -1 0 
vn 0 -1 0 
vn 0 -1 0 
vn 0 -1 0 
vn 1 0 0 
vn 1 0 0 
vn 1 0 0 
vn 1 0 0 

vt 0.384648 1.12337 
vt 0.0721476 1.12337 
vt 0.384648 0.998372 
vt 0.0721476 0.998372 
vt 0.119023 1.12337 
vt 0.0721476 1.12337 
vt 0.119023 0.810872 
vt 0.0721476 0.810872 
vt 0.119023 1.12337 
vt 0.0721476 1.12337 
vt 0.119023 0.998372 
vt 0.0721476 0.998372 
vt 0.384648 1.12337 
vt 0.0721476 1.12337 
vt 0.384648 0.998372 
vt 0.0721476 0.998372 
vt 0.119023 1.12337 
vt 0.0721476 1.12337 
vt 0.119023 0.810872 
vt 0.0721476 0.810872 
vt 0.119023 1.12337 
vt 0.0721476 1.12337 
vt 0.119023 0.998372 
vt 0.0721476 0.998372 

usemtl Part1Mtl

f 4343/4343/4343 4344/4344/4344 4345/4345/4345 
f 4345/4345/4345 4344/4344/4344 4346/4346/4346 
f 4347/4347/4347 4348/4348/4348 4349/4349/4349 
f 4349/4349/4349 4348/4348/4348 4350/4350/4350 
f 4351/4351/4351 4352/4352/4352 4353/4353/4353 
f 4353/4353/4353 4352/4352/4352 4354/4354/4354 
f 4355/4355/4355 4356/4356/4356 4357/4357/4357 
f 4357/4357/4357 4356/4356/4356 4358/4358/4358 
f 4359/4359/4359 4360/4360/4360 4361/4361/4361 
f 4361/4361/4361 4360/4360/4360 4362/4362/4362 
f 4363/4363/4363 4364/4364/4364 4365/4365/4365 
f 4365/4365/4365 4364/4364/4364 4366/4366/4366 

g Part20

v -180.806 3.8561 -64.7649 
v -180.444 3.8561 -64.7649 
v -180.806 0.556098 -64.7649 
v -180.444 0.556098 -64.7649 
v -180.444 3.8561 -64.4524 
v -180.444 3.8561 -64.7649 
v -180.806 3.8561 -64.4524 
v -180.806 3.8561 -64.7649 
v -180.444 3.8561 -64.7649 
v -180.444 3.8561 -64.4524 
v -180.444 0.556098 -64.7649 
v -180.444 0.556098 -64.4524 
v -180.444 3.8561 -64.4524 
v -180.806 3.8561 -64.4524 
v -180.444 0.556098 -64.4524 
v -180.806 0.556098 -64.4524 
v -180.806 0.556098 -64.4524 
v -180.806 0.556098 -64.7649 
v -180.444 0.556098 -64.4524 
v -180.444 0.556098 -64.7649 
v -180.806 3.8561 -64.4524 
v -180.806 3.8561 -64.7649 
v -180.806 0.556098 -64.4524 
v -180.806 0.556098 -64.7649 

vn 0 0 -1 
vn 0 0 -1 
vn 0 0 -1 
vn 0 0 -1 
vn 0 1 0 
vn 0 1 0 
vn 0 1 0 
vn 0 1 0 
vn 1 0 0 
vn 1 0 0 
vn 1 0 0 
vn 1 0 0 
vn 0 0 1 
vn 0 0 1 
vn 0 0 1 
vn 0 0 1 
vn 0 -1 0 
vn 0 -1 0 
vn 0 -1 0 
vn 0 -1 0 
vn -1 0 0 
vn -1 0 0 
vn -1 0 0 
vn -1 0 0 

vt 0.161865 1.02238 
vt 0.116553 1.02238 
vt 0.161865 0.609876 
vt 0.116553 0.609876 
vt 0.155615 1.02238 
vt 0.116553 1.02238 
vt 0.155615 0.977063 
vt 0.116553 0.977063 
vt 0.155615 1.02238 
vt 0.116553 1.02238 
vt 0.155615 0.609876 
vt 0.116553 0.609876 
vt 0.161865 1.02238 
vt 0.116553 1.02238 
vt 0.161865 0.609876 
vt 0.116553 0.609876 
vt 0.155615 1.02238 
vt 0.116553 1.02238 
vt 0.155615 0.977063 
vt 0.116553 0.977063 
vt 0.155615 1.02238 
vt 0.116553 1.02238 
vt 0.155615 0.609876 
vt 0.116553 0.609876 

usemtl Part1Mtl

f 4367/4367/4367 4368/4368/4368 4369/4369/4369 
f 4369/4369/4369 4368/4368/4368 4370/4370/4370 
f 4371/4371/4371 4372/4372/4372 4373/4373/4373 
f 4373/4373/4373 4372/4372/4372 4374/4374/4374 
f 4375/4375/4375 4376/4376/4376 4377/4377/4377 
f 4377/4377/4377 4376/4376/4376 4378/4378/4378 
f 4379/4379/4379 4380/4380/4380 4381/4381/4381 
f 4381/4381/4381 4380/4380/4380 4382/4382/4382 
f 4383/4383/4383 4384/4384/4384 4385/4385/4385 
f 4385/4385/4385 4384/4384/4384 4386/4386/4386 
f 4387/4387/4387 4388/4388/4388 4389/4389/4389 
f 4389/4389/4389 4388/4388/4388 4390/4390/4390 

g Part21

v -178.125 3.8311 -65.7335 
v -180.625 3.8311 -65.7335 
v -178.125 1.3311 -65.7335 
v -180.625 1.3311 -65.7335 
v -180.625 3.8311 -65.9835 
v -180.625 3.8311 -65.7335 
v -178.125 3.8311 -65.9835 
v -178.125 3.8311 -65.7335 
v -180.625 3.8311 -65.7335 
v -180.625 3.8311 -65.9835 
v -180.625 1.3311 -65.7335 
v -180.625 1.3311 -65.9835 
v -180.625 3.8311 -65.9835 
v -178.125 3.8311 -65.9835 
v -180.625 1.3311 -65.9835 
v -178.125 1.3311 -65.9835 
v -178.125 1.3311 -65.9835 
v -178.125 1.3311 -65.7335 
v -180.625 1.3311 -65.9835 
v -180.625 1.3311 -65.7335 
v -178.125 3.8311 -65.9835 
v -178.125 3.8311 -65.7335 
v -178.125 1.3311 -65.9835 
v -178.125 1.3311 -65.7335 

vn 0 0 1 
vn 0 0 1 
vn 0 0 1 
vn 0 0 1 
vn 0 1 0 
vn 0 1 0 
vn 0 1 0 
vn 0 1 0 
vn -1 0 0 
vn -1 0 0 
vn -1 0 0 
vn -1 0 0 
vn 0 0 -1 
vn 0 0 -1 
vn 0 0 -1 
vn 0 0 -1 
vn 0 -1 0 
vn 0 -1 0 
vn 0 -1 0 
vn 0 -1 0 
vn 1 0 0 
vn 1 0 0 
vn 1 0 0 
vn 1 0 0 

vt 0.620769 1.12525 
vt 0.308269 1.12525 
vt 0.620769 0.812745 
vt 0.308269 0.812745 
vt 0.339519 1.12525 
vt 0.308269 1.12525 
vt 0.339519 0.812745 
vt 0.308269 0.812745 
vt 0.339519 1.12525 
vt 0.308269 1.12525 
vt 0.339519 0.812745 
vt 0.308269 0.812745 
vt 0.620769 1.12525 
vt 0.308269 1.12525 
vt 0.620769 0.812745 
vt 0.308269 0.812745 
vt 0.339519 1.12525 
vt 0.308269 1.12525 
vt 0.339519 0.812745 
vt 0.308269 0.812745 
vt 0.339519 1.12525 
vt 0.308269 1.12525 
vt 0.339519 0.812745 
vt 0.308269 0.812745 

usemtl Part1Mtl

f 4391/4391/4391 4392/4392/4392 4393/4393/4393 
f 4393/4393/4393 4392/4392/4392 4394/4394/4394 
f 4395/4395/4395 4396/4396/4396 4397/4397/4397 
f 4397/4397/4397 4396/4396/4396 4398/4398/4398 
f 4399/4399/4399 4400/4400/4400 4401/4401/4401 
f 4401/4401/4401 4400/4400/4400 4402/4402/4402 
f 4403/4403/4403 4404/4404/4404 4405/4405/4405 
f 4405/4405/4405 4404/4404/4404 4406/4406/4406 
f 4407/4407/4407 4408/4408/4408 4409/4409/4409 
f 4409/4409/4409 4408/4408/4408 4410/4410/4410 
f 4411/4411/4411 4412/4412/4412 4413/4413/4413 
f 4413/4413/4413 4412/4412/4412 4414/4414/4414 

g Part22

v -171.875 3.3311 -63.546 
v -169.375 3.3311 -63.546 
v -171.875 3.0811 -63.546 
v -169.375 3.0811 -63.546 
v -169.375 3.3311 -63.171 
v -169.375 3.3311 -63.546 
v -171.875 3.3311 -63.171 
v -171.875 3.3311 -63.546 
v -169.375 3.3311 -63.546 
v -169.375 3.3311 -63.171 
v -169.375 3.0811 -63.546 
v -169.375 3.0811 -63.171 
v -169.375 3.3311 -63.171 
v -171.875 3.3311 -63.171 
v -169.375 3.0811 -63.171 
v -171.875 3.0811 -63.171 
v -171.875 3.0811 -63.171 
v -171.875 3.0811 -63.546 
v -169.375 3.0811 -63.171 
v -169.375 3.0811 -63.546 
v -171.875 3.3311 -63.171 
v -171.875 3.3311 -63.546 
v -171.875 3.0811 -63.171 
v -171.875 3.0811 -63.546 

vn 0 0 -1 
vn 0 0 -1 
vn 0 0 -1 
vn 0 0 -1 
vn 0 1 0 
vn 0 1 0 
vn 0 1 0 
vn 0 1 0 
vn 1 0 0 
vn 1 0 0 
vn 1 0 0 
vn 1 0 0 
vn 0 0 1 
vn 0 0 1 
vn 0 0 1 
vn 0 0 1 
vn 0 -1 0 
vn 0 -1 0 
vn 0 -1 0 
vn 0 -1 0 
vn -1 0 0 
vn -1 0 0 
vn -1 0 0 
vn -1 0 0 

vt 0.249754 0.941816 
vt -0.0627461 0.941816 
vt 0.249754 0.910566 
vt -0.0627461 0.910566 
vt -0.0158711 0.941816 
vt -0.0627461 0.941816 
vt -0.0158711 0.629316 
vt -0.0627461 0.629316 
vt -0.0158711 0.941816 
vt -0.0627461 0.941816 
vt -0.0158711 0.910566 
vt -0.0627461 0.910566 
vt 0.249754 0.941816 
vt -0.0627461 0.941816 
vt 0.249754 0.910566 
vt -0.0627461 0.910566 
vt -0.0158711 0.941816 
vt -0.0627461 0.941816 
vt -0.0158711 0.629316 
vt -0.0627461 0.629316 
vt -0.0158711 0.941816 
vt -0.0627461 0.941816 
vt -0.0158711 0.910566 
vt -0.0627461 0.910566 

usemtl Part1Mtl

f 4415/4415/4415 4416/4416/4416 4417/4417/4417 
f 4417/4417/4417 4416/4416/4416 4418/4418/4418 
f 4419/4419/4419 4420/4420/4420 4421/4421/4421 
f 4421/4421/4421 4420/4420/4420 4422/4422/4422 
f 4423/4423/4423 4424/4424/4424 4425/4425/4425 
f 4425/4425/4425 4424/4424/4424 4426/4426/4426 
f 4427/4427/4427 4428/4428/4428 4429/4429/4429 
f 4429/4429/4429 4428/4428/4428 4430/4430/4430 
f 4431/4431/4431 4432/4432/4432 4433/4433/4433 
f 4433/4433/4433 4432/4432/4432 4434/4434/4434 
f 4435/4435/4435 4436/4436/4436 4437/4437/4437 
f 4437/4437/4437 4436/4436/4436 4438/4438/4438 

g Part23

v -172 3.20611 -63.4835 
v -169.5 3.20611 -63.4835 
v -172 2.20611 -63.4835 
v -169.5 2.20611 -63.4835 
v -169.5 3.20611 -63.2335 
v -169.5 3.20611 -63.4835 
v -172 3.20611 -63.2335 
v -172 3.20611 -63.4835 
v -169.5 3.20611 -63.4835 
v -169.5 3.20611 -63.2335 
v -169.5 2.20611 -63.4835 
v -169.5 2.20611 -63.2335 
v -169.5 3.20611 -63.2335 
v -172 3.20611 -63.2335 
v -169.5 2.20611 -63.2335 
v -172 2.20611 -63.2335 
v -172 2.20611 -63.2335 
v -172 2.20611 -63.4835 
v -169.5 2.20611 -63.2335 
v -169.5 2.20611 -63.4835 
v -172 3.20611 -63.2335 
v -172 3.20611 -63.4835 
v -172 2.20611 -63.2335 
v -172 2.20611 -63.4835 

vn 0 0 -1 
vn 0 0 -1 
vn 0 0 -1 
vn 0 0 -1 
vn 0 1 0 
vn 0 1 0 
vn 0 1 0 
vn 0 1 0 
vn 1 0 0 
vn 1 0 0 
vn 1 0 0 
vn 1 0 0 
vn 0 0 1 
vn 0 0 1 
vn 0 0 1 
vn 0 0 1 
vn 0 -1 0 
vn 0 -1 0 
vn 0 -1 0 
vn 0 -1 0 
vn -1 0 0 
vn -1 0 0 
vn -1 0 0 
vn -1 0 0 

vt 0.475646 0.93018 
vt 0.163146 0.93018 
vt 0.475646 0.80518 
vt 0.163146 0.80518 
vt 0.194396 0.93018 
vt 0.163146 0.93018 
vt 0.194396 0.61768 
vt 0.163146 0.61768 
vt 0.194396 0.93018 
vt 0.163146 0.93018 
vt 0.194396 0.80518 
vt 0.163146 0.80518 
vt 0.475646 0.93018 
vt 0.163146 0.93018 
vt 0.475646 0.80518 
vt 0.163146 0.80518 
vt 0.194396 0.93018 
vt 0.163146 0.93018 
vt 0.194396 0.61768 
vt 0.163146 0.61768 
vt 0.194396 0.93018 
vt 0.163146 0.93018 
vt 0.194396 0.80518 
vt 0.163146 0.80518 

usemtl Part1Mtl

f 4439/4439/4439 4440/4440/4440 4441/4441/4441 
f 4441/4441/4441 4440/4440/4440 4442/4442/4442 
f 4443/4443/4443 4444/4444/4444 4445/4445/4445 
f 4445/4445/4445 4444/4444/4444 4446/4446/4446 
f 4447/4447/4447 4448/4448/4448 4449/4449/4449 
f 4449/4449/4449 4448/4448/4448 4450/4450/4450 
f 4451/4451/4451 4452/4452/4452 4453/4453/4453 
f 4453/4453/4453 4452/4452/4452 4454/4454/4454 
f 4455/4455/4455 4456/4456/4456 4457/4457/4457 
f 4457/4457/4457 4456/4456/4456 4458/4458/4458 
f 4459/4459/4459 4460/4460/4460 4461/4461/4461 
f 4461/4461/4461 4460/4460/4460 4462/4462/4462 

g Part24

v -171.875 3.8311 -63.4835 
v -169.375 3.8311 -63.4835 
v -171.875 3.3311 -63.4835 
v -169.375 3.3311 -63.4835 
v -169.375 3.8311 -63.2335 
v -169.375 3.8311 -63.4835 
v -171.875 3.8311 -63.2335 
v -171.875 3.8311 -63.4835 
v -169.375 3.8311 -63.4835 
v -169.375 3.8311 -63.2335 
v -169.375 3.3311 -63.4835 
v -169.375 3.3311 -63.2335 
v -169.375 3.8311 -63.2335 
v -171.875 3.8311 -63.2335 
v -169.375 3.3311 -63.2335 
v -171.875 3.3311 -63.2335 
v -171.875 3.3311 -63.2335 
v -171.875 3.3311 -63.4835 
v -169.375 3.3311 -63.2335 
v -169.375 3.3311 -63.4835 
v -171.875 3.8311 -63.2335 
v -171.875 3.8311 -63.4835 
v -171.875 3.3311 -63.2335 
v -171.875 3.3311 -63.4835 

vn 0 0 -1 
vn 0 0 -1 
vn 0 0 -1 
vn 0 0 -1 
vn 0 1 0 
vn 0 1 0 
vn 0 1 0 
vn 0 1 0 
vn 1 0 0 
vn 1 0 0 
vn 1 0 0 
vn 1 0 0 
vn 0 0 1 
vn 0 0 1 
vn 0 0 1 
vn 0 0 1 
vn 0 -1 0 
vn 0 -1 0 
vn 0 -1 0 
vn 0 -1 0 
vn -1 0 0 
vn -1 0 0 
vn -1 0 0 
vn -1 0 0 

vt 0.193717 1.09113 
vt -0.118783 1.09113 
vt 0.193717 1.02863 
vt -0.118783 1.02863 
vt -0.087533 1.09113 
vt -0.118783 1.09113 
vt -0.087533 0.778631 
vt -0.118783 0.778631 
vt -0.087533 1.09113 
vt -0.118783 1.09113 
vt -0.087533 1.02863 
vt -0.118783 1.02863 
vt 0.193717 1.09113 
vt -0.118783 1.09113 
vt 0.193717 1.02863 
vt -0.118783 1.02863 
vt -0.087533 1.09113 
vt -0.118783 1.09113 
vt -0.087533 0.778631 
vt -0.118783 0.778631 
vt -0.087533 1.09113 
vt -0.118783 1.09113 
vt -0.087533 1.02863 
vt -0.118783 1.02863 

usemtl Part1Mtl

f 4463/4463/4463 4464/4464/4464 4465/4465/4465 
f 4465/4465/4465 4464/4464/4464 4466/4466/4466 
f 4467/4467/4467 4468/4468/4468 4469/4469/4469 
f 4469/4469/4469 4468/4468/4468 4470/4470/4470 
f 4471/4471/4471 4472/4472/4472 4473/4473/4473 
f 4473/4473/4473 4472/4472/4472 4474/4474/4474 
f 4475/4475/4475 4476/4476/4476 4477/4477/4477 
f 4477/4477/4477 4476/4476/4476 4478/4478/4478 
f 4479/4479/4479 4480/4480/4480 4481/4481/4481 
f 4481/4481/4481 4480/4480/4480 4482/4482/4482 
f 4483/4483/4483 4484/4484/4484 4485/4485/4485 
f 4485/4485/4485 4484/4484/4484 4486/4486/4486 

g Part25

v -178.5 3.8311 -63.4835 
v -171.5 3.8311 -63.4835 
v -178.5 3.3311 -63.4835 
v -171.5 3.3311 -63.4835 
v -171.5 3.8311 -63.2335 
v -171.5 3.8311 -63.4835 
v -178.5 3.8311 -63.2335 
v -178.5 3.8311 -63.4835 
v -171.5 3.8311 -63.4835 
v -171.5 3.8311 -63.2335 
v -171.5 3.3311 -63.4835 
v -171.5 3.3311 -63.2335 
v -171.5 3.8311 -63.2335 
v -178.5 3.8311 -63.2335 
v -171.5 3.3311 -63.2335 
v -178.5 3.3311 -63.2335 
v -178.5 3.3311 -63.2335 
v -178.5 3.3311 -63.4835 
v -171.5 3.3311 -63.2335 
v -171.5 3.3311 -63.4835 
v -178.5 3.8311 -63.2335 
v -178.5 3.8311 -63.4835 
v -178.5 3.3311 -63.2335 
v -178.5 3.3311 -63.4835 

vn 0 0 -1 
vn 0 0 -1 
vn 0 0 -1 
vn 0 0 -1 
vn 0 1 0 
vn 0 1 0 
vn 0 1 0 
vn 0 1 0 
vn 1 0 0 
vn 1 0 0 
vn 1 0 0 
vn 1 0 0 
vn 0 0 1 
vn 0 0 1 
vn 0 0 1 
vn 0 0 1 
vn 0 -1 0 
vn 0 -1 0 
vn 0 -1 0 
vn 0 -1 0 
vn -1 0 0 
vn -1 0 0 
vn -1 0 0 
vn -1 0 0 

vt 0.557425 0.532936 
vt -0.317575 0.532936 
vt 0.557425 0.470436 
vt -0.317575 0.470436 
vt -0.286325 0.532936 
vt -0.317575 0.532936 
vt -0.286325 -0.342064 
vt -0.317575 -0.342064 
vt -0.286325 0.532936 
vt -0.317575 0.532936 
vt -0.286325 0.470436 
vt -0.317575 0.470436 
vt 0.557425 0.532936 
vt -0.317575 0.532936 
vt 0.557425 0.470436 
vt -0.317575 0.470436 
vt -0.286325 0.532936 
vt -0.317575 0.532936 
vt -0.286325 -0.342064 
vt -0.317575 -0.342064 
vt -0.286325 0.532936 
vt -0.317575 0.532936 
vt -0.286325 0.470436 
vt -0.317575 0.470436 

usemtl Part1Mtl

f 4487/4487/4487 4488/4488/4488 4489/4489/4489 
f 4489/4489/4489 4488/4488/4488 4490/4490/4490 
f 4491/4491/4491 4492/4492/4492 4493/4493/4493 
f 4493/4493/4493 4492/4492/4492 4494/4494/4494 
f 4495/4495/4495 4496/4496/4496 4497/4497/4497 
f 4497/4497/4497 4496/4496/4496 4498/4498/4498 
f 4499/4499/4499 4500/4500/4500 4501/4501/4501 
f 4501/4501/4501 4500/4500/4500 4502/4502/4502 
f 4503/4503/4503 4504/4504/4504 4505/4505/4505 
f 4505/4505/4505 4504/4504/4504 4506/4506/4506 
f 4507/4507/4507 4508/4508/4508 4509/4509/4509 
f 4509/4509/4509 4508/4508/4508 4510/4510/4510 

g Part26

v -169.562 3.8311 -63.3586 
v -169.562 3.8311 -65.8586 
v -169.562 3.3311 -63.3586 
v -169.562 3.3311 -65.8586 
v -169.187 3.8311 -65.8586 
v -169.562 3.8311 -65.8586 
v -169.187 3.8311 -63.3586 
v -169.562 3.8311 -63.3586 
v -169.562 3.8311 -65.8586 
v -169.187 3.8311 -65.8586 
v -169.562 3.3311 -65.8586 
v -169.187 3.3311 -65.8586 
v -169.187 3.8311 -65.8586 
v -169.187 3.8311 -63.3586 
v -169.187 3.3311 -65.8586 
v -169.187 3.3311 -63.3586 
v -169.187 3.3311 -63.3586 
v -169.562 3.3311 -63.3586 
v -169.187 3.3311 -65.8586 
v -169.562 3.3311 -65.8586 
v -169.187 3.8311 -63.3586 
v -169.562 3.8311 -63.3586 
v -169.187 3.3311 -63.3586 
v -169.562 3.3311 -63.3586 

vn -1 0 0 
vn -1 0 0 
vn -1 0 0 
vn -1 0 0 
vn 0 1 0 
vn 0 1 0 
vn 0 1 0 
vn 0 1 0 
vn 0 0 -1 
vn 0 0 -1 
vn 0 0 -1 
vn 0 0 -1 
vn 1 0 0 
vn 1 0 0 
vn 1 0 0 
vn 1 0 0 
vn 0 -1 0 
vn 0 -1 0 
vn 0 -1 0 
vn 0 -1 0 
vn 0 0 1 
vn 0 0 1 
vn 0 0 1 
vn 0 0 1 

vt 0.41146 1.05686 
vt 0.0989601 1.05686 
vt 0.41146 0.994355 
vt 0.0989601 0.994355 
vt 0.145835 1.05686 
vt 0.0989601 1.05686 
vt 0.145835 0.744355 
vt 0.0989601 0.744355 
vt 0.145835 1.05686 
vt 0.0989601 1.05686 
vt 0.145835 0.994355 
vt 0.0989601 0.994355 
vt 0.41146 1.05686 
vt 0.0989601 1.05686 
vt 0.41146 0.994355 
vt 0.0989601 0.994355 
vt 0.145835 1.05686 
vt 0.0989601 1.05686 
vt 0.145835 0.744355 
vt 0.0989601 0.744355 
vt 0.145835 1.05686 
vt 0.0989601 1.05686 
vt 0.145835 0.994355 
vt 0.0989601 0.994355 

usemtl Part1Mtl

f 4511/4511/4511 4512/4512/4512 4513/4513/4513 
f 4513/4513/4513 4512/4512/4512 4514/4514/4514 
f 4515/4515/4515 4516/4516/4516 4517/4517/4517 
f 4517/4517/4517 4516/4516/4516 4518/4518/4518 
f 4519/4519/4519 4520/4520/4520 4521/4521/4521 
f 4521/4521/4521 4520/4520/4520 4522/4522/4522 
f 4523/4523/4523 4524/4524/4524 4525/4525/4525 
f 4525/4525/4525 4524/4524/4524 4526/4526/4526 
f 4527/4527/4527 4528/4528/4528 4529/4529/4529 
f 4529/4529/4529 4528/4528/4528 4530/4530/4530 
f 4531/4531/4531 4532/4532/4532 4533/4533/4533 
f 4533/4533/4533 4532/4532/4532 4534/4534/4534 

g Part27

v -177.812 0.581103 -66.3585 
v -172.188 0.581103 -66.3585 
v -177.812 0.0811028 -66.3585 
v -172.188 0.0811028 -66.3585 
v -172.188 0.581103 -65.3585 
v -172.188 0.581103 -66.3585 
v -177.812 0.581103 -65.3585 
v -177.812 0.581103 -66.3585 
v -172.188 0.581103 -66.3585 
v -172.188 0.581103 -65.3585 
v -172.188 0.0811028 -66.3585 
v -172.188 0.0811028 -65.3585 
v -172.188 0.581103 -65.3585 
v -177.812 0.581103 -65.3585 
v -172.188 0.0811028 -65.3585 
v -177.812 0.0811028 -65.3585 
v -177.812 0.0811028 -65.3585 
v -177.812 0.0811028 -66.3585 
v -172.188 0.0811028 -65.3585 
v -172.188 0.0811028 -66.3585 
v -177.812 0.581103 -65.3585 
v -177.812 0.581103 -66.3585 
v -177.812 0.0811028 -65.3585 
v -177.812 0.0811028 -66.3585 

vn 0 0 -1 
vn 0 0 -1 
vn 0 0 -1 
vn 0 0 -1 
vn 0 1 0 
vn 0 1 0 
vn 0 1 0 
vn 0 1 0 
vn 1 0 0 
vn 1 0 0 
vn 1 0 0 
vn 1 0 0 
vn 0 0 1 
vn 0 0 1 
vn 0 0 1 
vn 0 0 1 
vn 0 -1 0 
vn 0 -1 0 
vn 0 -1 0 
vn 0 -1 0 
vn -1 0 0 
vn -1 0 0 
vn -1 0 0 
vn -1 0 0 

vt 0.354312 1.26599 
vt -0.348813 1.26599 
vt 0.354312 1.20349 
vt -0.348813 1.20349 
vt -0.223813 1.26599 
vt -0.348813 1.26599 
vt -0.223813 0.562866 
vt -0.348813 0.562866 
vt -0.223813 1.26599 
vt -0.348813 1.26599 
vt -0.223813 1.20349 
vt -0.348813 1.20349 
vt 0.354312 1.26599 
vt -0.348813 1.26599 
vt 0.354312 1.20349 
vt -0.348813 1.20349 
vt -0.223813 1.26599 
vt -0.348813 1.26599 
vt -0.223813 0.562866 
vt -0.348813 0.562866 
vt -0.223813 1.26599 
vt -0.348813 1.26599 
vt -0.223813 1.20349 
vt -0.348813 1.20349 

usemtl Part1Mtl

f 4535/4535/4535 4536/4536/4536 4537/4537/4537 
f 4537/4537/4537 4536/4536/4536 4538/4538/4538 
f 4539/4539/4539 4540/4540/4540 4541/4541/4541 
f 4541/4541/4541 4540/4540/4540 4542/4542/4542 
f 4543/4543/4543 4544/4544/4544 4545/4545/4545 
f 4545/4545/4545 4544/4544/4544 4546/4546/4546 
f 4547/4547/4547 4548/4548/4548 4549/4549/4549 
f 4549/4549/4549 4548/4548/4548 4550/4550/4550 
f 4551/4551/4551 4552/4552/4552 4553/4553/4553 
f 4553/4553/4553 4552/4552/4552 4554/4554/4554 
f 4555/4555/4555 4556/4556/4556 4557/4557/4557 
f 4557/4557/4557 4556/4556/4556 4558/4558/4558 

g Part28

v -172.094 3.8561 -63.5772 
v -171.656 3.8561 -63.5772 
v -172.094 0.556098 -63.5772 
v -171.656 0.556098 -63.5772 
v -171.656 3.8561 -63.1397 
v -171.656 3.8561 -63.5772 
v -172.094 3.8561 -63.1397 
v -172.094 3.8561 -63.5772 
v -171.656 3.8561 -63.5772 
v -171.656 3.8561 -63.1397 
v -171.656 0.556098 -63.5772 
v -171.656 0.556098 -63.1397 
v -171.656 3.8561 -63.1397 
v -172.094 3.8561 -63.1397 
v -171.656 0.556098 -63.1397 
v -172.094 0.556098 -63.1397 
v -172.094 0.556098 -63.1397 
v -172.094 0.556098 -63.5772 
v -171.656 0.556098 -63.1397 
v -171.656 0.556098 -63.5772 
v -172.094 3.8561 -63.1397 
v -172.094 3.8561 -63.5772 
v -172.094 0.556098 -63.1397 
v -172.094 0.556098 -63.5772 

vn 0 0 -1 
vn 0 0 -1 
vn 0 0 -1 
vn 0 0 -1 
vn 0 1 0 
vn 0 1 0 
vn 0 1 0 
vn 0 1 0 
vn 1 0 0 
vn 1 0 0 
vn 1 0 0 
vn 1 0 0 
vn 0 0 1 
vn 0 0 1 
vn 0 0 1 
vn 0 0 1 
vn 0 -1 0 
vn 0 -1 0 
vn 0 -1 0 
vn 0 -1 0 
vn -1 0 0 
vn -1 0 0 
vn -1 0 0 
vn -1 0 0 

vt 0.207333 1.08383 
vt 0.152645 1.08383 
vt 0.207333 0.671329 
vt 0.152645 0.671329 
vt 0.207333 1.08383 
vt 0.152645 1.08383 
vt 0.207333 1.02914 
vt 0.152645 1.02914 
vt 0.207333 1.08383 
vt 0.152645 1.08383 
vt 0.207333 0.671329 
vt 0.152645 0.671329 
vt 0.207333 1.08383 
vt 0.152645 1.08383 
vt 0.207333 0.671329 
vt 0.152645 0.671329 
vt 0.207333 1.08383 
vt 0.152645 1.08383 
vt 0.207333 1.02914 
vt 0.152645 1.02914 
vt 0.207333 1.08383 
vt 0.152645 1.08383 
vt 0.207333 0.671329 
vt 0.152645 0.671329 

usemtl Part1Mtl

f 4559/4559/4559 4560/4560/4560 4561/4561/4561 
f 4561/4561/4561 4560/4560/4560 4562/4562/4562 
f 4563/4563/4563 4564/4564/4564 4565/4565/4565 
f 4565/4565/4565 4564/4564/4564 4566/4566/4566 
f 4567/4567/4567 4568/4568/4568 4569/4569/4569 
f 4569/4569/4569 4568/4568/4568 4570/4570/4570 
f 4571/4571/4571 4572/4572/4572 4573/4573/4573 
f 4573/4573/4573 4572/4572/4572 4574/4574/4574 
f 4575/4575/4575 4576/4576/4576 4577/4577/4577 
f 4577/4577/4577 4576/4576/4576 4578/4578/4578 
f 4579/4579/4579 4580/4580/4580 4581/4581/4581 
f 4581/4581/4581 4580/4580/4580 4582/4582/4582 

g Part29

v -172 3.8311 -63.4834 
v -172 3.8311 -65.9834 
v -172 1.3311 -63.4834 
v -172 1.3311 -65.9834 
v -171.75 3.8311 -65.9834 
v -172 3.8311 -65.9834 
v -171.75 3.8311 -63.4834 
v -172 3.8311 -63.4834 
v -172 3.8311 -65.9834 
v -171.75 3.8311 -65.9834 
v -172 1.3311 -65.9834 
v -171.75 1.3311 -65.9834 
v -171.75 3.8311 -65.9834 
v -171.75 3.8311 -63.4834 
v -171.75 1.3311 -65.9834 
v -171.75 1.3311 -63.4834 
v -171.75 1.3311 -63.4834 
v -172 1.3311 -63.4834 
v -171.75 1.3311 -65.9834 
v -172 1.3311 -65.9834 
v -171.75 3.8311 -63.4834 
v -172 3.8311 -63.4834 
v -171.75 1.3311 -63.4834 
v -172 1.3311 -63.4834 

vn -1 0 0 
vn -1 0 0 
vn -1 0 0 
vn -1 0 0 
vn 0 1 0 
vn 0 1 0 
vn 0 1 0 
vn 0 1 0 
vn 0 0 -1 
vn 0 0 -1 
vn 0 0 -1 
vn 0 0 -1 
vn 1 0 0 
vn 1 0 0 
vn 1 0 0 
vn 1 0 0 
vn 0 -1 0 
vn 0 -1 0 
vn 0 -1 0 
vn 0 -1 0 
vn 0 0 1 
vn 0 0 1 
vn 0 0 1 
vn 0 0 1 

vt 0.195387 0.91513 
vt -0.117113 0.91513 
vt 0.195387 0.60263 
vt -0.117113 0.60263 
vt -0.0858631 0.91513 
vt -0.117113 0.91513 
vt -0.0858631 0.60263 
vt -0.117113 0.60263 
vt -0.0858631 0.91513 
vt -0.117113 0.91513 
vt -0.0858631 0.60263 
vt -0.117113 0.60263 
vt 0.195387 0.91513 
vt -0.117113 0.91513 
vt 0.195387 0.60263 
vt -0.117113 0.60263 
vt -0.0858631 0.91513 
vt -0.117113 0.91513 
vt -0.0858631 0.60263 
vt -0.117113 0.60263 
vt -0.0858631 0.91513 
vt -0.117113 0.91513 
vt -0.0858631 0.60263 
vt -0.117113 0.60263 

usemtl Part1Mtl

f 4583/4583/4583 4584/4584/4584 4585/4585/4585 
f 4585/4585/4585 4584/4584/4584 4586/4586/4586 
f 4587/4587/4587 4588/4588/4588 4589/4589/4589 
f 4589/4589/4589 4588/4588/4588 4590/4590/4590 
f 4591/4591/4591 4592/4592/4592 4593/4593/4593 
f 4593/4593/4593 4592/4592/4592 4594/4594/4594 
f 4595/4595/4595 4596/4596/4596 4597/4597/4597 
f 4597/4597/4597 4596/4596/4596 4598/4598/4598 
f 4599/4599/4599 4600/4600/4600 4601/4601/4601 
f 4601/4601/4601 4600/4600/4600 4602/4602/4602 
f 4603/4603/4603 4604/4604/4604 4605/4605/4605 
f 4605/4605/4605 4604/4604/4604 4606/4606/4606 

g Part30

v -172.094 3.8561 -66.0772 
v -171.656 3.8561 -66.0772 
v -172.094 0.556098 -66.0772 
v -171.656 0.556098 -66.0772 
v -171.656 3.8561 -65.6397 
v -171.656 3.8561 -66.0772 
v -172.094 3.8561 -65.6397 
v -172.094 3.8561 -66.0772 
v -171.656 3.8561 -66.0772 
v -171.656 3.8561 -65.6397 
v -171.656 0.556098 -66.0772 
v -171.656 0.556098 -65.6397 
v -171.656 3.8561 -65.6397 
v -172.094 3.8561 -65.6397 
v -171.656 0.556098 -65.6397 
v -172.094 0.556098 -65.6397 
v -172.094 0.556098 -65.6397 
v -172.094 0.556098 -66.0772 
v -171.656 0.556098 -65.6397 
v -171.656 0.556098 -66.0772 
v -172.094 3.8561 -65.6397 
v -172.094 3.8561 -66.0772 
v -172.094 0.556098 -65.6397 
v -172.094 0.556098 -66.0772 

vn 0 0 -1 
vn 0 0 -1 
vn 0 0 -1 
vn 0 0 -1 
vn 0 1 0 
vn 0 1 0 
vn 0 1 0 
vn 0 1 0 
vn 1 0 0 
vn 1 0 0 
vn 1 0 0 
vn 1 0 0 
vn 0 0 1 
vn 0 0 1 
vn 0 0 1 
vn 0 0 1 
vn 0 -1 0 
vn 0 -1 0 
vn 0 -1 0 
vn 0 -1 0 
vn -1 0 0 
vn -1 0 0 
vn -1 0 0 
vn -1 0 0 

vt 0.236323 0.782936 
vt 0.181636 0.782936 
vt 0.236323 0.370435 
vt 0.181636 0.370435 
vt 0.236323 0.782936 
vt 0.181636 0.782936 
vt 0.236323 0.728248 
vt 0.181636 0.728248 
vt 0.236323 0.782936 
vt 0.181636 0.782936 
vt 0.236323 0.370435 
vt 0.181636 0.370435 
vt 0.236323 0.782936 
vt 0.181636 0.782936 
vt 0.236323 0.370435 
vt 0.181636 0.370435 
vt 0.236323 0.782936 
vt 0.181636 0.782936 
vt 0.236323 0.728248 
vt 0.181636 0.728248 
vt 0.236323 0.782936 
vt 0.181636 0.782936 
vt 0.236323 0.370435 
vt 0.181636 0.370435 

usemtl Part1Mtl

f 4607/4607/4607 4608/4608/4608 4609/4609/4609 
f 4609/4609/4609 4608/4608/4608 4610/4610/4610 
f 4611/4611/4611 4612/4612/4612 4613/4613/4613 
f 4613/4613/4613 4612/4612/4612 4614/4614/4614 
f 4615/4615/4615 4616/4616/4616 4617/4617/4617 
f 4617/4617/4617 4616/4616/4616 4618/4618/4618 
f 4619/4619/4619 4620/4620/4620 4621/4621/4621 
f 4621/4621/4621 4620/4620/4620 4622/4622/4622 
f 4623/4623/4623 4624/4624/4624 4625/4625/4625 
f 4625/4625/4625 4624/4624/4624 4626/4626/4626 
f 4627/4627/4627 4628/4628/4628 4629/4629/4629 
f 4629/4629/4629 4628/4628/4628 4630/4630/4630 

g Part31

v -172.056 3.8561 -64.7649 
v -171.694 3.8561 -64.7649 
v -172.056 0.556098 -64.7649 
v -171.694 0.556098 -64.7649 
v -171.694 3.8561 -64.4524 
v -171.694 3.8561 -64.7649 
v -172.056 3.8561 -64.4524 
v -172.056 3.8561 -64.7649 
v -171.694 3.8561 -64.7649 
v -171.694 3.8561 -64.4524 
v -171.694 0.556098 -64.7649 
v -171.694 0.556098 -64.4524 
v -171.694 3.8561 -64.4524 
v -172.056 3.8561 -64.4524 
v -171.694 0.556098 -64.4524 
v -172.056 0.556098 -64.4524 
v -172.056 0.556098 -64.4524 
v -172.056 0.556098 -64.7649 
v -171.694 0.556098 -64.4524 
v -171.694 0.556098 -64.7649 
v -172.056 3.8561 -64.4524 
v -172.056 3.8561 -64.7649 
v -172.056 0.556098 -64.4524 
v -172.056 0.556098 -64.7649 

vn 0 0 -1 
vn 0 0 -1 
vn 0 0 -1 
vn 0 0 -1 
vn 0 1 0 
vn 0 1 0 
vn 0 1 0 
vn 0 1 0 
vn 1 0 0 
vn 1 0 0 
vn 1 0 0 
vn 1 0 0 
vn 0 0 1 
vn 0 0 1 
vn 0 0 1 
vn 0 0 1 
vn 0 -1 0 
vn 0 -1 0 
vn 0 -1 0 
vn 0 -1 0 
vn -1 0 0 
vn -1 0 0 
vn -1 0 0 
vn -1 0 0 

vt 0.164895 1.06395 
vt 0.119582 1.06395 
vt 0.164895 0.651449 
vt 0.119582 0.651449 
vt 0.158645 1.06395 
vt 0.119582 1.06395 
vt 0.158645 1.01864 
vt 0.119582 1.01864 
vt 0.158645 1.06395 
vt 0.119582 1.06395 
vt 0.158645 0.651449 
vt 0.119582 0.651449 
vt 0.164895 1.06395 
vt 0.119582 1.06395 
vt 0.164895 0.651449 
vt 0.119582 0.651449 
vt 0.158645 1.06395 
vt 0.119582 1.06395 
vt 0.158645 1.01864 
vt 0.119582 1.01864 
vt 0.158645 1.06395 
vt 0.119582 1.06395 
vt 0.158645 0.651449 
vt 0.119582 0.651449 

usemtl Part1Mtl

f 4631/4631/4631 4632/4632/4632 4633/4633/4633 
f 4633/4633/4633 4632/4632/4632 4634/4634/4634 
f 4635/4635/4635 4636/4636/4636 4637/4637/4637 
f 4637/4637/4637 4636/4636/4636 4638/4638/4638 
f 4639/4639/4639 4640/4640/4640 4641/4641/4641 
f 4641/4641/4641 4640/4640/4640 4642/4642/4642 
f 4643/4643/4643 4644/4644/4644 4645/4645/4645 
f 4645/4645/4645 4644/4644/4644 4646/4646/4646 
f 4647/4647/4647 4648/4648/4648 4649/4649/4649 
f 4649/4649/4649 4648/4648/4648 4650/4650/4650 
f 4651/4651/4651 4652/4652/4652 4653/4653/4653 
f 4653/4653/4653 4652/4652/4652 4654/4654/4654 

g Part32

v -172.062 1.7061 -63.3586 
v -172.062 1.7061 -65.8586 
v -172.062 0.706099 -63.3586 
v -172.062 0.706099 -65.8586 
v -171.687 1.7061 -65.8586 
v -172.062 1.7061 -65.8586 
v -171.687 1.7061 -63.3586 
v -172.062 1.7061 -63.3586 
v -172.062 1.7061 -65.8586 
v -171.687 1.7061 -65.8586 
v -172.062 0.706099 -65.8586 
v -171.687 0.706099 -65.8586 
v -171.687 1.7061 -65.8586 
v -171.687 1.7061 -63.3586 
v -171.687 0.706099 -65.8586 
v -171.687 0.706099 -63.3586 
v -171.687 0.706099 -63.3586 
v -172.062 0.706099 -63.3586 
v -171.687 0.706099 -65.8586 
v -172.062 0.706099 -65.8586 
v -171.687 1.7061 -63.3586 
v -172.062 1.7061 -63.3586 
v -171.687 0.706099 -63.3586 
v -172.062 0.706099 -63.3586 

vn -1 0 0 
vn -1 0 0 
vn -1 0 0 
vn -1 0 0 
vn 0 1 0 
vn 0 1 0 
vn 0 1 0 
vn 0 1 0 
vn 0 0 -1 
vn 0 0 -1 
vn 0 0 -1 
vn 0 0 -1 
vn 1 0 0 
vn 1 0 0 
vn 1 0 0 
vn 1 0 0 
vn 0 -1 0 
vn 0 -1 0 
vn 0 -1 0 
vn 0 -1 0 
vn 0 0 1 
vn 0 0 1 
vn 0 0 1 
vn 0 0 1 

vt 0.330481 1.06528 
vt 0.017981 1.06528 
vt 0.330481 0.940278 
vt 0.017981 0.940278 
vt 0.064856 1.06528 
vt 0.017981 1.06528 
vt 0.064856 0.752778 
vt 0.017981 0.752778 
vt 0.064856 1.06528 
vt 0.017981 1.06528 
vt 0.064856 0.940278 
vt 0.017981 0.940278 
vt 0.330481 1.06528 
vt 0.017981 1.06528 
vt 0.330481 0.940278 
vt 0.017981 0.940278 
vt 0.064856 1.06528 
vt 0.017981 1.06528 
vt 0.064856 0.752778 
vt 0.017981 0.752778 
vt 0.064856 1.06528 
vt 0.017981 1.06528 
vt 0.064856 0.940278 
vt 0.017981 0.940278 

usemtl Part1Mtl

f 4655/4655/4655 4656/4656/4656 4657/4657/4657 
f 4657/4657/4657 4656/4656/4656 4658/4658/4658 
f 4659/4659/4659 4660/4660/4660 4661/4661/4661 
f 4661/4661/4661 4660/4660/4660 4662/4662/4662 
f 4663/4663/4663 4664/4664/4664 4665/4665/4665 
f 4665/4665/4665 4664/4664/4664 4666/4666/4666 
f 4667/4667/4667 4668/4668/4668 4669/4669/4669 
f 4669/4669/4669 4668/4668/4668 4670/4670/4670 
f 4671/4671/4671 4672/4672/4672 4673/4673/4673 
f 4673/4673/4673 4672/4672/4672 4674/4674/4674 
f 4675/4675/4675 4676/4676/4676 4677/4677/4677 
f 4677/4677/4677 4676/4676/4676 4678/4678/4678 

g Part33

v -169.594 3.8561 -66.0772 
v -169.156 3.8561 -66.0772 
v -169.594 0.556098 -66.0772 
v -169.156 0.556098 -66.0772 
v -169.156 3.8561 -65.6397 
v -169.156 3.8561 -66.0772 
v -169.594 3.8561 -65.6397 
v -169.594 3.8561 -66.0772 
v -169.156 3.8561 -66.0772 
v -169.156 3.8561 -65.6397 
v -169.156 0.556098 -66.0772 
v -169.156 0.556098 -65.6397 
v -169.156 3.8561 -65.6397 
v -169.594 3.8561 -65.6397 
v -169.156 0.556098 -65.6397 
v -169.594 0.556098 -65.6397 
v -169.594 0.556098 -65.6397 
v -169.594 0.556098 -66.0772 
v -169.156 0.556098 -65.6397 
v -169.156 0.556098 -66.0772 
v -169.594 3.8561 -65.6397 
v -169.594 3.8561 -66.0772 
v -169.594 0.556098 -65.6397 
v -169.594 0.556098 -66.0772 

vn 0 0 -1 
vn 0 0 -1 
vn 0 0 -1 
vn 0 0 -1 
vn 0 1 0 
vn 0 1 0 
vn 0 1 0 
vn 0 1 0 
vn 1 0 0 
vn 1 0 0 
vn 1 0 0 
vn 1 0 0 
vn 0 0 1 
vn 0 0 1 
vn 0 0 1 
vn 0 0 1 
vn 0 -1 0 
vn 0 -1 0 
vn 0 -1 0 
vn 0 -1 0 
vn -1 0 0 
vn -1 0 0 
vn -1 0 0 
vn -1 0 0 

vt 0.0813146 0.877583 
vt 0.0266271 0.877583 
vt 0.0813146 0.465083 
vt 0.0266271 0.465083 
vt 0.0813146 0.877583 
vt 0.0266271 0.877583 
vt 0.0813146 0.822895 
vt 0.0266271 0.822895 
vt 0.0813146 0.877583 
vt 0.0266271 0.877583 
vt 0.0813146 0.465083 
vt 0.0266271 0.465083 
vt 0.0813146 0.877583 
vt 0.0266271 0.877583 
vt 0.0813146 0.465083 
vt 0.0266271 0.465083 
vt 0.0813146 0.877583 
vt 0.0266271 0.877583 
vt 0.0813146 0.822895 
vt 0.0266271 0.822895 
vt 0.0813146 0.877583 
vt 0.0266271 0.877583 
vt 0.0813146 0.465083 
vt 0.0266271 0.465083 

usemtl Part1Mtl

f 4679/4679/4679 4680/4680/4680 4681/4681/4681 
f 4681/4681/4681 4680/4680/4680 4682/4682/4682 
f 4683/4683/4683 4684/4684/4684 4685/4685/4685 
f 4685/4685/4685 4684/4684/4684 4686/4686/4686 
f 4687/4687/4687 4688/4688/4688 4689/4689/4689 
f 4689/4689/4689 4688/4688/4688 4690/4690/4690 
f 4691/4691/4691 4692/4692/4692 4693/4693/4693 
f 4693/4693/4693 4692/4692/4692 4694/4694/4694 
f 4695/4695/4695 4696/4696/4696 4697/4697/4697 
f 4697/4697/4697 4696/4696/4696 4698/4698/4698 
f 4699/4699/4699 4700/4700/4700 4701/4701/4701 
f 4701/4701/4701 4700/4700/4700 4702/4702/4702 

g Part34

v -172.25 0.70611 -66.2336 
v -169 0.70611 -66.2336 
v -172.25 0.20611 -66.2336 
v -169 0.20611 -66.2336 
v -169 0.70611 -62.9836 
v -169 0.70611 -66.2336 
v -172.25 0.70611 -62.9836 
v -172.25 0.70611 -66.2336 
v -169 0.70611 -66.2336 
v -169 0.70611 -62.9836 
v -169 0.20611 -66.2336 
v -169 0.20611 -62.9836 
v -169 0.70611 -62.9836 
v -172.25 0.70611 -62.9836 
v -169 0.20611 -62.9836 
v -172.25 0.20611 -62.9836 
v -172.25 0.20611 -62.9836 
v -172.25 0.20611 -66.2336 
v -169 0.20611 -62.9836 
v -169 0.20611 -66.2336 
v -172.25 0.70611 -62.9836 
v -172.25 0.70611 -66.2336 
v -172.25 0.20611 -62.9836 
v -172.25 0.20611 -66.2336 

vn 0 0 -1 
vn 0 0 -1 
vn 0 0 -1 
vn 0 0 -1 
vn 0 1 0 
vn 0 1 0 
vn 0 1 0 
vn 0 1 0 
vn 1 0 0 
vn 1 0 0 
vn 1 0 0 
vn 1 0 0 
vn 0 0 1 
vn 0 0 1 
vn 0 0 1 
vn 0 0 1 
vn 0 -1 0 
vn 0 -1 0 
vn 0 -1 0 
vn 0 -1 0 
vn -1 0 0 
vn -1 0 0 
vn -1 0 0 
vn -1 0 0 

vt 0.611501 1.06302 
vt 0.205251 1.06302 
vt 0.611501 1.00052 
vt 0.205251 1.00052 
vt 0.611501 1.06302 
vt 0.205251 1.06302 
vt 0.611501 0.656766 
vt 0.205251 0.656766 
vt 0.611501 1.06302 
vt 0.205251 1.06302 
vt 0.611501 1.00052 
vt 0.205251 1.00052 
vt 0.611501 1.06302 
vt 0.205251 1.06302 
vt 0.611501 1.00052 
vt 0.205251 1.00052 
vt 0.611501 1.06302 
vt 0.205251 1.06302 
vt 0.611501 0.656766 
vt 0.205251 0.656766 
vt 0.611501 1.06302 
vt 0.205251 1.06302 
vt 0.611501 1.00052 
vt 0.205251 1.00052 

usemtl Part1Mtl

f 4703/4703/4703 4704/4704/4704 4705/4705/4705 
f 4705/4705/4705 4704/4704/4704 4706/4706/4706 
f 4707/4707/4707 4708/4708/4708 4709/4709/4709 
f 4709/4709/4709 4708/4708/4708 4710/4710/4710 
f 4711/4711/4711 4712/4712/4712 4713/4713/4713 
f 4713/4713/4713 4712/4712/4712 4714/4714/4714 
f 4715/4715/4715 4716/4716/4716 4717/4717/4717 
f 4717/4717/4717 4716/4716/4716 4718/4718/4718 
f 4719/4719/4719 4720/4720/4720 4721/4721/4721 
f 4721/4721/4721 4720/4720/4720 4722/4722/4722 
f 4723/4723/4723 4724/4724/4724 4725/4725/4725 
f 4725/4725/4725 4724/4724/4724 4726/4726/4726 

g Part35

v -171.875 2.20611 -63.4835 
v -169.375 2.20611 -63.4835 
v -171.875 0.70611 -63.4835 
v -169.375 0.70611 -63.4835 
v -169.375 2.20611 -63.2335 
v -169.375 2.20611 -63.4835 
v -171.875 2.20611 -63.2335 
v -171.875 2.20611 -63.4835 
v -169.375 2.20611 -63.4835 
v -169.375 2.20611 -63.2335 
v -169.375 0.70611 -63.4835 
v -169.375 0.70611 -63.2335 
v -169.375 2.20611 -63.2335 
v -171.875 2.20611 -63.2335 
v -169.375 0.70611 -63.2335 
v -171.875 0.70611 -63.2335 
v -171.875 0.70611 -63.2335 
v -171.875 0.70611 -63.4835 
v -169.375 0.70611 -63.2335 
v -169.375 0.70611 -63.4835 
v -171.875 2.20611 -63.2335 
v -171.875 2.20611 -63.4835 
v -171.875 0.70611 -63.2335 
v -171.875 0.70611 -63.4835 

vn 0 0 -1 
vn 0 0 -1 
vn 0 0 -1 
vn 0 0 -1 
vn 0 1 0 
vn 0 1 0 
vn 0 1 0 
vn 0 1 0 
vn 1 0 0 
vn 1 0 0 
vn 1 0 0 
vn 1 0 0 
vn 0 0 1 
vn 0 0 1 
vn 0 0 1 
vn 0 0 1 
vn 0 -1 0 
vn 0 -1 0 
vn 0 -1 0 
vn 0 -1 0 
vn -1 0 0 
vn -1 0 0 
vn -1 0 0 
vn -1 0 0 

vt 0.470585 0.893846 
vt 0.158085 0.893846 
vt 0.470585 0.706346 
vt 0.158085 0.706346 
vt 0.189335 0.893846 
vt 0.158085 0.893846 
vt 0.189335 0.581346 
vt 0.158085 0.581346 
vt 0.189335 0.893846 
vt 0.158085 0.893846 
vt 0.189335 0.706346 
vt 0.158085 0.706346 
vt 0.470585 0.893846 
vt 0.158085 0.893846 
vt 0.470585 0.706346 
vt 0.158085 0.706346 
vt 0.189335 0.893846 
vt 0.158085 0.893846 
vt 0.189335 0.581346 
vt 0.158085 0.581346 
vt 0.189335 0.893846 
vt 0.158085 0.893846 
vt 0.189335 0.706346 
vt 0.158085 0.706346 

usemtl Part1Mtl

f 4727/4727/4727 4728/4728/4728 4729/4729/4729 
f 4729/4729/4729 4728/4728/4728 4730/4730/4730 
f 4731/4731/4731 4732/4732/4732 4733/4733/4733 
f 4733/4733/4733 4732/4732/4732 4734/4734/4734 
f 4735/4735/4735 4736/4736/4736 4737/4737/4737 
f 4737/4737/4737 4736/4736/4736 4738/4738/4738 
f 4739/4739/4739 4740/4740/4740 4741/4741/4741 
f 4741/4741/4741 4740/4740/4740 4742/4742/4742 
f 4743/4743/4743 4744/4744/4744 4745/4745/4745 
f 4745/4745/4745 4744/4744/4744 4746/4746/4746 
f 4747/4747/4747 4748/4748/4748 4749/4749/4749 
f 4749/4749/4749 4748/4748/4748 4750/4750/4750 

g Part36

v -178.75 3.3311 -63.546 
v -171.25 3.3311 -63.546 
v -178.75 3.0811 -63.546 
v -171.25 3.0811 -63.546 
v -171.25 3.3311 -63.171 
v -171.25 3.3311 -63.546 
v -178.75 3.3311 -63.171 
v -178.75 3.3311 -63.546 
v -171.25 3.3311 -63.546 
v -171.25 3.3311 -63.171 
v -171.25 3.0811 -63.546 
v -171.25 3.0811 -63.171 
v -171.25 3.3311 -63.171 
v -178.75 3.3311 -63.171 
v -171.25 3.0811 -63.171 
v -178.75 3.0811 -63.171 
v -178.75 3.0811 -63.171 
v -178.75 3.0811 -63.546 
v -171.25 3.0811 -63.171 
v -171.25 3.0811 -63.546 
v -178.75 3.3311 -63.171 
v -178.75 3.3311 -63.546 
v -178.75 3.0811 -63.171 
v -178.75 3.0811 -63.546 

vn 0 0 -1 
vn 0 0 -1 
vn 0 0 -1 
vn 0 0 -1 
vn 0 1 0 
vn 0 1 0 
vn 0 1 0 
vn 0 1 0 
vn 1 0 0 
vn 1 0 0 
vn 1 0 0 
vn 1 0 0 
vn 0 0 1 
vn 0 0 1 
vn 0 0 1 
vn 0 0 1 
vn 0 -1 0 
vn 0 -1 0 
vn 0 -1 0 
vn 0 -1 0 
vn -1 0 0 
vn -1 0 0 
vn -1 0 0 
vn -1 0 0 

vt 0.891763 1.12576 
vt -0.0457366 1.12576 
vt 0.891763 1.09451 
vt -0.0457366 1.09451 
vt 0.00113835 1.12576 
vt -0.0457366 1.12576 
vt 0.00113835 0.188257 
vt -0.0457366 0.188257 
vt 0.00113835 1.12576 
vt -0.0457366 1.12576 
vt 0.00113835 1.09451 
vt -0.0457366 1.09451 
vt 0.891763 1.12576 
vt -0.0457366 1.12576 
vt 0.891763 1.09451 
vt -0.0457366 1.09451 
vt 0.00113835 1.12576 
vt -0.0457366 1.12576 
vt 0.00113835 0.188257 
vt -0.0457366 0.188257 
vt 0.00113835 1.12576 
vt -0.0457366 1.12576 
vt 0.00113835 1.09451 
vt -0.0457366 1.09451 

usemtl Part1Mtl

f 4751/4751/4751 4752/4752/4752 4753/4753/4753 
f 4753/4753/4753 4752/4752/4752 4754/4754/4754 
f 4755/4755/4755 4756/4756/4756 4757/4757/4757 
f 4757/4757/4757 4756/4756/4756 4758/4758/4758 
f 4759/4759/4759 4760/4760/4760 4761/4761/4761 
f 4761/4761/4761 4760/4760/4760 4762/4762/4762 
f 4763/4763/4763 4764/4764/4764 4765/4765/4765 
f 4765/4765/4765 4764/4764/4764 4766/4766/4766 
f 4767/4767/4767 4768/4768/4768 4769/4769/4769 
f 4769/4769/4769 4768/4768/4768 4770/4770/4770 
f 4771/4771/4771 4772/4772/4772 4773/4773/4773 
f 4773/4773/4773 4772/4772/4772 4774/4774/4774 

g Part37

v -171.875 2.3311 -63.546 
v -169.375 2.3311 -63.546 
v -171.875 2.0811 -63.546 
v -169.375 2.0811 -63.546 
v -169.375 2.3311 -63.171 
v -169.375 2.3311 -63.546 
v -171.875 2.3311 -63.171 
v -171.875 2.3311 -63.546 
v -169.375 2.3311 -63.546 
v -169.375 2.3311 -63.171 
v -169.375 2.0811 -63.546 
v -169.375 2.0811 -63.171 
v -169.375 2.3311 -63.171 
v -171.875 2.3311 -63.171 
v -169.375 2.0811 -63.171 
v -171.875 2.0811 -63.171 
v -171.875 2.0811 -63.171 
v -171.875 2.0811 -63.546 
v -169.375 2.0811 -63.171 
v -169.375 2.0811 -63.546 
v -171.875 2.3311 -63.171 
v -171.875 2.3311 -63.546 
v -171.875 2.0811 -63.171 
v -171.875 2.0811 -63.546 

vn 0 0 -1 
vn 0 0 -1 
vn 0 0 -1 
vn 0 0 -1 
vn 0 1 0 
vn 0 1 0 
vn 0 1 0 
vn 0 1 0 
vn 1 0 0 
vn 1 0 0 
vn 1 0 0 
vn 1 0 0 
vn 0 0 1 
vn 0 0 1 
vn 0 0 1 
vn 0 0 1 
vn 0 -1 0 
vn 0 -1 0 
vn 0 -1 0 
vn 0 -1 0 
vn -1 0 0 
vn -1 0 0 
vn -1 0 0 
vn -1 0 0 

vt 0.24279 0.98007 
vt -0.0697102 0.98007 
vt 0.24279 0.94882 
vt -0.0697102 0.94882 
vt -0.0228352 0.98007 
vt -0.0697102 0.98007 
vt -0.0228352 0.66757 
vt -0.0697102 0.66757 
vt -0.0228352 0.98007 
vt -0.0697102 0.98007 
vt -0.0228352 0.94882 
vt -0.0697102 0.94882 
vt 0.24279 0.98007 
vt -0.0697102 0.98007 
vt 0.24279 0.94882 
vt -0.0697102 0.94882 
vt -0.0228352 0.98007 
vt -0.0697102 0.98007 
vt -0.0228352 0.66757 
vt -0.0697102 0.66757 
vt -0.0228352 0.98007 
vt -0.0697102 0.98007 
vt -0.0228352 0.94882 
vt -0.0697102 0.94882 

usemtl Part1Mtl

f 4775/4775/4775 4776/4776/4776 4777/4777/4777 
f 4777/4777/4777 4776/4776/4776 4778/4778/4778 
f 4779/4779/4779 4780/4780/4780 4781/4781/4781 
f 4781/4781/4781 4780/4780/4780 4782/4782/4782 
f 4783/4783/4783 4784/4784/4784 4785/4785/4785 
f 4785/4785/4785 4784/4784/4784 4786/4786/4786 
f 4787/4787/4787 4788/4788/4788 4789/4789/4789 
f 4789/4789/4789 4788/4788/4788 4790/4790/4790 
f 4791/4791/4791 4792/4792/4792 4793/4793/4793 
f 4793/4793/4793 4792/4792/4792 4794/4794/4794 
f 4795/4795/4795 4796/4796/4796 4797/4797/4797 
f 4797/4797/4797 4796/4796/4796 4798/4798/4798 

g Part38

v -171.875 0.831099 -63.546 
v -169.375 0.831099 -63.546 
v -171.875 0.331099 -63.546 
v -169.375 0.331099 -63.546 
v -169.375 0.831099 -63.171 
v -169.375 0.831099 -63.546 
v -171.875 0.831099 -63.171 
v -171.875 0.831099 -63.546 
v -169.375 0.831099 -63.546 
v -169.375 0.831099 -63.171 
v -169.375 0.331099 -63.546 
v -169.375 0.331099 -63.171 
v -169.375 0.831099 -63.171 
v -171.875 0.831099 -63.171 
v -169.375 0.331099 -63.171 
v -171.875 0.331099 -63.171 
v -171.875 0.331099 -63.171 
v -171.875 0.331099 -63.546 
v -169.375 0.331099 -63.171 
v -169.375 0.331099 -63.546 
v -171.875 0.831099 -63.171 
v -171.875 0.831099 -63.546 
v -171.875 0.331099 -63.171 
v -171.875 0.331099 -63.546 

vn 0 0 -1 
vn 0 0 -1 
vn 0 0 -1 
vn 0 0 -1 
vn 0 1 0 
vn 0 1 0 
vn 0 1 0 
vn 0 1 0 
vn 1 0 0 
vn 1 0 0 
vn 1 0 0 
vn 1 0 0 
vn 0 0 1 
vn 0 0 1 
vn 0 0 1 
vn 0 0 1 
vn 0 -1 0 
vn 0 -1 0 
vn 0 -1 0 
vn 0 -1 0 
vn -1 0 0 
vn -1 0 0 
vn -1 0 0 
vn -1 0 0 

vt 0.256612 1.11371 
vt -0.0558883 1.11371 
vt 0.256612 1.05121 
vt -0.0558883 1.05121 
vt -0.00901331 1.11371 
vt -0.0558883 1.11371 
vt -0.00901331 0.801207 
vt -0.0558883 0.801207 
vt -0.00901331 1.11371 
vt -0.0558883 1.11371 
vt -0.00901331 1.05121 
vt -0.0558883 1.05121 
vt 0.256612 1.11371 
vt -0.0558883 1.11371 
vt 0.256612 1.05121 
vt -0.0558883 1.05121 
vt -0.00901331 1.11371 
vt -0.0558883 1.11371 
vt -0.00901331 0.801207 
vt -0.0558883 0.801207 
vt -0.00901331 1.11371 
vt -0.0558883 1.11371 
vt -0.00901331 1.05121 
vt -0.0558883 1.05121 

usemtl Part1Mtl

f 4799/4799/4799 4800/4800/4800 4801/4801/4801 
f 4801/4801/4801 4800/4800/4800 4802/4802/4802 
f 4803/4803/4803 4804/4804/4804 4805/4805/4805 
f 4805/4805/4805 4804/4804/4804 4806/4806/4806 
f 4807/4807/4807 4808/4808/4808 4809/4809/4809 
f 4809/4809/4809 4808/4808/4808 4810/4810/4810 
f 4811/4811/4811 4812/4812/4812 4813/4813/4813 
f 4813/4813/4813 4812/4812/4812 4814/4814/4814 
f 4815/4815/4815 4816/4816/4816 4817/4817/4817 
f 4817/4817/4817 4816/4816/4816 4818/4818/4818 
f 4819/4819/4819 4820/4820/4820 4821/4821/4821 
f 4821/4821/4821 4820/4820/4820 4822/4822/4822 

g Part39

v -172.5 3.5936 -63.1085 
v -173.75 3.5936 -63.1085 
v -172.5 3.4436 -63.1085 
v -173.75 3.4436 -63.1085 
v -173.75 3.5936 -63.6085 
v -173.75 3.5936 -63.1085 
v -172.5 3.5936 -63.6085 
v -172.5 3.5936 -63.1085 
v -173.75 3.5936 -63.1085 
v -173.75 3.5936 -63.6085 
v -173.75 3.4436 -63.1085 
v -173.75 3.4436 -63.6085 
v -173.75 3.5936 -63.6085 
v -172.5 3.5936 -63.6085 
v -173.75 3.4436 -63.6085 
v -172.5 3.4436 -63.6085 
v -172.5 3.4436 -63.6085 
v -172.5 3.4436 -63.1085 
v -173.75 3.4436 -63.6085 
v -173.75 3.4436 -63.1085 
v -172.5 3.5936 -63.6085 
v -172.5 3.5936 -63.1085 
v -172.5 3.4436 -63.6085 
v -172.5 3.4436 -63.1085 

vn 0 0 1 
vn 0 0 1 
vn 0 0 1 
vn 0 0 1 
vn 0 1 0 
vn 0 1 0 
vn 0 1 0 
vn 0 1 0 
vn -1 0 0 
vn -1 0 0 
vn -1 0 0 
vn -1 0 0 
vn 0 0 -1 
vn 0 0 -1 
vn 0 0 -1 
vn 0 0 -1 
vn 0 -1 0 
vn 0 -1 0 
vn 0 -1 0 
vn 0 -1 0 
vn 1 0 0 
vn 1 0 0 
vn 1 0 0 
vn 1 0 0 

vt 0.235496 1.05328 
vt 0.0792459 1.05328 
vt 0.235496 1.03453 
vt 0.0792459 1.03453 
vt 0.141746 1.05328 
vt 0.0792459 1.05328 
vt 0.141746 0.897026 
vt 0.0792459 0.897026 
vt 0.141746 1.05328 
vt 0.0792459 1.05328 
vt 0.141746 1.03453 
vt 0.0792459 1.03453 
vt 0.235496 1.05328 
vt 0.0792459 1.05328 
vt 0.235496 1.03453 
vt 0.0792459 1.03453 
vt 0.141746 1.05328 
vt 0.0792459 1.05328 
vt 0.141746 0.897026 
vt 0.0792459 0.897026 
vt 0.141746 1.05328 
vt 0.0792459 1.05328 
vt 0.141746 1.03453 
vt 0.0792459 1.03453 

usemtl Part1Mtl

f 4823/4823/4823 4824/4824/4824 4825/4825/4825 
f 4825/4825/4825 4824/4824/4824 4826/4826/4826 
f 4827/4827/4827 4828/4828/4828 4829/4829/4829 
f 4829/4829/4829 4828/4828/4828 4830/4830/4830 
f 4831/4831/4831 4832/4832/4832 4833/4833/4833 
f 4833/4833/4833 4832/4832/4832 4834/4834/4834 
f 4835/4835/4835 4836/4836/4836 4837/4837/4837 
f 4837/4837/4837 4836/4836/4836 4838/4838/4838 
f 4839/4839/4839 4840/4840/4840 4841/4841/4841 
f 4841/4841/4841 4840/4840/4840 4842/4842/4842 
f 4843/4843/4843 4844/4844/4844 4845/4845/4845 
f 4845/4845/4845 4844/4844/4844 4846/4846/4846 

g Part40

v -180.75 3.8311 -63.4834 
v -180.75 3.8311 -65.9834 
v -180.75 1.3311 -63.4834 
v -180.75 1.3311 -65.9834 
v -180.5 3.8311 -65.9834 
v -180.75 3.8311 -65.9834 
v -180.5 3.8311 -63.4834 
v -180.75 3.8311 -63.4834 
v -180.75 3.8311 -65.9834 
v -180.5 3.8311 -65.9834 
v -180.75 1.3311 -65.9834 
v -180.5 1.3311 -65.9834 
v -180.5 3.8311 -65.9834 
v -180.5 3.8311 -63.4834 
v -180.5 1.3311 -65.9834 
v -180.5 1.3311 -63.4834 
v -180.5 1.3311 -63.4834 
v -180.75 1.3311 -63.4834 
v -180.5 1.3311 -65.9834 
v -180.75 1.3311 -65.9834 
v -180.5 3.8311 -63.4834 
v -180.75 3.8311 -63.4834 
v -180.5 1.3311 -63.4834 
v -180.75 1.3311 -63.4834 

vn -1 0 0 
vn -1 0 0 
vn -1 0 0 
vn -1 0 0 
vn 0 1 0 
vn 0 1 0 
vn 0 1 0 
vn 0 1 0 
vn 0 0 -1 
vn 0 0 -1 
vn 0 0 -1 
vn 0 0 -1 
vn 1 0 0 
vn 1 0 0 
vn 1 0 0 
vn 1 0 0 
vn 0 -1 0 
vn 0 -1 0 
vn 0 -1 0 
vn 0 -1 0 
vn 0 0 1 
vn 0 0 1 
vn 0 0 1 
vn 0 0 1 

vt 0.470439 0.767086 
vt 0.157939 0.767086 
vt 0.470439 0.454586 
vt 0.157939 0.454586 
vt 0.189189 0.767086 
vt 0.157939 0.767086 
vt 0.189189 0.454586 
vt 0.157939 0.454586 
vt 0.189189 0.767086 
vt 0.157939 0.767086 
vt 0.189189 0.454586 
vt 0.157939 0.454586 
vt 0.470439 0.767086 
vt 0.157939 0.767086 
vt 0.470439 0.454586 
vt 0.157939 0.454586 
vt 0.189189 0.767086 
vt 0.157939 0.767086 
vt 0.189189 0.454586 
vt 0.157939 0.454586 
vt 0.189189 0.767086 
vt 0.157939 0.767086 
vt 0.189189 0.454586 
vt 0.157939 0.454586 

usemtl Part1Mtl

f 4847/4847/4847 4848/4848/4848 4849/4849/4849 
f 4849/4849/4849 4848/4848/4848 4850/4850/4850 
f 4851/4851/4851 4852/4852/4852 4853/4853/4853 
f 4853/4853/4853 4852/4852/4852 4854/4854/4854 
f 4855/4855/4855 4856/4856/4856 4857/4857/4857 
f 4857/4857/4857 4856/4856/4856 4858/4858/4858 
f 4859/4859/4859 4860/4860/4860 4861/4861/4861 
f 4861/4861/4861 4860/4860/4860 4862/4862/4862 
f 4863/4863/4863 4864/4864/4864 4865/4865/4865 
f 4865/4865/4865 4864/4864/4864 4866/4866/4866 
f 4867/4867/4867 4868/4868/4868 4869/4869/4869 
f 4869/4869/4869 4868/4868/4868 4870/4870/4870 

g Part41

v -181.25 3.9811 -62.7336 
v -181.25 3.9811 -66.4836 
v -181.25 3.6811 -62.7336 
v -181.25 3.6811 -66.4836 
v -168.75 3.9811 -66.4836 
v -181.25 3.9811 -66.4836 
v -168.75 3.9811 -62.7336 
v -181.25 3.9811 -62.7336 
v -181.25 3.9811 -66.4836 
v -168.75 3.9811 -66.4836 
v -181.25 3.6811 -66.4836 
v -168.75 3.6811 -66.4836 
v -168.75 3.9811 -66.4836 
v -168.75 3.9811 -62.7336 
v -168.75 3.6811 -66.4836 
v -168.75 3.6811 -62.7336 
v -168.75 3.6811 -62.7336 
v -181.25 3.6811 -62.7336 
v -168.75 3.6811 -66.4836 
v -181.25 3.6811 -66.4836 
v -168.75 3.9811 -62.7336 
v -181.25 3.9811 -62.7336 
v -168.75 3.6811 -62.7336 
v -181.25 3.6811 -62.7336 

vn -1 0 0 
vn -1 0 0 
vn -1 0 0 
vn -1 0 0 
vn 0 1 0 
vn 0 1 0 
vn 0 1 0 
vn 0 1 0 
vn 0 0 -1 
vn 0 0 -1 
vn 0 0 -1 
vn 0 0 -1 
vn 1 0 0 
vn 1 0 0 
vn 1 0 0 
vn 1 0 0 
vn 0 -1 0 
vn 0 -1 0 
vn 0 -1 0 
vn 0 -1 0 
vn 0 0 1 
vn 0 0 1 
vn 0 0 1 
vn 0 0 1 

vt 1.39523 0.368876 
vt 0.926479 0.368876 
vt 1.39523 0.331376 
vt 0.926479 0.331376 
vt 2.48898 0.368876 
vt 0.926479 0.368876 
vt 2.48898 -0.0998738 
vt 0.926479 -0.0998738 
vt 2.48898 0.368876 
vt 0.926479 0.368876 
vt 2.48898 0.331376 
vt 0.926479 0.331376 
vt 1.39523 0.368876 
vt 0.926479 0.368876 
vt 1.39523 0.331376 
vt 0.926479 0.331376 
vt 2.48898 0.368876 
vt 0.926479 0.368876 
vt 2.48898 -0.0998738 
vt 0.926479 -0.0998738 
vt 2.48898 0.368876 
vt 0.926479 0.368876 
vt 2.48898 0.331376 
vt 0.926479 0.331376 

usemtl Part1Mtl

f 4871/4871/4871 4872/4872/4872 4873/4873/4873 
f 4873/4873/4873 4872/4872/4872 4874/4874/4874 
f 4875/4875/4875 4876/4876/4876 4877/4877/4877 
f 4877/4877/4877 4876/4876/4876 4878/4878/4878 
f 4879/4879/4879 4880/4880/4880 4881/4881/4881 
f 4881/4881/4881 4880/4880/4880 4882/4882/4882 
f 4883/4883/4883 4884/4884/4884 4885/4885/4885 
f 4885/4885/4885 4884/4884/4884 4886/4886/4886 
f 4887/4887/4887 4888/4888/4888 4889/4889/4889 
f 4889/4889/4889 4888/4888/4888 4890/4890/4890 
f 4891/4891/4891 4892/4892/4892 4893/4893/4893 
f 4893/4893/4893 4892/4892/4892 4894/4894/4894 

g Part42

v -172.062 3.8311 -63.3586 
v -172.062 3.8311 -65.8586 
v -172.062 3.3311 -63.3586 
v -172.062 3.3311 -65.8586 
v -171.687 3.8311 -65.8586 
v -172.062 3.8311 -65.8586 
v -171.687 3.8311 -63.3586 
v -172.062 3.8311 -63.3586 
v -172.062 3.8311 -65.8586 
v -171.687 3.8311 -65.8586 
v -172.062 3.3311 -65.8586 
v -171.687 3.3311 -65.8586 
v -171.687 3.8311 -65.8586 
v -171.687 3.8311 -63.3586 
v -171.687 3.3311 -65.8586 
v -171.687 3.3311 -63.3586 
v -171.687 3.3311 -63.3586 
v -172.062 3.3311 -63.3586 
v -171.687 3.3311 -65.8586 
v -172.062 3.3311 -65.8586 
v -171.687 3.8311 -63.3586 
v -172.062 3.8311 -63.3586 
v -171.687 3.3311 -63.3586 
v -172.062 3.3311 -63.3586 

vn -1 0 0 
vn -1 0 0 
vn -1 0 0 
vn -1 0 0 
vn 0 1 0 
vn 0 1 0 
vn 0 1 0 
vn 0 1 0 
vn 0 0 -1 
vn 0 0 -1 
vn 0 0 -1 
vn 0 0 -1 
vn 1 0 0 
vn 1 0 0 
vn 1 0 0 
vn 1 0 0 
vn 0 -1 0 
vn 0 -1 0 
vn 0 -1 0 
vn 0 -1 0 
vn 0 0 1 
vn 0 0 1 
vn 0 0 1 
vn 0 0 1 

vt 0.507038 0.853554 
vt 0.194538 0.853554 
vt 0.507038 0.791054 
vt 0.194538 0.791054 
vt 0.241413 0.853554 
vt 0.194538 0.853554 
vt 0.241413 0.541054 
vt 0.194538 0.541054 
vt 0.241413 0.853554 
vt 0.194538 0.853554 
vt 0.241413 0.791054 
vt 0.194538 0.791054 
vt 0.507038 0.853554 
vt 0.194538 0.853554 
vt 0.507038 0.791054 
vt 0.194538 0.791054 
vt 0.241413 0.853554 
vt 0.194538 0.853554 
vt 0.241413 0.541054 
vt 0.194538 0.541054 
vt 0.241413 0.853554 
vt 0.194538 0.853554 
vt 0.241413 0.791054 
vt 0.194538 0.791054 

usemtl Part1Mtl

f 4895/4895/4895 4896/4896/4896 4897/4897/4897 
f 4897/4897/4897 4896/4896/4896 4898/4898/4898 
f 4899/4899/4899 4900/4900/4900 4901/4901/4901 
f 4901/4901/4901 4900/4900/4900 4902/4902/4902 
f 4903/4903/4903 4904/4904/4904 4905/4905/4905 
f 4905/4905/4905 4904/4904/4904 4906/4906/4906 
f 4907/4907/4907 4908/4908/4908 4909/4909/4909 
f 4909/4909/4909 4908/4908/4908 4910/4910/4910 
f 4911/4911/4911 4912/4912/4912 4913/4913/4913 
f 4913/4913/4913 4912/4912/4912 4914/4914/4914 
f 4915/4915/4915 4916/4916/4916 4917/4917/4917 
f 4917/4917/4917 4916/4916/4916 4918/4918/4918 

g Part43

v -180.812 3.8311 -63.3586 
v -180.812 3.8311 -65.8586 
v -180.812 3.3311 -63.3586 
v -180.812 3.3311 -65.8586 
v -180.438 3.8311 -65.8586 
v -180.812 3.8311 -65.8586 
v -180.438 3.8311 -63.3586 
v -180.812 3.8311 -63.3586 
v -180.812 3.8311 -65.8586 
v -180.438 3.8311 -65.8586 
v -180.812 3.3311 -65.8586 
v -180.438 3.3311 -65.8586 
v -180.438 3.8311 -65.8586 
v -180.438 3.8311 -63.3586 
v -180.438 3.3311 -65.8586 
v -180.438 3.3311 -63.3586 
v -180.438 3.3311 -63.3586 
v -180.812 3.3311 -63.3586 
v -180.438 3.3311 -65.8586 
v -180.812 3.3311 -65.8586 
v -180.438 3.8311 -63.3586 
v -180.812 3.8311 -63.3586 
v -180.438 3.3311 -63.3586 
v -180.812 3.3311 -63.3586 

vn -1 0 0 
vn -1 0 0 
vn -1 0 0 
vn -1 0 0 
vn 0 1 0 
vn 0 1 0 
vn 0 1 0 
vn 0 1 0 
vn 0 0 -1 
vn 0 0 -1 
vn 0 0 -1 
vn 0 0 -1 
vn 1 0 0 
vn 1 0 0 
vn 1 0 0 
vn 1 0 0 
vn 0 -1 0 
vn 0 -1 0 
vn 0 -1 0 
vn 0 -1 0 
vn 0 0 1 
vn 0 0 1 
vn 0 0 1 
vn 0 0 1 

vt 0.205047 0.862705 
vt -0.107453 0.862705 
vt 0.205047 0.800205 
vt -0.107453 0.800205 
vt -0.0605782 0.862705 
vt -0.107453 0.862705 
vt -0.0605782 0.550205 
vt -0.107453 0.550205 
vt -0.0605782 0.862705 
vt -0.107453 0.862705 
vt -0.0605782 0.800205 
vt -0.107453 0.800205 
vt 0.205047 0.862705 
vt -0.107453 0.862705 
vt 0.205047 0.800205 
vt -0.107453 0.800205 
vt -0.0605782 0.862705 
vt -0.107453 0.862705 
vt -0.0605782 0.550205 
vt -0.107453 0.550205 
vt -0.0605782 0.862705 
vt -0.107453 0.862705 
vt -0.0605782 0.800205 
vt -0.107453 0.800205 

usemtl Part1Mtl

f 4919/4919/4919 4920/4920/4920 4921/4921/4921 
f 4921/4921/4921 4920/4920/4920 4922/4922/4922 
f 4923/4923/4923 4924/4924/4924 4925/4925/4925 
f 4925/4925/4925 4924/4924/4924 4926/4926/4926 
f 4927/4927/4927 4928/4928/4928 4929/4929/4929 
f 4929/4929/4929 4928/4928/4928 4930/4930/4930 
f 4931/4931/4931 4932/4932/4932 4933/4933/4933 
f 4933/4933/4933 4932/4932/4932 4934/4934/4934 
f 4935/4935/4935 4936/4936/4936 4937/4937/4937 
f 4937/4937/4937 4936/4936/4936 4938/4938/4938 
f 4939/4939/4939 4940/4940/4940 4941/4941/4941 
f 4941/4941/4941 4940/4940/4940 4942/4942/4942 

g Part44

v -178.125 1.7061 -65.671 
v -180.625 1.7061 -65.671 
v -178.125 0.706099 -65.671 
v -180.625 0.706099 -65.671 
v -180.625 1.7061 -66.046 
v -180.625 1.7061 -65.671 
v -178.125 1.7061 -66.046 
v -178.125 1.7061 -65.671 
v -180.625 1.7061 -65.671 
v -180.625 1.7061 -66.046 
v -180.625 0.706099 -65.671 
v -180.625 0.706099 -66.046 
v -180.625 1.7061 -66.046 
v -178.125 1.7061 -66.046 
v -180.625 0.706099 -66.046 
v -178.125 0.706099 -66.046 
v -178.125 0.706099 -66.046 
v -178.125 0.706099 -65.671 
v -180.625 0.706099 -66.046 
v -180.625 0.706099 -65.671 
v -178.125 1.7061 -66.046 
v -178.125 1.7061 -65.671 
v -178.125 0.706099 -66.046 
v -178.125 0.706099 -65.671 

vn 0 0 1 
vn 0 0 1 
vn 0 0 1 
vn 0 0 1 
vn 0 1 0 
vn 0 1 0 
vn 0 1 0 
vn 0 1 0 
vn -1 0 0 
vn -1 0 0 
vn -1 0 0 
vn -1 0 0 
vn 0 0 -1 
vn 0 0 -1 
vn 0 0 -1 
vn 0 0 -1 
vn 0 -1 0 
vn 0 -1 0 
vn 0 -1 0 
vn 0 -1 0 
vn 1 0 0 
vn 1 0 0 
vn 1 0 0 
vn 1 0 0 

vt 0.179503 0.966475 
vt -0.132997 0.966475 
vt 0.179503 0.841475 
vt -0.132997 0.841475 
vt -0.0861218 0.966475 
vt -0.132997 0.966475 
vt -0.0861218 0.653975 
vt -0.132997 0.653975 
vt -0.0861218 0.966475 
vt -0.132997 0.966475 
vt -0.0861218 0.841475 
vt -0.132997 0.841475 
vt 0.179503 0.966475 
vt -0.132997 0.966475 
vt 0.179503 0.841475 
vt -0.132997 0.841475 
vt -0.0861218 0.966475 
vt -0.132997 0.966475 
vt -0.0861218 0.653975 
vt -0.132997 0.653975 
vt -0.0861218 0.966475 
vt -0.132997 0.966475 
vt -0.0861218 0.841475 
vt -0.132997 0.841475 

usemtl Part1Mtl

f 4943/4943/4943 4944/4944/4944 4945/4945/4945 
f 4945/4945/4945 4944/4944/4944 4946/4946/4946 
f 4947/4947/4947 4948/4948/4948 4949/4949/4949 
f 4949/4949/4949 4948/4948/4948 4950/4950/4950 
f 4951/4951/4951 4952/4952/4952 4953/4953/4953 
f 4953/4953/4953 4952/4952/4952 4954/4954/4954 
f 4955/4955/4955 4956/4956/4956 4957/4957/4957 
f 4957/4957/4957 4956/4956/4956 4958/4958/4958 
f 4959/4959/4959 4960/4960/4960 4961/4961/4961 
f 4961/4961/4961 4960/4960/4960 4962/4962/4962 
f 4963/4963/4963 4964/4964/4964 4965/4965/4965 
f 4965/4965/4965 4964/4964/4964 4966/4966/4966 

g Part45

v -176.25 3.5936 -63.1085 
v -177.5 3.5936 -63.1085 
v -176.25 3.4436 -63.1085 
v -177.5 3.4436 -63.1085 
v -177.5 3.5936 -63.6085 
v -177.5 3.5936 -63.1085 
v -176.25 3.5936 -63.6085 
v -176.25 3.5936 -63.1085 
v -177.5 3.5936 -63.1085 
v -177.5 3.5936 -63.6085 
v -177.5 3.4436 -63.1085 
v -177.5 3.4436 -63.6085 
v -177.5 3.5936 -63.6085 
v -176.25 3.5936 -63.6085 
v -177.5 3.4436 -63.6085 
v -176.25 3.4436 -63.6085 
v -176.25 3.4436 -63.6085 
v -176.25 3.4436 -63.1085 
v -177.5 3.4436 -63.6085 
v -177.5 3.4436 -63.1085 
v -176.25 3.5936 -63.6085 
v -176.25 3.5936 -63.1085 
v -176.25 3.4436 -63.6085 
v -176.25 3.4436 -63.1085 

vn 0 0 1 
vn 0 0 1 
vn 0 0 1 
vn 0 0 1 
vn 0 1 0 
vn 0 1 0 
vn 0 1 0 
vn 0 1 0 
vn -1 0 0 
vn -1 0 0 
vn -1 0 0 
vn -1 0 0 
vn 0 0 -1 
vn 0 0 -1 
vn 0 0 -1 
vn 0 0 -1 
vn 0 -1 0 
vn 0 -1 0 
vn 0 -1 0 
vn 0 -1 0 
vn 1 0 0 
vn 1 0 0 
vn 1 0 0 
vn 1 0 0 

vt 0.0910387 1.04533 
vt -0.0652113 1.04533 
vt 0.0910387 1.02658 
vt -0.0652113 1.02658 
vt -0.00271132 1.04533 
vt -0.0652113 1.04533 
vt -0.00271132 0.889077 
vt -0.0652113 0.889077 
vt -0.00271132 1.04533 
vt -0.0652113 1.04533 
vt -0.00271132 1.02658 
vt -0.0652113 1.02658 
vt 0.0910387 1.04533 
vt -0.0652113 1.04533 
vt 0.0910387 1.02658 
vt -0.0652113 1.02658 
vt -0.00271132 1.04533 
vt -0.0652113 1.04533 
vt -0.00271132 0.889077 
vt -0.0652113 0.889077 
vt -0.00271132 1.04533 
vt -0.0652113 1.04533 
vt -0.00271132 1.02658 
vt -0.0652113 1.02658 

usemtl Part1Mtl

f 4967/4967/4967 4968/4968/4968 4969/4969/4969 
f 4969/4969/4969 4968/4968/4968 4970/4970/4970 
f 4971/4971/4971 4972/4972/4972 4973/4973/4973 
f 4973/4973/4973 4972/4972/4972 4974/4974/4974 
f 4975/4975/4975 4976/4976/4976 4977/4977/4977 
f 4977/4977/4977 4976/4976/4976 4978/4978/4978 
f 4979/4979/4979 4980/4980/4980 4981/4981/4981 
f 4981/4981/4981 4980/4980/4980 4982/4982/4982 
f 4983/4983/4983 4984/4984/4984 4985/4985/4985 
f 4985/4985/4985 4984/4984/4984 4986/4986/4986 
f 4987/4987/4987 4988/4988/4988 4989/4989/4989 
f 4989/4989/4989 4988/4988/4988 4990/4990/4990 

g Part46

v -178.188 0.70611 -66.2335 
v -171.812 0.70611 -66.2335 
v -178.188 0.20611 -66.2335 
v -171.812 0.20611 -66.2335 
v -171.812 0.70611 -65.4835 
v -171.812 0.70611 -66.2335 
v -178.188 0.70611 -65.4835 
v -178.188 0.70611 -66.2335 
v -171.812 0.70611 -66.2335 
v -171.812 0.70611 -65.4835 
v -171.812 0.20611 -66.2335 
v -171.812 0.20611 -65.4835 
v -171.812 0.70611 -65.4835 
v -178.188 0.70611 -65.4835 
v -171.812 0.20611 -65.4835 
v -178.188 0.20611 -65.4835 
v -178.188 0.20611 -65.4835 
v -178.188 0.20611 -66.2335 
v -171.812 0.20611 -65.4835 
v -171.812 0.20611 -66.2335 
v -178.188 0.70611 -65.4835 
v -178.188 0.70611 -66.2335 
v -178.188 0.20611 -65.4835 
v -178.188 0.20611 -66.2335 

vn 0 0 -1 
vn 0 0 -1 
vn 0 0 -1 
vn 0 0 -1 
vn 0 1 0 
vn 0 1 0 
vn 0 1 0 
vn 0 1 0 
vn 1 0 0 
vn 1 0 0 
vn 1 0 0 
vn 1 0 0 
vn 0 0 1 
vn 0 0 1 
vn 0 0 1 
vn 0 0 1 
vn 0 -1 0 
vn 0 -1 0 
vn 0 -1 0 
vn 0 -1 0 
vn -1 0 0 
vn -1 0 0 
vn -1 0 0 
vn -1 0 0 

vt 0.782451 0.809547 
vt -0.0144236 0.809547 
vt 0.782451 0.747047 
vt -0.0144236 0.747047 
vt 0.0793264 0.809547 
vt -0.0144236 0.809547 
vt 0.0793264 0.0126716 
vt -0.0144236 0.0126716 
vt 0.0793264 0.809547 
vt -0.0144236 0.809547 
vt 0.0793264 0.747047 
vt -0.0144236 0.747047 
vt 0.782451 0.809547 
vt -0.0144236 0.809547 
vt 0.782451 0.747047 
vt -0.0144236 0.747047 
vt 0.0793264 0.809547 
vt -0.0144236 0.809547 
vt 0.0793264 0.0126716 
vt -0.0144236 0.0126716 
vt 0.0793264 0.809547 
vt -0.0144236 0.809547 
vt 0.0793264 0.747047 
vt -0.0144236 0.747047 

usemtl Part1Mtl

f 4991/4991/4991 4992/4992/4992 4993/4993/4993 
f 4993/4993/4993 4992/4992/4992 4994/4994/4994 
f 4995/4995/4995 4996/4996/4996 4997/4997/4997 
f 4997/4997/4997 4996/4996/4996 4998/4998/4998 
f 4999/4999/4999 5000/5000/5000 5001/5001/5001 
f 5001/5001/5001 5000/5000/5000 5002/5002/5002 
f 5003/5003/5003 5004/5004/5004 5005/5005/5005 
f 5005/5005/5005 5004/5004/5004 5006/5006/5006 
f 5007/5007/5007 5008/5008/5008 5009/5009/5009 
f 5009/5009/5009 5008/5008/5008 5010/5010/5010 
f 5011/5011/5011 5012/5012/5012 5013/5013/5013 
f 5013/5013/5013 5012/5012/5012 5014/5014/5014 

g Part47

v -180.625 2.20611 -63.4835 
v -178.125 2.20611 -63.4835 
v -180.625 0.70611 -63.4835 
v -178.125 0.70611 -63.4835 
v -178.125 2.20611 -63.2335 
v -178.125 2.20611 -63.4835 
v -180.625 2.20611 -63.2335 
v -180.625 2.20611 -63.4835 
v -178.125 2.20611 -63.4835 
v -178.125 2.20611 -63.2335 
v -178.125 0.70611 -63.4835 
v -178.125 0.70611 -63.2335 
v -178.125 2.20611 -63.2335 
v -180.625 2.20611 -63.2335 
v -178.125 0.70611 -63.2335 
v -180.625 0.70611 -63.2335 
v -180.625 0.70611 -63.2335 
v -180.625 0.70611 -63.4835 
v -178.125 0.70611 -63.2335 
v -178.125 0.70611 -63.4835 
v -180.625 2.20611 -63.2335 
v -180.625 2.20611 -63.4835 
v -180.625 0.70611 -63.2335 
v -180.625 0.70611 -63.4835 

vn 0 0 -1 
vn 0 0 -1 
vn 0 0 -1 
vn 0 0 -1 
vn 0 1 0 
vn 0 1 0 
vn 0 1 0 
vn 0 1 0 
vn 1 0 0 
vn 1 0 0 
vn 1 0 0 
vn 1 0 0 
vn 0 0 1 
vn 0 0 1 
vn 0 0 1 
vn 0 0 1 
vn 0 -1 0 
vn 0 -1 0 
vn 0 -1 0 
vn 0 -1 0 
vn -1 0 0 
vn -1 0 0 
vn -1 0 0 
vn -1 0 0 

vt 0.242122 0.82611 
vt -0.0703779 0.82611 
vt 0.242122 0.63861 
vt -0.0703779 0.63861 
vt -0.0391279 0.82611 
vt -0.0703779 0.82611 
vt -0.0391279 0.51361 
vt -0.0703779 0.51361 
vt -0.0391279 0.82611 
vt -0.0703779 0.82611 
vt -0.0391279 0.63861 
vt -0.0703779 0.63861 
vt 0.242122 0.82611 
vt -0.0703779 0.82611 
vt 0.242122 0.63861 
vt -0.0703779 0.63861 
vt -0.0391279 0.82611 
vt -0.0703779 0.82611 
vt -0.0391279 0.51361 
vt -0.0703779 0.51361 
vt -0.0391279 0.82611 
vt -0.0703779 0.82611 
vt -0.0391279 0.63861 
vt -0.0703779 0.63861 

usemtl Part1Mtl

f 5015/5015/5015 5016/5016/5016 5017/5017/5017 
f 5017/5017/5017 5016/5016/5016 5018/5018/5018 
f 5019/5019/5019 5020/5020/5020 5021/5021/5021 
f 5021/5021/5021 5020/5020/5020 5022/5022/5022 
f 5023/5023/5023 5024/5024/5024 5025/5025/5025 
f 5025/5025/5025 5024/5024/5024 5026/5026/5026 
f 5027/5027/5027 5028/5028/5028 5029/5029/5029 
f 5029/5029/5029 5028/5028/5028 5030/5030/5030 
f 5031/5031/5031 5032/5032/5032 5033/5033/5033 
f 5033/5033/5033 5032/5032/5032 5034/5034/5034 
f 5035/5035/5035 5036/5036/5036 5037/5037/5037 
f 5037/5037/5037 5036/5036/5036 5038/5038/5038 

g Part48

v -180.625 2.3311 -63.546 
v -178.125 2.3311 -63.546 
v -180.625 2.0811 -63.546 
v -178.125 2.0811 -63.546 
v -178.125 2.3311 -63.171 
v -178.125 2.3311 -63.546 
v -180.625 2.3311 -63.171 
v -180.625 2.3311 -63.546 
v -178.125 2.3311 -63.546 
v -178.125 2.3311 -63.171 
v -178.125 2.0811 -63.546 
v -178.125 2.0811 -63.171 
v -178.125 2.3311 -63.171 
v -180.625 2.3311 -63.171 
v -178.125 2.0811 -63.171 
v -180.625 2.0811 -63.171 
v -180.625 2.0811 -63.171 
v -180.625 2.0811 -63.546 
v -178.125 2.0811 -63.171 
v -178.125 2.0811 -63.546 
v -180.625 2.3311 -63.171 
v -180.625 2.3311 -63.546 
v -180.625 2.0811 -63.171 
v -180.625 2.0811 -63.546 

vn 0 0 -1 
vn 0 0 -1 
vn 0 0 -1 
vn 0 0 -1 
vn 0 1 0 
vn 0 1 0 
vn 0 1 0 
vn 0 1 0 
vn 1 0 0 
vn 1 0 0 
vn 1 0 0 
vn 1 0 0 
vn 0 0 1 
vn 0 0 1 
vn 0 0 1 
vn 0 0 1 
vn 0 -1 0 
vn 0 -1 0 
vn 0 -1 0 
vn 0 -1 0 
vn -1 0 0 
vn -1 0 0 
vn -1 0 0 
vn -1 0 0 

vt 0.451061 1.05965 
vt 0.138561 1.05965 
vt 0.451061 1.0284 
vt 0.138561 1.0284 
vt 0.185436 1.05965 
vt 0.138561 1.05965 
vt 0.185436 0.747149 
vt 0.138561 0.747149 
vt 0.185436 1.05965 
vt 0.138561 1.05965 
vt 0.185436 1.0284 
vt 0.138561 1.0284 
vt 0.451061 1.05965 
vt 0.138561 1.05965 
vt 0.451061 1.0284 
vt 0.138561 1.0284 
vt 0.185436 1.05965 
vt 0.138561 1.05965 
vt 0.185436 0.747149 
vt 0.138561 0.747149 
vt 0.185436 1.05965 
vt 0.138561 1.05965 
vt 0.185436 1.0284 
vt 0.138561 1.0284 

usemtl Part1Mtl

f 5039/5039/5039 5040/5040/5040 5041/5041/5041 
f 5041/5041/5041 5040/5040/5040 5042/5042/5042 
f 5043/5043/5043 5044/5044/5044 5045/5045/5045 
f 5045/5045/5045 5044/5044/5044 5046/5046/5046 
f 5047/5047/5047 5048/5048/5048 5049/5049/5049 
f 5049/5049/5049 5048/5048/5048 5050/5050/5050 
f 5051/5051/5051 5052/5052/5052 5053/5053/5053 
f 5053/5053/5053 5052/5052/5052 5054/5054/5054 
f 5055/5055/5055 5056/5056/5056 5057/5057/5057 
f 5057/5057/5057 5056/5056/5056 5058/5058/5058 
f 5059/5059/5059 5060/5060/5060 5061/5061/5061 
f 5061/5061/5061 5060/5060/5060 5062/5062/5062 

g Part49

v -180.625 0.831099 -63.546 
v -178.125 0.831099 -63.546 
v -180.625 0.331099 -63.546 
v -178.125 0.331099 -63.546 
v -178.125 0.831099 -63.171 
v -178.125 0.831099 -63.546 
v -180.625 0.831099 -63.171 
v -180.625 0.831099 -63.546 
v -178.125 0.831099 -63.546 
v -178.125 0.831099 -63.171 
v -178.125 0.331099 -63.546 
v -178.125 0.331099 -63.171 
v -178.125 0.831099 -63.171 
v -180.625 0.831099 -63.171 
v -178.125 0.331099 -63.171 
v -180.625 0.331099 -63.171 
v -180.625 0.331099 -63.171 
v -180.625 0.331099 -63.546 
v -178.125 0.331099 -63.171 
v -178.125 0.331099 -63.546 
v -180.625 0.831099 -63.171 
v -180.625 0.831099 -63.546 
v -180.625 0.331099 -63.171 
v -180.625 0.331099 -63.546 

vn 0 0 -1 
vn 0 0 -1 
vn 0 0 -1 
vn 0 0 -1 
vn 0 1 0 
vn 0 1 0 
vn 0 1 0 
vn 0 1 0 
vn 1 0 0 
vn 1 0 0 
vn 1 0 0 
vn 1 0 0 
vn 0 0 1 
vn 0 0 1 
vn 0 0 1 
vn 0 0 1 
vn 0 -1 0 
vn 0 -1 0 
vn 0 -1 0 
vn 0 -1 0 
vn -1 0 0 
vn -1 0 0 
vn -1 0 0 
vn -1 0 0 

vt 0.248079 1.126 
vt -0.0644207 1.126 
vt 0.248079 1.0635 
vt -0.0644207 1.0635 
vt -0.0175457 1.126 
vt -0.0644207 1.126 
vt -0.0175457 0.813496 
vt -0.0644207 0.813496 
vt -0.0175457 1.126 
vt -0.0644207 1.126 
vt -0.0175457 1.0635 
vt -0.0644207 1.0635 
vt 0.248079 1.126 
vt -0.0644207 1.126 
vt 0.248079 1.0635 
vt -0.0644207 1.0635 
vt -0.0175457 1.126 
vt -0.0644207 1.126 
vt -0.0175457 0.813496 
vt -0.0644207 0.813496 
vt -0.0175457 1.126 
vt -0.0644207 1.126 
vt -0.0175457 1.0635 
vt -0.0644207 1.0635 

usemtl Part1Mtl

f 5063/5063/5063 5064/5064/5064 5065/5065/5065 
f 5065/5065/5065 5064/5064/5064 5066/5066/5066 
f 5067/5067/5067 5068/5068/5068 5069/5069/5069 
f 5069/5069/5069 5068/5068/5068 5070/5070/5070 
f 5071/5071/5071 5072/5072/5072 5073/5073/5073 
f 5073/5073/5073 5072/5072/5072 5074/5074/5074 
f 5075/5075/5075 5076/5076/5076 5077/5077/5077 
f 5077/5077/5077 5076/5076/5076 5078/5078/5078 
f 5079/5079/5079 5080/5080/5080 5081/5081/5081 
f 5081/5081/5081 5080/5080/5080 5082/5082/5082 
f 5083/5083/5083 5084/5084/5084 5085/5085/5085 
f 5085/5085/5085 5084/5084/5084 5086/5086/5086 

g Part50

v -181 0.70611 -66.2336 
v -177.75 0.70611 -66.2336 
v -181 0.20611 -66.2336 
v -177.75 0.20611 -66.2336 
v -177.75 0.70611 -62.9836 
v -177.75 0.70611 -66.2336 
v -181 0.70611 -62.9836 
v -181 0.70611 -66.2336 
v -177.75 0.70611 -66.2336 
v -177.75 0.70611 -62.9836 
v -177.75 0.20611 -66.2336 
v -177.75 0.20611 -62.9836 
v -177.75 0.70611 -62.9836 
v -181 0.70611 -62.9836 
v -177.75 0.20611 -62.9836 
v -181 0.20611 -62.9836 
v -181 0.20611 -62.9836 
v -181 0.20611 -66.2336 
v -177.75 0.20611 -62.9836 
v -177.75 0.20611 -66.2336 
v -181 0.70611 -62.9836 
v -181 0.70611 -66.2336 
v -181 0.20611 -62.9836 
v -181 0.20611 -66.2336 

vn 0 0 -1 
vn 0 0 -1 
vn 0 0 -1 
vn 0 0 -1 
vn 0 1 0 
vn 0 1 0 
vn 0 1 0 
vn 0 1 0 
vn 1 0 0 
vn 1 0 0 
vn 1 0 0 
vn 1 0 0 
vn 0 0 1 
vn 0 0 1 
vn 0 0 1 
vn 0 0 1 
vn 0 -1 0 
vn 0 -1 0 
vn 0 -1 0 
vn 0 -1 0 
vn -1 0 0 
vn -1 0 0 
vn -1 0 0 
vn -1 0 0 

vt 0.209968 1.0394 
vt -0.196282 1.0394 
vt 0.209968 0.976904 
vt -0.196282 0.976904 
vt 0.209968 1.0394 
vt -0.196282 1.0394 
vt 0.209968 0.633154 
vt -0.196282 0.633154 
vt 0.209968 1.0394 
vt -0.196282 1.0394 
vt 0.209968 0.976904 
vt -0.196282 0.976904 
vt 0.209968 1.0394 
vt -0.196282 1.0394 
vt 0.209968 0.976904 
vt -0.196282 0.976904 
vt 0.209968 1.0394 
vt -0.196282 1.0394 
vt 0.209968 0.633154 
vt -0.196282 0.633154 
vt 0.209968 1.0394 
vt -0.196282 1.0394 
vt 0.209968 0.976904 
vt -0.196282 0.976904 

usemtl Part1Mtl

f 5087/5087/5087 5088/5088/5088 5089/5089/5089 
f 5089/5089/5089 5088/5088/5088 5090/5090/5090 
f 5091/5091/5091 5092/5092/5092 5093/5093/5093 
f 5093/5093/5093 5092/5092/5092 5094/5094/5094 
f 5095/5095/5095 5096/5096/5096 5097/5097/5097 
f 5097/5097/5097 5096/5096/5096 5098/5098/5098 
f 5099/5099/5099 5100/5100/5100 5101/5101/5101 
f 5101/5101/5101 5100/5100/5100 5102/5102/5102 
f 5103/5103/5103 5104/5104/5104 5105/5105/5105 
f 5105/5105/5105 5104/5104/5104 5106/5106/5106 
f 5107/5107/5107 5108/5108/5108 5109/5109/5109 
f 5109/5109/5109 5108/5108/5108 5110/5110/5110 

g Part51

v -180.844 3.8561 -63.5772 
v -180.406 3.8561 -63.5772 
v -180.844 0.556098 -63.5772 
v -180.406 0.556098 -63.5772 
v -180.406 3.8561 -63.1397 
v -180.406 3.8561 -63.5772 
v -180.844 3.8561 -63.1397 
v -180.844 3.8561 -63.5772 
v -180.406 3.8561 -63.5772 
v -180.406 3.8561 -63.1397 
v -180.406 0.556098 -63.5772 
v -180.406 0.556098 -63.1397 
v -180.406 3.8561 -63.1397 
v -180.844 3.8561 -63.1397 
v -180.406 0.556098 -63.1397 
v -180.844 0.556098 -63.1397 
v -180.844 0.556098 -63.1397 
v -180.844 0.556098 -63.5772 
v -180.406 0.556098 -63.1397 
v -180.406 0.556098 -63.5772 
v -180.844 3.8561 -63.1397 
v -180.844 3.8561 -63.5772 
v -180.844 0.556098 -63.1397 
v -180.844 0.556098 -63.5772 

vn 0 0 -1 
vn 0 0 -1 
vn 0 0 -1 
vn 0 0 -1 
vn 0 1 0 
vn 0 1 0 
vn 0 1 0 
vn 0 1 0 
vn 1 0 0 
vn 1 0 0 
vn 1 0 0 
vn 1 0 0 
vn 0 0 1 
vn 0 0 1 
vn 0 0 1 
vn 0 0 1 
vn 0 -1 0 
vn 0 -1 0 
vn 0 -1 0 
vn 0 -1 0 
vn -1 0 0 
vn -1 0 0 
vn -1 0 0 
vn -1 0 0 

vt 0.225165 1.03758 
vt 0.170478 1.03758 
vt 0.225165 0.625084 
vt 0.170478 0.625084 
vt 0.225165 1.03758 
vt 0.170478 1.03758 
vt 0.225165 0.982897 
vt 0.170478 0.982897 
vt 0.225165 1.03758 
vt 0.170478 1.03758 
vt 0.225165 0.625084 
vt 0.170478 0.625084 
vt 0.225165 1.03758 
vt 0.170478 1.03758 
vt 0.225165 0.625084 
vt 0.170478 0.625084 
vt 0.225165 1.03758 
vt 0.170478 1.03758 
vt 0.225165 0.982897 
vt 0.170478 0.982897 
vt 0.225165 1.03758 
vt 0.170478 1.03758 
vt 0.225165 0.625084 
vt 0.170478 0.625084 

usemtl Part1Mtl

f 5111/5111/5111 5112/5112/5112 5113/5113/5113 
f 5113/5113/5113 5112/5112/5112 5114/5114/5114 
f 5115/5115/5115 5116/5116/5116 5117/5117/5117 
f 5117/5117/5117 5116/5116/5116 5118/5118/5118 
f 5119/5119/5119 5120/5120/5120 5121/5121/5121 
f 5121/5121/5121 5120/5120/5120 5122/5122/5122 
f 5123/5123/5123 5124/5124/5124 5125/5125/5125 
f 5125/5125/5125 5124/5124/5124 5126/5126/5126 
f 5127/5127/5127 5128/5128/5128 5129/5129/5129 
f 5129/5129/5129 5128/5128/5128 5130/5130/5130 
f 5131/5131/5131 5132/5132/5132 5133/5133/5133 
f 5133/5133/5133 5132/5132/5132 5134/5134/5134 

g Part52

v -181.125 0.581103 -66.3586 
v -177.625 0.581103 -66.3586 
v -181.125 0.0811028 -66.3586 
v -177.625 0.0811028 -66.3586 
v -177.625 0.581103 -62.8586 
v -177.625 0.581103 -66.3586 
v -181.125 0.581103 -62.8586 
v -181.125 0.581103 -66.3586 
v -177.625 0.581103 -66.3586 
v -177.625 0.581103 -62.8586 
v -177.625 0.0811028 -66.3586 
v -177.625 0.0811028 -62.8586 
v -177.625 0.581103 -62.8586 
v -181.125 0.581103 -62.8586 
v -177.625 0.0811028 -62.8586 
v -181.125 0.0811028 -62.8586 
v -181.125 0.0811028 -62.8586 
v -181.125 0.0811028 -66.3586 
v -177.625 0.0811028 -62.8586 
v -177.625 0.0811028 -66.3586 
v -181.125 0.581103 -62.8586 
v -181.125 0.581103 -66.3586 
v -181.125 0.0811028 -62.8586 
v -181.125 0.0811028 -66.3586 

vn 0 0 -1 
vn 0 0 -1 
vn 0 0 -1 
vn 0 0 -1 
vn 0 1 0 
vn 0 1 0 
vn 0 1 0 
vn 0 1 0 
vn 1 0 0 
vn 1 0 0 
vn 1 0 0 
vn 1 0 0 
vn 0 0 1 
vn 0 0 1 
vn 0 0 1 
vn 0 0 1 
vn 0 -1 0 
vn 0 -1 0 
vn 0 -1 0 
vn 0 -1 0 
vn -1 0 0 
vn -1 0 0 
vn -1 0 0 
vn -1 0 0 

vt 0.369983 1.46699 
vt -0.0675169 1.46699 
vt 0.369983 1.40449 
vt -0.0675169 1.40449 
vt 0.369983 1.46699 
vt -0.0675169 1.46699 
vt 0.369983 1.02949 
vt -0.0675169 1.02949 
vt 0.369983 1.46699 
vt -0.0675169 1.46699 
vt 0.369983 1.40449 
vt -0.0675169 1.40449 
vt 0.369983 1.46699 
vt -0.0675169 1.46699 
vt 0.369983 1.40449 
vt -0.0675169 1.40449 
vt 0.369983 1.46699 
vt -0.0675169 1.46699 
vt 0.369983 1.02949 
vt -0.0675169 1.02949 
vt 0.369983 1.46699 
vt -0.0675169 1.46699 
vt 0.369983 1.40449 
vt -0.0675169 1.40449 

usemtl Part1Mtl

f 5135/5135/5135 5136/5136/5136 5137/5137/5137 
f 5137/5137/5137 5136/5136/5136 5138/5138/5138 
f 5139/5139/5139 5140/5140/5140 5141/5141/5141 
f 5141/5141/5141 5140/5140/5140 5142/5142/5142 
f 5143/5143/5143 5144/5144/5144 5145/5145/5145 
f 5145/5145/5145 5144/5144/5144 5146/5146/5146 
f 5147/5147/5147 5148/5148/5148 5149/5149/5149 
f 5149/5149/5149 5148/5148/5148 5150/5150/5150 
f 5151/5151/5151 5152/5152/5152 5153/5153/5153 
f 5153/5153/5153 5152/5152/5152 5154/5154/5154 
f 5155/5155/5155 5156/5156/5156 5157/5157/5157 
f 5157/5157/5157 5156/5156/5156 5158/5158/5158 

g Part53

v -178.344 3.8561 -63.5772 
v -177.906 3.8561 -63.5772 
v -178.344 0.556098 -63.5772 
v -177.906 0.556098 -63.5772 
v -177.906 3.8561 -63.1397 
v -177.906 3.8561 -63.5772 
v -178.344 3.8561 -63.1397 
v -178.344 3.8561 -63.5772 
v -177.906 3.8561 -63.5772 
v -177.906 3.8561 -63.1397 
v -177.906 0.556098 -63.5772 
v -177.906 0.556098 -63.1397 
v -177.906 3.8561 -63.1397 
v -178.344 3.8561 -63.1397 
v -177.906 0.556098 -63.1397 
v -178.344 0.556098 -63.1397 
v -178.344 0.556098 -63.1397 
v -178.344 0.556098 -63.5772 
v -177.906 0.556098 -63.1397 
v -177.906 0.556098 -63.5772 
v -178.344 3.8561 -63.1397 
v -178.344 3.8561 -63.5772 
v -178.344 0.556098 -63.1397 
v -178.344 0.556098 -63.5772 

vn 0 0 -1 
vn 0 0 -1 
vn 0 0 -1 
vn 0 0 -1 
vn 0 1 0 
vn 0 1 0 
vn 0 1 0 
vn 0 1 0 
vn 1 0 0 
vn 1 0 0 
vn 1 0 0 
vn 1 0 0 
vn 0 0 1 
vn 0 0 1 
vn 0 0 1 
vn 0 0 1 
vn 0 -1 0 
vn 0 -1 0 
vn 0 -1 0 
vn 0 -1 0 
vn -1 0 0 
vn -1 0 0 
vn -1 0 0 
vn -1 0 0 

vt -0.0144484 1.0996 
vt -0.0691359 1.0996 
vt -0.0144484 0.6871 
vt -0.0691359 0.6871 
vt -0.0144484 1.0996 
vt -0.0691359 1.0996 
vt -0.0144484 1.04491 
vt -0.0691359 1.04491 
vt -0.0144484 1.0996 
vt -0.0691359 1.0996 
vt -0.0144484 0.6871 
vt -0.0691359 0.6871 
vt -0.0144484 1.0996 
vt -0.0691359 1.0996 
vt -0.0144484 0.6871 
vt -0.0691359 0.6871 
vt -0.0144484 1.0996 
vt -0.0691359 1.0996 
vt -0.0144484 1.04491 
vt -0.0691359 1.04491 
vt -0.0144484 1.0996 
vt -0.0691359 1.0996 
vt -0.0144484 0.6871 
vt -0.0691359 0.6871 

usemtl Part1Mtl

f 5159/5159/5159 5160/5160/5160 5161/5161/5161 
f 5161/5161/5161 5160/5160/5160 5162/5162/5162 
f 5163/5163/5163 5164/5164/5164 5165/5165/5165 
f 5165/5165/5165 5164/5164/5164 5166/5166/5166 
f 5167/5167/5167 5168/5168/5168 5169/5169/5169 
f 5169/5169/5169 5168/5168/5168 5170/5170/5170 
f 5171/5171/5171 5172/5172/5172 5173/5173/5173 
f 5173/5173/5173 5172/5172/5172 5174/5174/5174 
f 5175/5175/5175 5176/5176/5176 5177/5177/5177 
f 5177/5177/5177 5176/5176/5176 5178/5178/5178 
f 5179/5179/5179 5180/5180/5180 5181/5181/5181 
f 5181/5181/5181 5180/5180/5180 5182/5182/5182 

g Part54

v -178.75 2.78111 -63.1085 
v -180 2.78111 -63.1085 
v -178.75 2.63111 -63.1085 
v -180 2.63111 -63.1085 
v -180 2.78111 -63.6085 
v -180 2.78111 -63.1085 
v -178.75 2.78111 -63.6085 
v -178.75 2.78111 -63.1085 
v -180 2.78111 -63.1085 
v -180 2.78111 -63.6085 
v -180 2.63111 -63.1085 
v -180 2.63111 -63.6085 
v -180 2.78111 -63.6085 
v -178.75 2.78111 -63.6085 
v -180 2.63111 -63.6085 
v -178.75 2.63111 -63.6085 
v -178.75 2.63111 -63.6085 
v -178.75 2.63111 -63.1085 
v -180 2.63111 -63.6085 
v -180 2.63111 -63.1085 
v -178.75 2.78111 -63.6085 
v -178.75 2.78111 -63.1085 
v -178.75 2.63111 -63.6085 
v -178.75 2.63111 -63.1085 

vn 0 0 1 
vn 0 0 1 
vn 0 0 1 
vn 0 0 1 
vn 0 1 0 
vn 0 1 0 
vn 0 1 0 
vn 0 1 0 
vn -1 0 0 
vn -1 0 0 
vn -1 0 0 
vn -1 0 0 
vn 0 0 -1 
vn 0 0 -1 
vn 0 0 -1 
vn 0 0 -1 
vn 0 -1 0 
vn 0 -1 0 
vn 0 -1 0 
vn 0 -1 0 
vn 1 0 0 
vn 1 0 0 
vn 1 0 0 
vn 1 0 0 

vt 0.205438 0.917339 
vt 0.0491884 0.917339 
vt 0.205438 0.898589 
vt 0.0491884 0.898589 
vt 0.111688 0.917339 
vt 0.0491884 0.917339 
vt 0.111688 0.761089 
vt 0.0491884 0.761089 
vt 0.111688 0.917339 
vt 0.0491884 0.917339 
vt 0.111688 0.898589 
vt 0.0491884 0.898589 
vt 0.205438 0.917339 
vt 0.0491884 0.917339 
vt 0.205438 0.898589 
vt 0.0491884 0.898589 
vt 0.111688 0.917339 
vt 0.0491884 0.917339 
vt 0.111688 0.761089 
vt 0.0491884 0.761089 
vt 0.111688 0.917339 
vt 0.0491884 0.917339 
vt 0.111688 0.898589 
vt 0.0491884 0.898589 

usemtl Part1Mtl

f 5183/5183/5183 5184/5184/5184 5185/5185/5185 
f 5185/5185/5185 5184/5184/5184 5186/5186/5186 
f 5187/5187/5187 5188/5188/5188 5189/5189/5189 
f 5189/5189/5189 5188/5188/5188 5190/5190/5190 
f 5191/5191/5191 5192/5192/5192 5193/5193/5193 
f 5193/5193/5193 5192/5192/5192 5194/5194/5194 
f 5195/5195/5195 5196/5196/5196 5197/5197/5197 
f 5197/5197/5197 5196/5196/5196 5198/5198/5198 
f 5199/5199/5199 5200/5200/5200 5201/5201/5201 
f 5201/5201/5201 5200/5200/5200 5202/5202/5202 
f 5203/5203/5203 5204/5204/5204 5205/5205/5205 
f 5205/5205/5205 5204/5204/5204 5206/5206/5206 

g Part55

v -180.812 1.7061 -63.3586 
v -180.812 1.7061 -65.8586 
v -180.812 0.706099 -63.3586 
v -180.812 0.706099 -65.8586 
v -180.438 1.7061 -65.8586 
v -180.812 1.7061 -65.8586 
v -180.438 1.7061 -63.3586 
v -180.812 1.7061 -63.3586 
v -180.812 1.7061 -65.8586 
v -180.438 1.7061 -65.8586 
v -180.812 0.706099 -65.8586 
v -180.438 0.706099 -65.8586 
v -180.438 1.7061 -65.8586 
v -180.438 1.7061 -63.3586 
v -180.438 0.706099 -65.8586 
v -180.438 0.706099 -63.3586 
v -180.438 0.706099 -63.3586 
v -180.812 0.706099 -63.3586 
v -180.438 0.706099 -65.8586 
v -180.812 0.706099 -65.8586 
v -180.438 1.7061 -63.3586 
v -180.812 1.7061 -63.3586 
v -180.438 0.706099 -63.3586 
v -180.812 0.706099 -63.3586 

vn -1 0 0 
vn -1 0 0 
vn -1 0 0 
vn -1 0 0 
vn 0 1 0 
vn 0 1 0 
vn 0 1 0 
vn 0 1 0 
vn 0 0 -1 
vn 0 0 -1 
vn 0 0 -1 
vn 0 0 -1 
vn 1 0 0 
vn 1 0 0 
vn 1 0 0 
vn 1 0 0 
vn 0 -1 0 
vn 0 -1 0 
vn 0 -1 0 
vn 0 -1 0 
vn 0 0 1 
vn 0 0 1 
vn 0 0 1 
vn 0 0 1 

vt 0.234695 0.858323 
vt -0.0778051 0.858323 
vt 0.234695 0.733323 
vt -0.0778051 0.733323 
vt -0.0309301 0.858323 
vt -0.0778051 0.858323 
vt -0.0309301 0.545823 
vt -0.0778051 0.545823 
vt -0.0309301 0.858323 
vt -0.0778051 0.858323 
vt -0.0309301 0.733323 
vt -0.0778051 0.733323 
vt 0.234695 0.858323 
vt -0.0778051 0.858323 
vt 0.234695 0.733323 
vt -0.0778051 0.733323 
vt -0.0309301 0.858323 
vt -0.0778051 0.858323 
vt -0.0309301 0.545823 
vt -0.0778051 0.545823 
vt -0.0309301 0.858323 
vt -0.0778051 0.858323 
vt -0.0309301 0.733323 
vt -0.0778051 0.733323 

usemtl Part1Mtl

f 5207/5207/5207 5208/5208/5208 5209/5209/5209 
f 5209/5209/5209 5208/5208/5208 5210/5210/5210 
f 5211/5211/5211 5212/5212/5212 5213/5213/5213 
f 5213/5213/5213 5212/5212/5212 5214/5214/5214 
f 5215/5215/5215 5216/5216/5216 5217/5217/5217 
f 5217/5217/5217 5216/5216/5216 5218/5218/5218 
f 5219/5219/5219 5220/5220/5220 5221/5221/5221 
f 5221/5221/5221 5220/5220/5220 5222/5222/5222 
f 5223/5223/5223 5224/5224/5224 5225/5225/5225 
f 5225/5225/5225 5224/5224/5224 5226/5226/5226 
f 5227/5227/5227 5228/5228/5228 5229/5229/5229 
f 5229/5229/5229 5228/5228/5228 5230/5230/5230 

g Part56

v -178.75 3.5936 -63.1085 
v -180 3.5936 -63.1085 
v -178.75 3.4436 -63.1085 
v -180 3.4436 -63.1085 
v -180 3.5936 -63.6085 
v -180 3.5936 -63.1085 
v -178.75 3.5936 -63.6085 
v -178.75 3.5936 -63.1085 
v -180 3.5936 -63.1085 
v -180 3.5936 -63.6085 
v -180 3.4436 -63.1085 
v -180 3.4436 -63.6085 
v -180 3.5936 -63.6085 
v -178.75 3.5936 -63.6085 
v -180 3.4436 -63.6085 
v -178.75 3.4436 -63.6085 
v -178.75 3.4436 -63.6085 
v -178.75 3.4436 -63.1085 
v -180 3.4436 -63.6085 
v -180 3.4436 -63.1085 
v -178.75 3.5936 -63.6085 
v -178.75 3.5936 -63.1085 
v -178.75 3.4436 -63.6085 
v -178.75 3.4436 -63.1085 

vn 0 0 1 
vn 0 0 1 
vn 0 0 1 
vn 0 0 1 
vn 0 1 0 
vn 0 1 0 
vn 0 1 0 
vn 0 1 0 
vn -1 0 0 
vn -1 0 0 
vn -1 0 0 
vn -1 0 0 
vn 0 0 -1 
vn 0 0 -1 
vn 0 0 -1 
vn 0 0 -1 
vn 0 -1 0 
vn 0 -1 0 
vn 0 -1 0 
vn 0 -1 0 
vn 1 0 0 
vn 1 0 0 
vn 1 0 0 
vn 1 0 0 

vt 0.262613 0.915707 
vt 0.106363 0.915707 
vt 0.262613 0.896957 
vt 0.106363 0.896957 
vt 0.168863 0.915707 
vt 0.106363 0.915707 
vt 0.168863 0.759457 
vt 0.106363 0.759457 
vt 0.168863 0.915707 
vt 0.106363 0.915707 
vt 0.168863 0.896957 
vt 0.106363 0.896957 
vt 0.262613 0.915707 
vt 0.106363 0.915707 
vt 0.262613 0.896957 
vt 0.106363 0.896957 
vt 0.168863 0.915707 
vt 0.106363 0.915707 
vt 0.168863 0.759457 
vt 0.106363 0.759457 
vt 0.168863 0.915707 
vt 0.106363 0.915707 
vt 0.168863 0.896957 
vt 0.106363 0.896957 

usemtl Part1Mtl

f 5231/5231/5231 5232/5232/5232 5233/5233/5233 
f 5233/5233/5233 5232/5232/5232 5234/5234/5234 
f 5235/5235/5235 5236/5236/5236 5237/5237/5237 
f 5237/5237/5237 5236/5236/5236 5238/5238/5238 
f 5239/5239/5239 5240/5240/5240 5241/5241/5241 
f 5241/5241/5241 5240/5240/5240 5242/5242/5242 
f 5243/5243/5243 5244/5244/5244 5245/5245/5245 
f 5245/5245/5245 5244/5244/5244 5246/5246/5246 
f 5247/5247/5247 5248/5248/5248 5249/5249/5249 
f 5249/5249/5249 5248/5248/5248 5250/5250/5250 
f 5251/5251/5251 5252/5252/5252 5253/5253/5253 
f 5253/5253/5253 5252/5252/5252 5254/5254/5254 

g Part57

v -180.625 3.8311 -63.4835 
v -178.125 3.8311 -63.4835 
v -180.625 3.3311 -63.4835 
v -178.125 3.3311 -63.4835 
v -178.125 3.8311 -63.2335 
v -178.125 3.8311 -63.4835 
v -180.625 3.8311 -63.2335 
v -180.625 3.8311 -63.4835 
v -178.125 3.8311 -63.4835 
v -178.125 3.8311 -63.2335 
v -178.125 3.3311 -63.4835 
v -178.125 3.3311 -63.2335 
v -178.125 3.8311 -63.2335 
v -180.625 3.8311 -63.2335 
v -178.125 3.3311 -63.2335 
v -180.625 3.3311 -63.2335 
v -180.625 3.3311 -63.2335 
v -180.625 3.3311 -63.4835 
v -178.125 3.3311 -63.2335 
v -178.125 3.3311 -63.4835 
v -180.625 3.8311 -63.2335 
v -180.625 3.8311 -63.4835 
v -180.625 3.3311 -63.2335 
v -180.625 3.3311 -63.4835 

vn 0 0 -1 
vn 0 0 -1 
vn 0 0 -1 
vn 0 0 -1 
vn 0 1 0 
vn 0 1 0 
vn 0 1 0 
vn 0 1 0 
vn 1 0 0 
vn 1 0 0 
vn 1 0 0 
vn 1 0 0 
vn 0 0 1 
vn 0 0 1 
vn 0 0 1 
vn 0 0 1 
vn 0 -1 0 
vn 0 -1 0 
vn 0 -1 0 
vn 0 -1 0 
vn -1 0 0 
vn -1 0 0 
vn -1 0 0 
vn -1 0 0 

vt 0.221369 0.979272 
vt -0.0911308 0.979272 
vt 0.221369 0.916772 
vt -0.0911308 0.916772 
vt -0.0598808 0.979272 
vt -0.0911308 0.979272 
vt -0.0598808 0.666772 
vt -0.0911308 0.666772 
vt -0.0598808 0.979272 
vt -0.0911308 0.979272 
vt -0.0598808 0.916772 
vt -0.0911308 0.916772 
vt 0.221369 0.979272 
vt -0.0911308 0.979272 
vt 0.221369 0.916772 
vt -0.0911308 0.916772 
vt -0.0598808 0.979272 
vt -0.0911308 0.979272 
vt -0.0598808 0.666772 
vt -0.0911308 0.666772 
vt -0.0598808 0.979272 
vt -0.0911308 0.979272 
vt -0.0598808 0.916772 
vt -0.0911308 0.916772 

usemtl Part1Mtl

f 5255/5255/5255 5256/5256/5256 5257/5257/5257 
f 5257/5257/5257 5256/5256/5256 5258/5258/5258 
f 5259/5259/5259 5260/5260/5260 5261/5261/5261 
f 5261/5261/5261 5260/5260/5260 5262/5262/5262 
f 5263/5263/5263 5264/5264/5264 5265/5265/5265 
f 5265/5265/5265 5264/5264/5264 5266/5266/5266 
f 5267/5267/5267 5268/5268/5268 5269/5269/5269 
f 5269/5269/5269 5268/5268/5268 5270/5270/5270 
f 5271/5271/5271 5272/5272/5272 5273/5273/5273 
f 5273/5273/5273 5272/5272/5272 5274/5274/5274 
f 5275/5275/5275 5276/5276/5276 5277/5277/5277 
f 5277/5277/5277 5276/5276/5276 5278/5278/5278 

g Part58

v -180.625 3.3311 -63.546 
v -178.125 3.3311 -63.546 
v -180.625 3.0811 -63.546 
v -178.125 3.0811 -63.546 
v -178.125 3.3311 -63.171 
v -178.125 3.3311 -63.546 
v -180.625 3.3311 -63.171 
v -180.625 3.3311 -63.546 
v -178.125 3.3311 -63.546 
v -178.125 3.3311 -63.171 
v -178.125 3.0811 -63.546 
v -178.125 3.0811 -63.171 
v -178.125 3.3311 -63.171 
v -180.625 3.3311 -63.171 
v -178.125 3.0811 -63.171 
v -180.625 3.0811 -63.171 
v -180.625 3.0811 -63.171 
v -180.625 3.0811 -63.546 
v -178.125 3.0811 -63.171 
v -178.125 3.0811 -63.546 
v -180.625 3.3311 -63.171 
v -180.625 3.3311 -63.546 
v -180.625 3.0811 -63.171 
v -180.625 3.0811 -63.546 

vn 0 0 -1 
vn 0 0 -1 
vn 0 0 -1 
vn 0 0 -1 
vn 0 1 0 
vn 0 1 0 
vn 0 1 0 
vn 0 1 0 
vn 1 0 0 
vn 1 0 0 
vn 1 0 0 
vn 1 0 0 
vn 0 0 1 
vn 0 0 1 
vn 0 0 1 
vn 0 0 1 
vn 0 -1 0 
vn 0 -1 0 
vn 0 -1 0 
vn 0 -1 0 
vn -1 0 0 
vn -1 0 0 
vn -1 0 0 
vn -1 0 0 

vt 0.393402 0.929582 
vt 0.0809019 0.929582 
vt 0.393402 0.898332 
vt 0.0809019 0.898332 
vt 0.127777 0.929582 
vt 0.0809019 0.929582 
vt 0.127777 0.617082 
vt 0.0809019 0.617082 
vt 0.127777 0.929582 
vt 0.0809019 0.929582 
vt 0.127777 0.898332 
vt 0.0809019 0.898332 
vt 0.393402 0.929582 
vt 0.0809019 0.929582 
vt 0.393402 0.898332 
vt 0.0809019 0.898332 
vt 0.127777 0.929582 
vt 0.0809019 0.929582 
vt 0.127777 0.617082 
vt 0.0809019 0.617082 
vt 0.127777 0.929582 
vt 0.0809019 0.929582 
vt 0.127777 0.898332 
vt 0.0809019 0.898332 

usemtl Part1Mtl

f 5279/5279/5279 5280/5280/5280 5281/5281/5281 
f 5281/5281/5281 5280/5280/5280 5282/5282/5282 
f 5283/5283/5283 5284/5284/5284 5285/5285/5285 
f 5285/5285/5285 5284/5284/5284 5286/5286/5286 
f 5287/5287/5287 5288/5288/5288 5289/5289/5289 
f 5289/5289/5289 5288/5288/5288 5290/5290/5290 
f 5291/5291/5291 5292/5292/5292 5293/5293/5293 
f 5293/5293/5293 5292/5292/5292 5294/5294/5294 
f 5295/5295/5295 5296/5296/5296 5297/5297/5297 
f 5297/5297/5297 5296/5296/5296 5298/5298/5298 
f 5299/5299/5299 5300/5300/5300 5301/5301/5301 
f 5301/5301/5301 5300/5300/5300 5302/5302/5302 

g Part59

v -180.75 3.20611 -63.4835 
v -178.25 3.20611 -63.4835 
v -180.75 2.20611 -63.4835 
v -178.25 2.20611 -63.4835 
v -178.25 3.20611 -63.2335 
v -178.25 3.20611 -63.4835 
v -180.75 3.20611 -63.2335 
v -180.75 3.20611 -63.4835 
v -178.25 3.20611 -63.4835 
v -178.25 3.20611 -63.2335 
v -178.25 2.20611 -63.4835 
v -178.25 2.20611 -63.2335 
v -178.25 3.20611 -63.2335 
v -180.75 3.20611 -63.2335 
v -178.25 2.20611 -63.2335 
v -180.75 2.20611 -63.2335 
v -180.75 2.20611 -63.2335 
v -180.75 2.20611 -63.4835 
v -178.25 2.20611 -63.2335 
v -178.25 2.20611 -63.4835 
v -180.75 3.20611 -63.2335 
v -180.75 3.20611 -63.4835 
v -180.75 2.20611 -63.2335 
v -180.75 2.20611 -63.4835 

vn 0 0 -1 
vn 0 0 -1 
vn 0 0 -1 
vn 0 0 -1 
vn 0 1 0 
vn 0 1 0 
vn 0 1 0 
vn 0 1 0 
vn 1 0 0 
vn 1 0 0 
vn 1 0 0 
vn 1 0 0 
vn 0 0 1 
vn 0 0 1 
vn 0 0 1 
vn 0 0 1 
vn 0 -1 0 
vn 0 -1 0 
vn 0 -1 0 
vn 0 -1 0 
vn -1 0 0 
vn -1 0 0 
vn -1 0 0 
vn -1 0 0 

vt 0.522427 1.0621 
vt 0.209927 1.0621 
vt 0.522427 0.937098 
vt 0.209927 0.937098 
vt 0.241177 1.0621 
vt 0.209927 1.0621 
vt 0.241177 0.749598 
vt 0.209927 0.749598 
vt 0.241177 1.0621 
vt 0.209927 1.0621 
vt 0.241177 0.937098 
vt 0.209927 0.937098 
vt 0.522427 1.0621 
vt 0.209927 1.0621 
vt 0.522427 0.937098 
vt 0.209927 0.937098 
vt 0.241177 1.0621 
vt 0.209927 1.0621 
vt 0.241177 0.749598 
vt 0.209927 0.749598 
vt 0.241177 1.0621 
vt 0.209927 1.0621 
vt 0.241177 0.937098 
vt 0.209927 0.937098 

usemtl Part1Mtl

f 5303/5303/5303 5304/5304/5304 5305/5305/5305 
f 5305/5305/5305 5304/5304/5304 5306/5306/5306 
f 5307/5307/5307 5308/5308/5308 5309/5309/5309 
f 5309/5309/5309 5308/5308/5308 5310/5310/5310 
f 5311/5311/5311 5312/5312/5312 5313/5313/5313 
f 5313/5313/5313 5312/5312/5312 5314/5314/5314 
f 5315/5315/5315 5316/5316/5316 5317/5317/5317 
f 5317/5317/5317 5316/5316/5316 5318/5318/5318 
f 5319/5319/5319 5320/5320/5320 5321/5321/5321 
f 5321/5321/5321 5320/5320/5320 5322/5322/5322 
f 5323/5323/5323 5324/5324/5324 5325/5325/5325 
f 5325/5325/5325 5324/5324/5324 5326/5326/5326 

g Part60

v -178.75 1.78111 -63.1085 
v -180 1.78111 -63.1085 
v -178.75 1.63111 -63.1085 
v -180 1.63111 -63.1085 
v -180 1.78111 -63.6085 
v -180 1.78111 -63.1085 
v -178.75 1.78111 -63.6085 
v -178.75 1.78111 -63.1085 
v -180 1.78111 -63.1085 
v -180 1.78111 -63.6085 
v -180 1.63111 -63.1085 
v -180 1.63111 -63.6085 
v -180 1.78111 -63.6085 
v -178.75 1.78111 -63.6085 
v -180 1.63111 -63.6085 
v -178.75 1.63111 -63.6085 
v -178.75 1.63111 -63.6085 
v -178.75 1.63111 -63.1085 
v -180 1.63111 -63.6085 
v -180 1.63111 -63.1085 
v -178.75 1.78111 -63.6085 
v -178.75 1.78111 -63.1085 
v -178.75 1.63111 -63.6085 
v -178.75 1.63111 -63.1085 

vn 0 0 1 
vn 0 0 1 
vn 0 0 1 
vn 0 0 1 
vn 0 1 0 
vn 0 1 0 
vn 0 1 0 
vn 0 1 0 
vn -1 0 0 
vn -1 0 0 
vn -1 0 0 
vn -1 0 0 
vn 0 0 -1 
vn 0 0 -1 
vn 0 0 -1 
vn 0 0 -1 
vn 0 -1 0 
vn 0 -1 0 
vn 0 -1 0 
vn 0 -1 0 
vn 1 0 0 
vn 1 0 0 
vn 1 0 0 
vn 1 0 0 

vt 0.211961 1.07786 
vt 0.0557108 1.07786 
vt 0.211961 1.05911 
vt 0.0557108 1.05911 
vt 0.118211 1.07786 
vt 0.0557108 1.07786 
vt 0.118211 0.921607 
vt 0.0557108 0.921607 
vt 0.118211 1.07786 
vt 0.0557108 1.07786 
vt 0.118211 1.05911 
vt 0.0557108 1.05911 
vt 0.211961 1.07786 
vt 0.0557108 1.07786 
vt 0.211961 1.05911 
vt 0.0557108 1.05911 
vt 0.118211 1.07786 
vt 0.0557108 1.07786 
vt 0.118211 0.921607 
vt 0.0557108 0.921607 
vt 0.118211 1.07786 
vt 0.0557108 1.07786 
vt 0.118211 1.05911 
vt 0.0557108 1.05911 

usemtl Part1Mtl

f 5327/5327/5327 5328/5328/5328 5329/5329/5329 
f 5329/5329/5329 5328/5328/5328 5330/5330/5330 
f 5331/5331/5331 5332/5332/5332 5333/5333/5333 
f 5333/5333/5333 5332/5332/5332 5334/5334/5334 
f 5335/5335/5335 5336/5336/5336 5337/5337/5337 
f 5337/5337/5337 5336/5336/5336 5338/5338/5338 
f 5339/5339/5339 5340/5340/5340 5341/5341/5341 
f 5341/5341/5341 5340/5340/5340 5342/5342/5342 
f 5343/5343/5343 5344/5344/5344 5345/5345/5345 
f 5345/5345/5345 5344/5344/5344 5346/5346/5346 
f 5347/5347/5347 5348/5348/5348 5349/5349/5349 
f 5349/5349/5349 5348/5348/5348 5350/5350/5350 

g Part61

v -160.8 3.39022 -77.7084 
v -160.8 3.39022 -77.3084 
v -160.8 1.0848e-05 -77.7084 
v -160.8 1.0848e-05 -77.3084 
v -189.4 3.39022 -77.3084 
v -160.8 3.39022 -77.3084 
v -189.4 3.39022 -77.7084 
v -160.8 3.39022 -77.7084 
v -160.8 3.39022 -77.3084 
v -189.4 3.39022 -77.3084 
v -160.8 1.0848e-05 -77.3084 
v -189.4 1.0848e-05 -77.3084 
v -189.4 3.39022 -77.3084 
v -189.4 3.39022 -77.7084 
v -189.4 1.0848e-05 -77.3084 
v -189.4 1.0848e-05 -77.7084 
v -189.4 1.0848e-05 -77.7084 
v -160.8 1.0848e-05 -77.7084 
v -189.4 1.0848e-05 -77.3084 
v -160.8 1.0848e-05 -77.3084 
v -189.4 3.39022 -77.7084 
v -160.8 3.39022 -77.7084 
v -189.4 1.0848e-05 -77.7084 
v -160.8 1.0848e-05 -77.7084 

vn 1 0 0 
vn 1 0 0 
vn 1 0 0 
vn 1 0 0 
vn 0 1 0 
vn 0 1 0 
vn 0 1 0 
vn 0 1 0 
vn 0 0 1 
vn 0 0 1 
vn 0 0 1 
vn 0 0 1 
vn -1 0 0 
vn -1 0 0 
vn -1 0 0 
vn -1 0 0 
vn 0 -1 0 
vn 0 -1 0 
vn 0 -1 0 
vn 0 -1 0 
vn 0 0 -1 
vn 0 0 -1 
vn 0 0 -1 
vn 0 0 -1 

vt 0.3 -0.625 
vt 0.25 -0.625 
vt 0.3 -1.04878 
vt 0.25 -1.04878 
vt 3.82499 -0.625 
vt 0.25 -0.625 
vt 3.82499 -0.675 
vt 0.25 -0.675 
vt 3.82499 -0.625 
vt 0.25 -0.625 
vt 3.82499 -1.04878 
vt 0.25 -1.04878 
vt 0.3 -0.625 
vt 0.25 -0.625 
vt 0.3 -1.04878 
vt 0.25 -1.04878 
vt 3.82499 -0.625 
vt 0.25 -0.625 
vt 3.82499 -0.675 
vt 0.25 -0.675 
vt 3.82499 -0.625 
vt 0.25 -0.625 
vt 3.82499 -1.04878 
vt 0.25 -1.04878 

usemtl Part61Mtl

f 5351/5351/5351 5352/5352/5352 5353/5353/5353 
f 5353/5353/5353 5352/5352/5352 5354/5354/5354 
f 5355/5355/5355 5356/5356/5356 5357/5357/5357 
f 5357/5357/5357 5356/5356/5356 5358/5358/5358 
f 5359/5359/5359 5360/5360/5360 5361/5361/5361 
f 5361/5361/5361 5360/5360/5360 5362/5362/5362 
f 5363/5363/5363 5364/5364/5364 5365/5365/5365 
f 5365/5365/5365 5364/5364/5364 5366/5366/5366 
f 5367/5367/5367 5368/5368/5368 5369/5369/5369 
f 5369/5369/5369 5368/5368/5368 5370/5370/5370 
f 5371/5371/5371 5372/5372/5372 5373/5373/5373 
f 5373/5373/5373 5372/5372/5372 5374/5374/5374 

g Part62

v -160.8 0.0811027 -77.3084 
v -160.8 0.0811027 -76.9084 
v -160.8 1.30609e-05 -77.3084 
v -160.8 1.30609e-05 -76.9084 
v -189.4 0.0811027 -76.9084 
v -160.8 0.0811027 -76.9084 
v -189.4 0.0811027 -77.3084 
v -160.8 0.0811027 -77.3084 
v -160.8 0.0811027 -76.9084 
v -189.4 0.0811027 -76.9084 
v -160.8 1.30609e-05 -76.9084 
v -189.4 1.30609e-05 -76.9084 
v -189.4 0.0811027 -76.9084 
v -189.4 0.0811027 -77.3084 
v -189.4 1.30609e-05 -76.9084 
v -189.4 1.30609e-05 -77.3084 
v -189.4 1.30609e-05 -77.3084 
v -160.8 1.30609e-05 -77.3084 
v -189.4 1.30609e-05 -76.9084 
v -160.8 1.30609e-05 -76.9084 
v -189.4 0.0811027 -77.3084 
v -160.8 0.0811027 -77.3084 
v -189.4 1.30609e-05 -77.3084 
v -160.8 1.30609e-05 -77.3084 

vn 1 0 0 
vn 1 0 0 
vn 1 0 0 
vn 1 0 0 
vn 0 1 0 
vn 0 1 0 
vn 0 1 0 
vn 0 1 0 
vn 0 0 1 
vn 0 0 1 
vn 0 0 1 
vn 0 0 1 
vn -1 0 0 
vn -1 0 0 
vn -1 0 0 
vn -1 0 0 
vn 0 -1 0 
vn 0 -1 0 
vn 0 -1 0 
vn 0 -1 0 
vn 0 0 -1 
vn 0 0 -1 
vn 0 0 -1 
vn 0 0 -1 

vt 0.776373 -0.189864 
vt 0.726373 -0.189864 
vt 0.776373 -0.2 
vt 0.726373 -0.2 
vt 4.30137 -0.189864 
vt 0.726373 -0.189864 
vt 4.30137 -0.239864 
vt 0.726373 -0.239864 
vt 4.30137 -0.189864 
vt 0.726373 -0.189864 
vt 4.30137 -0.2 
vt 0.726373 -0.2 
vt 0.776373 -0.189864 
vt 0.726373 -0.189864 
vt 0.776373 -0.2 
vt 0.726373 -0.2 
vt 4.30137 -0.189864 
vt 0.726373 -0.189864 
vt 4.30137 -0.239864 
vt 0.726373 -0.239864 
vt 4.30137 -0.189864 
vt 0.726373 -0.189864 
vt 4.30137 -0.2 
vt 0.726373 -0.2 

usemtl Part1Mtl

f 5375/5375/5375 5376/5376/5376 5377/5377/5377 
f 5377/5377/5377 5376/5376/5376 5378/5378/5378 
f 5379/5379/5379 5380/5380/5380 5381/5381/5381 
f 5381/5381/5381 5380/5380/5380 5382/5382/5382 
f 5383/5383/5383 5384/5384/5384 5385/5385/5385 
f 5385/5385/5385 5384/5384/5384 5386/5386/5386 
f 5387/5387/5387 5388/5388/5388 5389/5389/5389 
f 5389/5389/5389 5388/5388/5388 5390/5390/5390 
f 5391/5391/5391 5392/5392/5392 5393/5393/5393 
f 5393/5393/5393 5392/5392/5392 5394/5394/5394 
f 5395/5395/5395 5396/5396/5396 5397/5397/5397 
f 5397/5397/5397 5396/5396/5396 5398/5398/5398 

g Part63

v -189.8 0.0811027 -77.3084 
v -189.4 0.0811027 -77.3084 
v -189.8 1.30609e-05 -77.3084 
v -189.4 1.30609e-05 -77.3084 
v -189.4 0.0811027 -51.5085 
v -189.4 0.0811027 -77.3084 
v -189.8 0.0811027 -51.5085 
v -189.8 0.0811027 -77.3084 
v -189.4 0.0811027 -77.3084 
v -189.4 0.0811027 -51.5085 
v -189.4 1.30609e-05 -77.3084 
v -189.4 1.30609e-05 -51.5085 
v -189.4 0.0811027 -51.5085 
v -189.8 0.0811027 -51.5085 
v -189.4 1.30609e-05 -51.5085 
v -189.8 1.30609e-05 -51.5085 
v -189.8 1.30609e-05 -51.5085 
v -189.8 1.30609e-05 -77.3084 
v -189.4 1.30609e-05 -51.5085 
v -189.4 1.30609e-05 -77.3084 
v -189.8 0.0811027 -51.5085 
v -189.8 0.0811027 -77.3084 
v -189.8 1.30609e-05 -51.5085 
v -189.8 1.30609e-05 -77.3084 

vn 0 0 -1 
vn 0 0 -1 
vn 0 0 -1 
vn 0 0 -1 
vn 0 1 0 
vn 0 1 0 
vn 0 1 0 
vn 0 1 0 
vn 1 0 0 
vn 1 0 0 
vn 1 0 0 
vn 1 0 0 
vn 0 0 1 
vn 0 0 1 
vn 0 0 1 
vn 0 0 1 
vn 0 -1 0 
vn 0 -1 0 
vn 0 -1 0 
vn 0 -1 0 
vn -1 0 0 
vn -1 0 0 
vn -1 0 0 
vn -1 0 0 

vt 1.68297 0.912993 
vt 1.63297 0.912993 
vt 1.68297 0.902857 
vt 1.63297 0.902857 
vt 4.85797 0.912993 
vt 1.63297 0.912993 
vt 4.85797 0.862993 
vt 1.63297 0.862993 
vt 4.85797 0.912993 
vt 1.63297 0.912993 
vt 4.85797 0.902857 
vt 1.63297 0.902857 
vt 1.68297 0.912993 
vt 1.63297 0.912993 
vt 1.68297 0.902857 
vt 1.63297 0.902857 
vt 4.85797 0.912993 
vt 1.63297 0.912993 
vt 4.85797 0.862993 
vt 1.63297 0.862993 
vt 4.85797 0.912993 
vt 1.63297 0.912993 
vt 4.85797 0.902857 
vt 1.63297 0.902857 

usemtl Part1Mtl

f 5399/5399/5399 5400/5400/5400 5401/5401/5401 
f 5401/5401/5401 5400/5400/5400 5402/5402/5402 
f 5403/5403/5403 5404/5404/5404 5405/5405/5405 
f 5405/5405/5405 5404/5404/5404 5406/5406/5406 
f 5407/5407/5407 5408/5408/5408 5409/5409/5409 
f 5409/5409/5409 5408/5408/5408 5410/5410/5410 
f 5411/5411/5411 5412/5412/5412 5413/5413/5413 
f 5413/5413/5413 5412/5412/5412 5414/5414/5414 
f 5415/5415/5415 5416/5416/5416 5417/5417/5417 
f 5417/5417/5417 5416/5416/5416 5418/5418/5418 
f 5419/5419/5419 5420/5420/5420 5421/5421/5421 
f 5421/5421/5421 5420/5420/5420 5422/5422/5422 

g Part64

v -160.8 0.0811027 -76.9084 
v -160.8 0.0811027 -51.9085 
v -160.8 1.30609e-05 -76.9084 
v -160.8 1.30609e-05 -51.9085 
v -189.4 0.0811027 -51.9085 
v -160.8 0.0811027 -51.9085 
v -189.4 0.0811027 -76.9084 
v -160.8 0.0811027 -76.9084 
v -160.8 0.0811027 -51.9085 
v -189.4 0.0811027 -51.9085 
v -160.8 1.30609e-05 -51.9085 
v -189.4 1.30609e-05 -51.9085 
v -189.4 0.0811027 -51.9085 
v -189.4 0.0811027 -76.9084 
v -189.4 1.30609e-05 -51.9085 
v -189.4 1.30609e-05 -76.9084 
v -189.4 1.30609e-05 -76.9084 
v -160.8 1.30609e-05 -76.9084 
v -189.4 1.30609e-05 -51.9085 
v -160.8 1.30609e-05 -51.9085 
v -189.4 0.0811027 -76.9084 
v -160.8 0.0811027 -76.9084 
v -189.4 1.30609e-05 -76.9084 
v -160.8 1.30609e-05 -76.9084 

vn 1 0 0 
vn 1 0 0 
vn 1 0 0 
vn 1 0 0 
vn 0 1 0 
vn 0 1 0 
vn 0 1 0 
vn 0 1 0 
vn 0 0 1 
vn 0 0 1 
vn 0 0 1 
vn 0 0 1 
vn -1 0 0 
vn -1 0 0 
vn -1 0 0 
vn -1 0 0 
vn 0 -1 0 
vn 0 -1 0 
vn 0 -1 0 
vn 0 -1 0 
vn 0 0 -1 
vn 0 0 -1 
vn 0 0 -1 
vn 0 0 -1 

vt 6.46047 -1.19196 
vt 3.33547 -1.19196 
vt 6.46047 -1.20209 
vt 3.33547 -1.20209 
vt 6.91047 -1.19196 
vt 3.33547 -1.19196 
vt 6.91047 -4.31696 
vt 3.33547 -4.31696 
vt 6.91047 -1.19196 
vt 3.33547 -1.19196 
vt 6.91047 -1.20209 
vt 3.33547 -1.20209 
vt 6.46047 -1.19196 
vt 3.33547 -1.19196 
vt 6.46047 -1.20209 
vt 3.33547 -1.20209 
vt 6.91047 -1.19196 
vt 3.33547 -1.19196 
vt 6.91047 -4.31696 
vt 3.33547 -4.31696 
vt 6.91047 -1.19196 
vt 3.33547 -1.19196 
vt 6.91047 -1.20209 
vt 3.33547 -1.20209 

usemtl Part64Mtl

f 5423/5423/5423 5424/5424/5424 5425/5425/5425 
f 5425/5425/5425 5424/5424/5424 5426/5426/5426 
f 5427/5427/5427 5428/5428/5428 5429/5429/5429 
f 5429/5429/5429 5428/5428/5428 5430/5430/5430 
f 5431/5431/5431 5432/5432/5432 5433/5433/5433 
f 5433/5433/5433 5432/5432/5432 5434/5434/5434 
f 5435/5435/5435 5436/5436/5436 5437/5437/5437 
f 5437/5437/5437 5436/5436/5436 5438/5438/5438 
f 5439/5439/5439 5440/5440/5440 5441/5441/5441 
f 5441/5441/5441 5440/5440/5440 5442/5442/5442 
f 5443/5443/5443 5444/5444/5444 5445/5445/5445 
f 5445/5445/5445 5444/5444/5444 5446/5446/5446 

g Union1

v -182.6 5.59024 -77.2097 
v -182.6 5.59024 -77.276 
v -182.6 13.9902 -77.2097 
v -182.6 5.59024 -77.2097 
v -168.4 5.59024 -77.276 
v -182.6 5.59024 -77.276 
v -182.6 13.9902 -77.276 
v -182.6 13.9902 -77.2097 
v -168.4 13.9902 -77.276 
v -182.6 13.9902 -77.276 
v -182.6 5.59024 -77.276 
v -182.6 13.9902 -77.2097 
v -182.6 13.9902 -77.276 
v -168.4 13.9902 -77.2097 
v -182.6 5.59024 -77.2097 
v -168.4 5.59024 -77.2097 
v -168.4 5.59024 -77.276 
v -168.4 5.59024 -77.276 
v -168.4 5.59024 -77.2097 
v -168.4 13.9902 -77.276 
v -168.4 13.9902 -77.2097 
v -168.4 13.9902 -77.276 
v -168.4 13.9902 -77.2097 
v -168.4 5.59024 -77.2097 
v -182.8 5.39024 -77.2097 
v -182.8 14.1902 -77.344 
v -182.8 5.39024 -77.344 
v -182.8 5.39024 -77.2097 
v -182.8 5.39024 -77.344 
v -168.2 5.39024 -77.344 
v -182.6 5.59024 -77.2097 
v -182.6 13.9902 -77.2097 
v -182.8 5.39024 -77.2097 
v -168.2 5.39024 -77.2097 
v -182.6 5.59024 -77.2097 
v -182.8 14.1902 -77.344 
v -168.2 14.1902 -77.344 
v -182.8 5.39024 -77.344 
v -182.8 14.1902 -77.2097 
v -182.6 13.9902 -77.2097 
v -182.8 14.1902 -77.2097 
v -182.8 14.1902 -77.2097 
v -168.2 14.1902 -77.2097 
v -182.8 14.1902 -77.344 
v -182.6 13.9902 -77.2097 
v -168.4 13.9902 -77.2097 
v -168.2 5.39024 -77.344 
v -168.2 5.39024 -77.2097 
v -168.4 5.59024 -77.2097 
v -182.6 5.59024 -77.2097 
v -168.2 5.39024 -77.2097 
v -168.2 5.39024 -77.344 
v -168.2 14.1902 -77.2097 
v -168.4 5.59024 -77.2097 
v -168.2 14.1902 -77.2097 
v -168.2 14.1902 -77.344 
v -168.2 14.1902 -77.344 
v -168.4 13.9902 -77.2097 
v -168.4 13.9902 -77.2097 
v -168.4 5.59024 -77.2097 

vn 1 0 0 
vn 1 0 0 
vn 1 0 0 
vn 0 1 0 
vn 0 1 0 
vn 0 1 0 
vn 1 0 0 
vn 1 0 0 
vn 0 0 1 
vn 0 0 1 
vn 0 0 1 
vn 0 -1 0 
vn 0 -1 0 
vn 0 -1 0 
vn 0 1 0 
vn 0 1 0 
vn 0 0 1 
vn -1 0 0 
vn -1 0 0 
vn -1 0 0 
vn 0 -1 0 
vn 0 -1 0 
vn -1 0 0 
vn -1 0 0 
vn -1 0 0 
vn -1 0 0 
vn -1 0 0 
vn 0 -1 0 
vn 0 -1 0 
vn 0 -1 0 
vn 0 0 1 
vn 0 0 1 
vn 0 0 1 
vn 0 0 1 
vn 0 0 1 
vn 0 0 -1 
vn 0 0 -1 
vn 0 0 -1 
vn -1 0 0 
vn 0 0 1 
vn 0 0 1 
vn 0 1 0 
vn 0 1 0 
vn 0 1 0 
vn 0 0 1 
vn 0 0 1 
vn 0 0 -1 
vn 0 -1 0 
vn 0 0 1 
vn 0 0 1 
vn 1 0 0 
vn 1 0 0 
vn 1 0 0 
vn 0 0 1 
vn 0 0 1 
vn 0 1 0 
vn 1 0 0 
vn 0 0 1 
vn 0 0 1 
vn 0 0 1 

vt 6.93366 7.35617 
vt 6.94195 7.35617 
vt 6.93366 8.40617 
vt 7.82955 7.88956 
vt 6.05455 7.88127 
vt 7.82955 7.88127 
vt 6.94195 8.40617 
vt 6.93366 8.40617 
vt 7.82955 8.40617 
vt 6.05455 8.40617 
vt 6.05455 7.35617 
vt 6.05455 7.88956 
vt 6.05455 7.88127 
vt 7.82955 7.88956 
vt 7.82955 7.88956 
vt 6.05455 7.88956 
vt 7.82955 7.35617 
vt 6.94215 7.35617 
vt 6.95044 7.35617 
vt 6.94215 8.40617 
vt 7.82955 7.88956 
vt 7.82955 7.88127 
vt 6.95044 8.40617 
vt 6.95044 7.35617 
vt 6.95044 7.33117 
vt 6.93366 8.43117 
vt 6.93366 7.33117 
vt 6.02955 7.88956 
vt 6.02955 7.87277 
vt 7.85455 7.87277 
vt 6.05455 7.35617 
vt 6.05455 8.40617 
vt 6.02955 7.33117 
vt 7.85455 7.33117 
vt 6.05455 7.35617 
vt 7.85455 8.43117 
vt 6.02955 8.43117 
vt 7.85455 7.33117 
vt 6.95044 8.43117 
vt 6.05455 8.40617 
vt 6.02955 8.43117 
vt 7.85455 7.88956 
vt 6.02955 7.88956 
vt 7.85455 7.87277 
vt 6.05455 8.40617 
vt 7.82955 8.40617 
vt 6.02955 7.33117 
vt 7.85455 7.88956 
vt 7.82955 7.35617 
vt 6.05455 7.35617 
vt 6.93366 7.33117 
vt 6.95044 7.33117 
vt 6.93366 8.43117 
vt 7.82955 7.35617 
vt 7.85455 8.43117 
vt 6.02955 7.87277 
vt 6.95044 8.43117 
vt 7.82955 8.40617 
vt 7.82955 8.40617 
vt 7.82955 7.35617 

usemtl Union1Mtl

f 5447/5447/5447 5448/5448/5448 5449/5449/5449 
f 5450/5450/5450 5451/5451/5451 5452/5452/5452 
f 5453/5453/5453 5454/5454/5454 5448/5448/5448 
f 5455/5455/5455 5456/5456/5456 5457/5457/5457 
f 5458/5458/5458 5459/5459/5459 5460/5460/5460 
f 5461/5461/5461 5462/5462/5462 5451/5451/5451 
f 5457/5457/5457 5463/5463/5463 5455/5455/5455 
f 5464/5464/5464 5465/5465/5465 5466/5466/5466 
f 5467/5467/5467 5459/5459/5459 5468/5468/5468 
f 5469/5469/5469 5466/5466/5466 5470/5470/5470 
f 5471/5471/5471 5472/5472/5472 5473/5473/5473 
f 5474/5474/5474 5475/5475/5475 5476/5476/5476 
f 5477/5477/5477 5478/5478/5478 5479/5479/5479 
f 5479/5479/5479 5480/5480/5480 5481/5481/5481 
f 5482/5482/5482 5483/5483/5483 5484/5484/5484 
f 5472/5472/5472 5471/5471/5471 5485/5485/5485 
f 5486/5486/5486 5487/5487/5487 5479/5479/5479 
f 5488/5488/5488 5489/5489/5489 5490/5490/5490 
f 5491/5491/5491 5492/5492/5492 5487/5487/5487 
f 5493/5493/5493 5484/5484/5484 5483/5483/5483 
f 5494/5494/5494 5474/5474/5474 5476/5476/5476 
f 5495/5495/5495 5496/5496/5496 5480/5480/5480 
f 5497/5497/5497 5498/5498/5498 5499/5499/5499 
f 5500/5500/5500 5480/5480/5480 5501/5501/5501 
f 5502/5502/5502 5490/5490/5490 5489/5489/5489 
f 5499/5499/5499 5498/5498/5498 5503/5503/5503 
f 5501/5501/5501 5487/5487/5487 5504/5504/5504 
f 5505/5505/5505 5506/5506/5506 5501/5501/5501 

g Part65

v -168.4 13.9902 -77.3007 
v -168.4 13.9902 -77.2715 
v -168.4 5.59024 -77.3007 
v -168.4 5.59024 -77.2715 
v -182.6 13.9902 -77.2715 
v -168.4 13.9902 -77.2715 
v -182.6 13.9902 -77.3007 
v -168.4 13.9902 -77.3007 
v -168.4 13.9902 -77.2715 
v -182.6 13.9902 -77.2715 
v -168.4 5.59024 -77.2715 
v -182.6 5.59024 -77.2715 
v -182.6 13.9902 -77.2715 
v -182.6 13.9902 -77.3007 
v -182.6 5.59024 -77.2715 
v -182.6 5.59024 -77.3007 
v -182.6 5.59024 -77.3007 
v -168.4 5.59024 -77.3007 
v -182.6 5.59024 -77.2715 
v -168.4 5.59024 -77.2715 
v -182.6 13.9902 -77.3007 
v -168.4 13.9902 -77.3007 
v -182.6 5.59024 -77.3007 
v -168.4 5.59024 -77.3007 

vn 1 0 0 
vn 1 0 0 
vn 1 0 0 
vn 1 0 0 
vn 0 1 0 
vn 0 1 0 
vn 0 1 0 
vn 0 1 0 
vn 0 0 1 
vn 0 0 1 
vn 0 0 1 
vn 0 0 1 
vn -1 0 0 
vn -1 0 0 
vn -1 0 0 
vn -1 0 0 
vn 0 -1 0 
vn 0 -1 0 
vn 0 -1 0 
vn 0 -1 0 
vn 0 0 -1 
vn 0 0 -1 
vn 0 0 -1 
vn 0 0 -1 

vt 5.25365 1 
vt 5.25 1 
vt 5.25365 -0.0500001 
vt 5.25 -0.0500001 
vt 7.025 1 
vt 5.25 1 
vt 7.025 0.996349 
vt 5.25 0.996349 
vt 7.025 1 
vt 5.25 1 
vt 7.025 -0.0500001 
vt 5.25 -0.0500001 
vt 5.25365 1 
vt 5.25 1 
vt 5.25365 -0.0500001 
vt 5.25 -0.0500001 
vt 7.025 1 
vt 5.25 1 
vt 7.025 0.996349 
vt 5.25 0.996349 
vt 7.025 1 
vt 5.25 1 
vt 7.025 -0.0500001 
vt 5.25 -0.0500001 

usemtl Part65Mtl

f 5507/5507/5507 5508/5508/5508 5509/5509/5509 
f 5509/5509/5509 5508/5508/5508 5510/5510/5510 
f 5511/5511/5511 5512/5512/5512 5513/5513/5513 
f 5513/5513/5513 5512/5512/5512 5514/5514/5514 
f 5515/5515/5515 5516/5516/5516 5517/5517/5517 
f 5517/5517/5517 5516/5516/5516 5518/5518/5518 
f 5519/5519/5519 5520/5520/5520 5521/5521/5521 
f 5521/5521/5521 5520/5520/5520 5522/5522/5522 
f 5523/5523/5523 5524/5524/5524 5525/5525/5525 
f 5525/5525/5525 5524/5524/5524 5526/5526/5526 
f 5527/5527/5527 5528/5528/5528 5529/5529/5529 
f 5529/5529/5529 5528/5528/5528 5530/5530/5530 

g Part66

v -168.4 13.9902 -77.2515 
v -182.6 13.9902 -77.2515 
v -168.4 5.59024 -77.2515 
v -182.6 5.59024 -77.2515 

vn 0 0 1 
vn 0 0 1 
vn 0 0 1 
vn 0 0 1 

vt 1 1 
vt 0 1 
vt 1 0 
vt 0 0 

usemtl Part66Mtl

f 5531/5531/5531 5532/5532/5532 5533/5533/5533 
f 5533/5533/5533 5532/5532/5532 5534/5534/5534 

g Part67

v -173.991 5.46331 -65.423 
v -173.991 5.46331 -65.3867 
v -173.991 4.46331 -65.423 
v -173.991 4.46331 -65.3867 
v -176.238 5.46331 -65.3867 
v -173.991 5.46331 -65.3867 
v -176.238 5.46331 -65.423 
v -173.991 5.46331 -65.423 
v -173.991 5.46331 -65.3867 
v -176.238 5.46331 -65.3867 
v -173.991 4.46331 -65.3867 
v -176.238 4.46331 -65.3867 
v -176.238 5.46331 -65.3867 
v -176.238 5.46331 -65.423 
v -176.238 4.46331 -65.3867 
v -176.238 4.46331 -65.423 
v -176.238 4.46331 -65.423 
v -173.991 4.46331 -65.423 
v -176.238 4.46331 -65.3867 
v -173.991 4.46331 -65.3867 
v -176.238 5.46331 -65.423 
v -173.991 5.46331 -65.423 
v -176.238 4.46331 -65.423 
v -173.991 4.46331 -65.423 

vn 1 0 0 
vn 1 0 0 
vn 1 0 0 
vn 1 0 0 
vn 0 1 0 
vn 0 1 0 
vn 0 1 0 
vn 0 1 0 
vn 0 0 1 
vn 0 0 1 
vn 0 0 1 
vn 0 0 1 
vn -1 0 0 
vn -1 0 0 
vn -1 0 0 
vn -1 0 0 
vn 0 -1 0 
vn 0 -1 0 
vn 0 -1 0 
vn 0 -1 0 
vn 0 0 -1 
vn 0 0 -1 
vn 0 0 -1 
vn 0 0 -1 

vt 1.25453 -6.5 
vt 1.25 -6.5 
vt 1.25453 -6.625 
vt 1.25 -6.625 
vt 1.5308 -6.5 
vt 1.25 -6.5 
vt 1.5308 -6.50453 
vt 1.25 -6.50453 
vt 1.5308 -6.5 
vt 1.25 -6.5 
vt 1.5308 -6.625 
vt 1.25 -6.625 
vt 1.25453 -6.5 
vt 1.25 -6.5 
vt 1.25453 -6.625 
vt 1.25 -6.625 
vt 1.5308 -6.5 
vt 1.25 -6.5 
vt 1.5308 -6.50453 
vt 1.25 -6.50453 
vt 1.5308 -6.5 
vt 1.25 -6.5 
vt 1.5308 -6.625 
vt 1.25 -6.625 

usemtl Part65Mtl

f 5535/5535/5535 5536/5536/5536 5537/5537/5537 
f 5537/5537/5537 5536/5536/5536 5538/5538/5538 
f 5539/5539/5539 5540/5540/5540 5541/5541/5541 
f 5541/5541/5541 5540/5540/5540 5542/5542/5542 
f 5543/5543/5543 5544/5544/5544 5545/5545/5545 
f 5545/5545/5545 5544/5544/5544 5546/5546/5546 
f 5547/5547/5547 5548/5548/5548 5549/5549/5549 
f 5549/5549/5549 5548/5548/5548 5550/5550/5550 
f 5551/5551/5551 5552/5552/5552 5553/5553/5553 
f 5553/5553/5553 5552/5552/5552 5554/5554/5554 
f 5555/5555/5555 5556/5556/5556 5557/5557/5557 
f 5557/5557/5557 5556/5556/5556 5558/5558/5558 

g Part68

v -173.991 5.46331 -65.3667 
v -176.238 5.46331 -65.3667 
v -173.991 4.46331 -65.3667 
v -176.238 4.46331 -65.3667 

vn 0 0 1 
vn 0 0 1 
vn 0 0 1 
vn 0 0 1 

vt 7.02322 -1 
vt 5.9 -1 
vt 7.02322 -1.5 
vt 5.9 -1.5 

usemtl Part68Mtl

f 5559/5559/5559 5560/5560/5560 5561/5561/5561 
f 5561/5561/5561 5560/5560/5560 5562/5562/5562 

g Part69

v -160.8 18.1805 -77.7084 
v -160.8 18.1805 -77.3084 
v -160.8 3.39024 -77.7084 
v -160.8 3.39024 -77.3084 
v -189.4 18.1805 -77.3084 
v -160.8 18.1805 -77.3084 
v -189.4 18.1805 -77.7084 
v -160.8 18.1805 -77.7084 
v -160.8 18.1805 -77.3084 
v -189.4 18.1805 -77.3084 
v -160.8 3.39024 -77.3084 
v -189.4 3.39024 -77.3084 
v -189.4 18.1805 -77.3084 
v -189.4 18.1805 -77.7084 
v -189.4 3.39024 -77.3084 
v -189.4 3.39024 -77.7084 
v -189.4 3.39024 -77.7084 
v -160.8 3.39024 -77.7084 
v -189.4 3.39024 -77.3084 
v -160.8 3.39024 -77.3084 
v -189.4 18.1805 -77.7084 
v -160.8 18.1805 -77.7084 
v -189.4 3.39024 -77.7084 
v -160.8 3.39024 -77.7084 

vn 1 0 0 
vn 1 0 0 
vn 1 0 0 
vn 1 0 0 
vn 0 1 0 
vn 0 1 0 
vn 0 1 0 
vn 0 1 0 
vn 0 0 1 
vn 0 0 1 
vn 0 0 1 
vn 0 0 1 
vn -1 0 0 
vn -1 0 0 
vn -1 0 0 
vn -1 0 0 
vn 0 -1 0 
vn 0 -1 0 
vn 0 -1 0 
vn 0 -1 0 
vn 0 0 -1 
vn 0 0 -1 
vn 0 0 -1 
vn 0 0 -1 

vt 1.99163 -1.4514 
vt 1.94163 -1.4514 
vt 1.99163 -3.30018 
vt 1.94163 -3.30018 
vt 5.51662 -1.4514 
vt 1.94163 -1.4514 
vt 5.51662 -1.5014 
vt 1.94163 -1.5014 
vt 5.51662 -1.4514 
vt 1.94163 -1.4514 
vt 5.51662 -3.30018 
vt 1.94163 -3.30018 
vt 1.99163 -1.4514 
vt 1.94163 -1.4514 
vt 1.99163 -3.30018 
vt 1.94163 -3.30018 
vt 5.51662 -1.4514 
vt 1.94163 -1.4514 
vt 5.51662 -1.5014 
vt 1.94163 -1.5014 
vt 5.51662 -1.4514 
vt 1.94163 -1.4514 
vt 5.51662 -3.30018 
vt 1.94163 -3.30018 

usemtl Part69Mtl

f 5563/5563/5563 5564/5564/5564 5565/5565/5565 
f 5565/5565/5565 5564/5564/5564 5566/5566/5566 
f 5567/5567/5567 5568/5568/5568 5569/5569/5569 
f 5569/5569/5569 5568/5568/5568 5570/5570/5570 
f 5571/5571/5571 5572/5572/5572 5573/5573/5573 
f 5573/5573/5573 5572/5572/5572 5574/5574/5574 
f 5575/5575/5575 5576/5576/5576 5577/5577/5577 
f 5577/5577/5577 5576/5576/5576 5578/5578/5578 
f 5579/5579/5579 5580/5580/5580 5581/5581/5581 
f 5581/5581/5581 5580/5580/5580 5582/5582/5582 
f 5583/5583/5583 5584/5584/5584 5585/5585/5585 
f 5585/5585/5585 5584/5584/5584 5586/5586/5586 

g Part70

v -160.8 3.39023 -77.735 
v -160.8 3.39023 -77.2396 
v -160.8 3.10537 -77.735 
v -160.8 3.10537 -77.2396 
v -189.4 3.39023 -77.2396 
v -160.8 3.39023 -77.2396 
v -189.4 3.39023 -77.735 
v -160.8 3.39023 -77.735 
v -160.8 3.39023 -77.2396 
v -189.4 3.39023 -77.2396 
v -160.8 3.10537 -77.2396 
v -189.4 3.10537 -77.2396 
v -189.4 3.39023 -77.2396 
v -189.4 3.39023 -77.735 
v -189.4 3.10537 -77.2396 
v -189.4 3.10537 -77.735 
v -189.4 3.10537 -77.735 
v -160.8 3.10537 -77.735 
v -189.4 3.10537 -77.2396 
v -160.8 3.10537 -77.2396 
v -189.4 3.39023 -77.735 
v -160.8 3.39023 -77.735 
v -189.4 3.10537 -77.735 
v -160.8 3.10537 -77.735 

vn 1 0 0 
vn 1 0 0 
vn 1 0 0 
vn 1 0 0 
vn 0 1 0 
vn 0 1 0 
vn 0 1 0 
vn 0 1 0 
vn 0 0 1 
vn 0 0 1 
vn 0 0 1 
vn 0 0 1 
vn -1 0 0 
vn -1 0 0 
vn -1 0 0 
vn -1 0 0 
vn 0 -1 0 
vn 0 -1 0 
vn 0 -1 0 
vn 0 -1 0 
vn 0 0 -1 
vn 0 0 -1 
vn 0 0 -1 
vn 0 0 -1 

vt -0.392819 1.16538 
vt -0.454739 1.16538 
vt -0.392819 1.12978 
vt -0.454739 1.12978 
vt 3.12025 1.16538 
vt -0.454739 1.16538 
vt 3.12025 1.10346 
vt -0.454739 1.10346 
vt 3.12025 1.16538 
vt -0.454739 1.16538 
vt 3.12025 1.12978 
vt -0.454739 1.12978 
vt -0.392819 1.16538 
vt -0.454739 1.16538 
vt -0.392819 1.12978 
vt -0.454739 1.12978 
vt 3.12025 1.16538 
vt -0.454739 1.16538 
vt 3.12025 1.10346 
vt -0.454739 1.10346 
vt 3.12025 1.16538 
vt -0.454739 1.16538 
vt 3.12025 1.12978 
vt -0.454739 1.12978 

usemtl Part1Mtl

f 5587/5587/5587 5588/5588/5588 5589/5589/5589 
f 5589/5589/5589 5588/5588/5588 5590/5590/5590 
f 5591/5591/5591 5592/5592/5592 5593/5593/5593 
f 5593/5593/5593 5592/5592/5592 5594/5594/5594 
f 5595/5595/5595 5596/5596/5596 5597/5597/5597 
f 5597/5597/5597 5596/5596/5596 5598/5598/5598 
f 5599/5599/5599 5600/5600/5600 5601/5601/5601 
f 5601/5601/5601 5600/5600/5600 5602/5602/5602 
f 5603/5603/5603 5604/5604/5604 5605/5605/5605 
f 5605/5605/5605 5604/5604/5604 5606/5606/5606 
f 5607/5607/5607 5608/5608/5608 5609/5609/5609 
f 5609/5609/5609 5608/5608/5608 5610/5610/5610 

